Date,Time,Open,High,Low,Close,Volume
2024.01.01,00:00,42283.58,42554.57,42261.02,42475.23,1271
2024.01.01,01:00,42475.23,42775.0,42431.65,42613.56,1196
2024.01.01,02:00,42613.57,42638.41,42500.0,42581.1,685
2024.01.01,03:00,42581.09,42586.64,42230.08,42330.49,794
2024.01.01,04:00,42330.5,42399.99,42209.46,42399.99,715
2024.01.01,05:00,42399.98,42406.0,42180.77,42234.01,736
2024.01.01,06:00,42234.01,42424.82,42208.68,42396.69,601
2024.01.01,07:00,42396.69,42500.0,42396.68,42492.46,653
2024.01.01,08:00,42492.46,42556.5,42452.58,42549.99,427
2024.01.01,09:00,42550.0,42699.32,42537.18,42649.69,879
2024.01.01,10:00,42649.69,42749.36,42628.0,42691.1,856
2024.01.01,11:00,42691.1,42762.39,42605.21,42690.2,785
2024.01.01,12:00,42690.21,42780.0,42611.45,42648.38,785
2024.01.01,13:00,42648.37,42748.0,42612.76,42715.54,497
2024.01.01,14:00,42715.54,42715.55,42580.0,42612.24,711
2024.01.01,15:00,42612.24,42847.07,42586.51,42783.05,942
2024.01.01,16:00,42783.05,42856.0,42664.42,42725.15,918
2024.01.01,17:00,42725.15,42824.9,42704.42,42812.7,677
2024.01.01,18:00,42812.71,43208.86,42812.7,43111.1,2143
2024.01.01,19:00,43111.1,43550.0,43103.64,43517.99,1947
2024.01.01,20:00,43517.98,43829.99,43510.71,43687.86,2905
2024.01.01,21:00,43687.85,43792.59,43480.76,43619.21,1541
2024.01.01,22:00,43619.22,43661.1,43361.6,43529.93,1024
2024.01.01,23:00,43529.94,44184.1,43529.93,44179.55,3475
2024.01.02,00:00,44179.55,45200.0,44148.34,45056.0,6986
2024.01.02,01:00,45056.0,45372.79,44686.0,44855.96,4397
2024.01.02,02:00,44855.96,45381.42,44855.95,45378.96,3016
2024.01.02,03:00,45378.96,45500.0,45131.1,45402.38,2693
2024.01.02,04:00,45402.38,45468.99,45170.0,45179.8,2268
2024.01.02,05:00,45179.8,45324.72,45121.96,45179.48,1617
2024.01.02,06:00,45179.48,45308.15,45130.0,45168.75,1390
2024.01.02,07:00,45168.75,45643.75,45168.74,45455.53,3112
2024.01.02,08:00,45455.52,45852.93,45326.6,45759.3,3323
2024.01.02,09:00,45759.3,45879.63,45631.1,45673.48,2096
2024.01.02,10:00,45673.48,45711.1,45431.52,45584.99,2069
2024.01.02,11:00,45585.0,45698.67,45200.0,45433.99,2538
2024.01.02,12:00,45433.99,45589.68,45271.04,45301.99,2128
2024.01.02,13:00,45302.0,45705.8,45264.39,45637.93,2253
2024.01.02,14:00,45637.92,45800.0,44970.0,45258.73,4553
2024.01.02,15:00,45258.73,45349.98,44833.33,45184.82,4301
2024.01.02,16:00,45184.83,45399.84,44890.11,45357.84,3052
2024.01.02,17:00,45357.84,45382.08,44950.48,44966.15,2540
2024.01.02,18:00,44966.16,45271.2,44944.0,45154.69,1806
2024.01.02,19:00,45154.7,45243.0,44790.96,45039.49,2347
2024.01.02,20:00,45039.49,45180.55,44742.96,44788.28,1940
2024.01.02,21:00,44788.27,45119.76,44600.0,45119.74,2043
2024.01.02,22:00,45119.74,45297.26,44840.01,44981.73,1591
2024.01.02,23:00,44981.72,45049.98,44802.01,44946.91,1080
2024.01.03,00:00,44946.91,45212.57,44862.11,45135.61,1410
2024.01.03,01:00,45135.61,45329.83,45102.72,45317.58,1166
2024.01.03,02:00,45317.58,45410.91,45211.73,45274.57,1434
2024.01.03,03:00,45274.57,45310.0,45151.91,45262.69,739
2024.01.03,04:00,45262.7,45272.16,45115.59,45183.45,796
2024.01.03,05:00,45183.45,45294.11,45118.91,45172.13,849
2024.01.03,06:00,45172.12,45363.19,45160.0,45326.93,1264
2024.01.03,07:00,45326.92,45384.84,44940.93,45011.77,1780
2024.01.03,08:00,45011.77,45200.0,45001.1,45200.0,1462
2024.01.03,09:00,45200.0,45500.0,45185.39,45344.67,2006
2024.01.03,10:00,45344.66,45398.37,45045.95,45151.91,1918
2024.01.03,11:00,45151.91,45174.07,43500.0,43702.88,7849
2024.01.03,12:00,43702.89,43716.0,40750.0,42789.38,20155
2024.01.03,13:00,42789.39,42820.92,42310.0,42529.4,5587
2024.01.03,14:00,42529.4,42532.0,42050.0,42179.99,4566
2024.01.03,15:00,42180.0,43009.02,42175.14,43000.01,5175
2024.01.03,16:00,43000.01,43567.92,42773.34,42992.67,6973
2024.01.03,17:00,42992.68,43034.59,42600.0,42906.0,2945
2024.01.03,18:00,42906.0,43050.0,42000.0,42255.72,3314
2024.01.03,19:00,42255.72,43011.1,42161.1,42596.67,3662
2024.01.03,20:00,42596.66,42846.17,42518.7,42721.02,1931
2024.01.03,21:00,42721.02,42966.27,42581.1,42917.62,1692
2024.01.03,22:00,42917.61,42941.1,42596.24,42749.68,1385
2024.01.03,23:00,42749.69,42845.23,42591.09,42845.23,1125
2024.01.04,00:00,42845.23,42983.77,42754.0,42874.01,1619
2024.01.04,01:00,42874.0,42936.79,42613.77,42708.01,1337
2024.01.04,02:00,42708.01,43219.36,42690.02,43138.49,1256
2024.01.04,03:00,43138.5,43220.56,43002.15,43102.8,1274
2024.01.04,04:00,43102.79,43200.0,42955.5,43149.99,1080
2024.01.04,05:00,43149.99,43273.08,43072.7,43183.74,971
2024.01.04,06:00,43183.74,43232.95,43086.59,43155.46,989
2024.01.04,07:00,43155.46,43261.64,42756.97,42763.08,2402
2024.01.04,08:00,42763.08,42975.38,42699.83,42849.66,1650
2024.01.04,09:00,42849.67,43084.38,42849.66,43007.74,1411
2024.01.04,10:00,43007.73,43100.0,42616.28,43073.26,2250
2024.01.04,11:00,43073.26,43233.81,42927.33,43176.32,1433
2024.01.04,12:00,43176.33,43423.95,43097.06,43378.12,2238
2024.01.04,13:00,43378.11,43484.84,43167.27,43346.68,1658
2024.01.04,14:00,43346.67,43753.15,43250.0,43676.07,2649
2024.01.04,15:00,43676.07,44329.99,43608.0,44051.1,5051
2024.01.04,16:00,44051.1,44134.8,43777.86,43915.71,2764
2024.01.04,17:00,43915.7,44225.75,43827.69,43990.01,2510
2024.01.04,18:00,43990.01,44152.09,43881.31,44048.96,1520
2024.01.04,19:00,44048.95,44437.5,43910.01,43956.48,2603
2024.01.04,20:00,43956.48,44690.0,43890.9,44113.68,3043
2024.01.04,21:00,44113.68,44589.04,44113.67,44430.86,2538
2024.01.04,22:00,44430.86,44729.58,44150.64,44318.0,2470
2024.01.04,23:00,44318.01,44355.22,44050.0,44151.1,1308
2024.01.05,00:00,44151.1,44248.47,43950.84,44211.1,1764
2024.01.05,01:00,44211.1,44284.0,42450.0,43376.0,5302
2024.01.05,02:00,43376.0,43972.86,43302.0,43506.0,3111
2024.01.05,03:00,43506.01,43770.0,43409.79,43465.21,1543
2024.01.05,04:00,43465.21,43629.99,43187.89,43589.88,1790
2024.01.05,05:00,43589.87,43723.13,43507.48,43644.15,947
2024.01.05,06:00,43644.16,43926.0,43578.08,43844.82,1112
2024.01.05,07:00,43845.08,43926.0,43715.93,43777.47,1099
2024.01.05,08:00,43777.48,43947.99,43771.1,43911.44,989
2024.01.05,09:00,43911.44,44324.8,43911.44,44147.21,2628
2024.01.05,10:00,44147.22,44157.03,43433.0,43628.18,1876
2024.01.05,11:00,43628.19,43916.8,43605.36,43771.34,1560
2024.01.05,12:00,43771.34,44110.07,43616.0,43882.52,1865
2024.01.05,13:00,43882.52,44096.49,43721.06,43986.01,1994
2024.01.05,14:00,43986.01,44062.36,43100.0,43486.04,3583
2024.01.05,15:00,43488.21,43801.1,43355.54,43500.01,2600
2024.01.05,16:00,43500.01,43592.64,43220.0,43225.99,2401
2024.01.05,17:00,43225.99,43627.57,43100.46,43609.53,2540
2024.01.05,18:00,43609.52,43690.12,43418.0,43610.07,1274
2024.01.05,19:00,43610.08,43808.07,43520.15,43600.0,1243
2024.01.05,20:00,43600.0,44357.46,43599.99,43955.07,2500
2024.01.05,21:00,43955.07,43971.1,43580.51,43946.26,1609
2024.01.05,22:00,43946.26,44048.64,43764.42,43967.44,1024
2024.01.05,23:00,43967.44,44318.61,43967.44,44145.11,1709
2024.01.06,00:00,44145.12,44214.42,43975.0,44068.8,879
2024.01.06,01:00,44068.79,44094.4,43906.19,43970.64,857
2024.01.06,02:00,43970.65,44009.24,43823.06,43909.31,718
2024.01.06,03:00,43909.31,44018.57,43812.5,43931.1,668
2024.01.06,04:00,43931.1,43971.1,43832.0,43850.0,422
2024.01.06,05:00,43850.01,43871.1,43588.0,43698.72,1174
2024.01.06,06:00,43698.72,43700.34,43425.0,43454.7,1659
2024.01.06,07:00,43454.7,43668.02,43397.05,43653.2,986
2024.01.06,08:00,43653.2,43744.37,43551.28,43692.33,813
2024.01.06,09:00,43692.33,43756.0,43636.7,43651.9,562
2024.01.06,10:00,43651.9,43771.1,43584.0,43694.48,677
2024.01.06,11:00,43694.47,43705.23,43616.02,43671.96,396
2024.01.06,12:00,43671.97,43750.0,43527.27,43607.96,531
2024.01.06,13:00,43607.95,43740.27,43542.0,43704.07,473
2024.01.06,14:00,43704.08,43920.08,43703.41,43828.21,998
2024.01.06,15:00,43828.2,43898.0,43791.1,43867.17,606
2024.01.06,16:00,43867.17,43978.78,43828.5,43872.34,762
2024.01.06,17:00,43872.35,44000.0,43842.97,43963.72,618
2024.01.06,18:00,43963.73,44148.58,43884.04,43995.89,883
2024.01.06,19:00,43995.89,44017.46,43830.88,43906.36,706
2024.01.06,20:00,43906.35,43961.33,43611.19,43826.44,727
2024.01.06,21:00,43826.45,43935.21,43723.76,43889.43,583
2024.01.06,22:00,43889.43,43928.0,43740.0,43878.61,480
2024.01.06,23:00,43878.62,43980.0,43732.5,43968.32,646
2024.01.07,00:00,43968.32,44259.29,43915.56,44119.11,1359
2024.01.07,01:00,44119.11,44160.0,43963.89,43967.72,668
2024.01.07,02:00,43967.71,44089.1,43833.4,43930.28,741
2024.01.07,03:00,43930.28,44034.92,43904.18,43940.41,627
2024.01.07,04:00,43940.41,44035.9,43885.24,44000.0,545
2024.01.07,05:00,44000.01,44067.84,43843.52,43885.47,519
2024.01.07,06:00,43885.48,44088.01,43858.0,44022.0,705
2024.01.07,07:00,44021.99,44100.0,43991.1,44080.0,576
2024.01.07,08:00,44080.0,44167.81,44000.0,44017.99,866
2024.01.07,09:00,44018.0,44065.0,43880.65,43938.9,745
2024.01.07,10:00,43938.9,43996.0,43906.91,43960.0,673
2024.01.07,11:00,43960.0,44118.19,43959.1,44061.1,738
2024.01.07,12:00,44061.1,44139.43,43969.62,44088.63,637
2024.01.07,13:00,44088.63,44449.98,44082.66,44409.31,2234
2024.01.07,14:00,44409.31,44480.59,44277.12,44402.0,1427
2024.01.07,15:00,44402.0,44431.1,43945.15,44047.57,1672
2024.01.07,16:00,44047.57,44185.0,43857.14,43922.0,1260
2024.01.07,17:00,43922.0,44110.15,43700.0,44064.84,1223
2024.01.07,18:00,44064.83,44176.04,44035.25,44106.11,546
2024.01.07,19:00,44106.11,44262.53,44041.27,44244.77,560
2024.01.07,20:00,44244.77,44269.92,44120.0,44120.01,527
2024.01.07,21:00,44120.01,44249.0,44110.45,44231.53,551
2024.01.07,22:00,44231.53,44231.54,43778.13,43862.85,1399
2024.01.07,23:00,43862.85,44024.99,43572.09,43929.02,2212
2024.01.08,00:00,43929.01,43986.0,43625.18,43632.0,1712
2024.01.08,01:00,43632.0,43809.18,43610.25,43713.06,1111
2024.01.08,02:00,43713.07,43800.07,43175.0,43371.09,2425
2024.01.08,03:00,43371.09,43568.85,43225.0,43518.2,2122
2024.01.08,04:00,43518.2,43610.68,43430.79,43599.26,1115
2024.01.08,05:00,43599.26,43650.0,43475.0,43641.74,1134
2024.01.08,06:00,43641.74,44341.8,43584.87,43912.87,3381
2024.01.08,07:00,43912.88,44074.99,43784.86,43974.55,1527
2024.01.08,08:00,43974.55,44069.41,43851.1,43868.53,829
2024.01.08,09:00,43868.53,43920.14,43641.73,43720.46,1124
2024.01.08,10:00,43720.45,44128.19,43689.26,44088.85,1256
2024.01.08,11:00,44088.86,44688.0,43950.0,44635.99,3426
2024.01.08,12:00,44636.0,45200.0,44350.0,45111.09,7517
2024.01.08,13:00,45111.1,45179.14,44807.56,44911.58,3323
2024.01.08,14:00,44911.58,45090.0,44724.37,44783.91,2288
2024.01.08,15:00,44783.9,45333.0,44667.22,44963.04,4083
2024.01.08,16:00,44963.04,45171.42,44793.97,44940.3,2531
2024.01.08,17:00,44940.31,45668.88,44903.86,45648.0,4294
2024.01.08,18:00,45648.01,46995.0,45648.0,46970.01,10702
2024.01.08,19:00,46970.02,47248.99,46540.01,46979.35,6934
2024.01.08,20:00,46979.36,47143.15,46709.92,46774.01,3446
2024.01.08,21:00,46774.01,47207.16,46653.84,47071.41,2789
2024.01.08,22:00,47071.41,47120.0,46799.18,46999.99,1797
2024.01.08,23:00,47000.0,47100.0,46833.88,46951.04,1940
2024.01.09,00:00,46951.04,47150.0,46230.0,46668.88,4454
2024.01.09,01:00,46668.87,46786.83,46288.0,46556.62,2579
2024.01.09,02:00,46556.62,46785.22,46483.83,46779.81,1420
2024.01.09,03:00,46779.82,46974.42,46750.92,46926.96,1647
2024.01.09,04:00,46926.96,46940.0,46670.91,46803.54,1286
2024.01.09,05:00,46803.54,46858.0,46599.43,46714.67,1293
2024.01.09,06:00,46714.66,46838.4,46665.84,46788.01,911
2024.01.09,07:00,46788.02,46931.7,46735.18,46825.51,1215
2024.01.09,08:00,46825.52,46874.94,46510.0,46544.65,1331
2024.01.09,09:00,46544.65,46694.61,46407.9,46491.99,1571
2024.01.09,10:00,46491.99,46680.0,46381.1,46441.89,1685
2024.01.09,11:00,46441.88,46644.0,46426.2,46615.99,1430
2024.01.09,12:00,46616.0,47000.0,45450.0,46166.35,4416
2024.01.09,13:00,46166.36,47051.21,46055.51,46834.0,5041
2024.01.09,14:00,46834.01,47007.83,46498.93,46561.1,2999
2024.01.09,15:00,46561.11,47010.0,46429.31,46868.09,3353
2024.01.09,16:00,46868.08,46975.0,46719.69,46902.88,1950
2024.01.09,17:00,46902.89,46919.99,46632.01,46715.99,1744
2024.01.09,18:00,46716.0,46731.1,46500.0,46640.5,2182
2024.01.09,19:00,46640.5,46890.0,46573.92,46876.01,1433
2024.01.09,20:00,46876.0,46930.74,46591.6,46642.54,1427
2024.01.09,21:00,46642.53,47972.0,44748.67,45439.44,17027
2024.01.09,22:00,45439.44,46261.09,45295.19,46254.0,4757
2024.01.09,23:00,46254.0,46254.01,45924.0,46110.0,2764
2024.01.10,00:00,46110.0,46249.14,45788.85,45856.42,2839
2024.01.10,01:00,45856.41,45960.0,45622.0,45929.3,2013
2024.01.10,02:00,45929.3,46082.87,45882.41,45971.09,1108
2024.01.10,03:00,45971.1,46211.95,45922.86,46117.1,1002
2024.01.10,04:00,46117.1,46186.0,45944.82,45960.98,1131
2024.01.10,05:00,45960.97,46027.08,45890.58,45975.99,1082
2024.01.10,06:00,45975.99,46065.85,45875.28,46006.0,847
2024.01.10,07:00,46006.0,46023.4,45734.56,45757.98,1379
2024.01.10,08:00,45757.98,45861.1,45320.53,45329.94,2517
2024.01.10,09:00,45329.94,45700.0,45321.99,45661.42,2388
2024.01.10,10:00,45661.43,45731.1,45532.0,45532.0,1101
2024.01.10,11:00,45532.01,45659.42,45000.0,45515.89,2363
2024.01.10,12:00,45515.88,45662.01,44363.93,44670.53,5540
2024.01.10,13:00,44670.54,45393.99,44300.36,45118.01,4518
2024.01.10,14:00,45118.0,45404.89,44820.35,44884.0,3293
2024.01.10,15:00,44884.01,45630.7,44800.0,45546.4,4166
2024.01.10,16:00,45546.39,45708.31,45173.97,45311.1,3383
2024.01.10,17:00,45311.09,46449.0,45227.01,46401.89,5565
2024.01.10,18:00,46401.88,46633.86,45840.0,46527.33,4249
2024.01.10,19:00,46527.32,46666.0,46043.69,46489.18,4609
2024.01.10,20:00,46489.19,46504.92,44800.0,46127.0,10674
2024.01.10,21:00,46127.0,46301.04,45080.0,45946.0,8142
2024.01.10,22:00,45946.0,46948.98,45760.45,46902.69,6635
2024.01.10,23:00,46902.69,47695.93,46381.86,46653.99,9353
2024.01.11,00:00,46654.0,46721.37,46296.46,46670.01,2859
2024.01.11,01:00,46670.01,46750.0,46468.33,46506.94,1772
2024.01.11,02:00,46506.93,46622.39,46500.0,46559.0,1242
2024.01.11,03:00,46559.0,46590.81,46200.0,46502.16,2090
2024.01.11,04:00,46502.17,46507.08,46304.96,46400.01,1666
2024.01.11,05:00,46400.01,46417.33,45896.23,46070.0,2132
2024.01.11,06:00,46070.0,46091.53,45618.1,45907.3,2234
2024.01.11,07:00,45907.29,46166.99,45881.1,46101.4,1518
2024.01.11,08:00,46101.4,46318.1,46052.0,46277.0,1468
2024.01.11,09:00,46277.0,46354.0,46211.94,46220.12,1341
2024.01.11,10:00,46220.12,46860.0,46210.0,46859.91,2559
2024.01.11,11:00,46859.9,47150.0,46705.97,47060.0,3169
2024.01.11,12:00,47059.99,47464.87,46941.1,47449.63,3177
2024.01.11,13:00,47449.64,47449.64,46762.86,47325.2,4404
2024.01.11,14:00,47325.21,48969.48,47215.0,48571.22,15868
2024.01.11,15:00,48571.21,48657.98,46463.19,46783.78,12867
2024.01.11,16:00,46783.77,47022.07,45788.0,46007.29,9918
2024.01.11,17:00,46007.29,46550.0,45606.06,46497.14,4932
2024.01.11,18:00,46497.14,46644.72,46259.09,46609.99,2426
2024.01.11,19:00,46610.0,46735.29,46283.14,46692.3,1894
2024.01.11,20:00,46692.29,46975.0,46120.0,46241.92,4521
2024.01.11,21:00,46241.91,46450.0,46120.03,46156.01,1507
2024.01.11,22:00,46156.0,46430.21,46084.69,46399.99,968
2024.01.11,23:00,46399.99,46491.93,46296.37,46339.16,926
2024.01.12,00:00,46339.16,46515.53,46012.8,46293.43,1773
2024.01.12,01:00,46293.42,46327.81,45898.0,46135.48,1400
2024.01.12,02:00,46135.48,46250.0,45996.01,46144.01,998
2024.01.12,03:00,46144.01,46184.57,45922.01,45994.0,1204
2024.01.12,04:00,45994.01,46110.0,45858.0,45956.34,1377
2024.01.12,05:00,45956.34,46209.98,45898.0,46194.01,1141
2024.01.12,06:00,46194.01,46366.0,46100.82,46100.85,1062
2024.01.12,07:00,46100.85,46144.45,45742.49,46008.19,2184
2024.01.12,08:00,46008.19,46008.19,45632.0,45860.01,1397
2024.01.12,09:00,45860.0,46076.34,45537.37,45925.92,2131
2024.01.12,10:00,45925.93,46133.33,45841.1,46063.62,1532
2024.01.12,11:00,46063.62,46267.0,45941.61,45954.35,1976
2024.01.12,12:00,45954.35,46109.0,45667.47,45866.56,1852
2024.01.12,13:00,45866.57,45944.12,45573.44,45779.02,2155
2024.01.12,14:00,45779.02,45904.66,45250.01,45442.02,5702
2024.01.12,15:00,45442.01,45459.28,44333.44,44462.01,9485
2024.01.12,16:00,44462.0,44675.88,43212.0,43624.0,12653
2024.01.12,17:00,43623.99,43836.88,43278.0,43803.99,6405
2024.01.12,18:00,43803.98,43925.23,43250.0,43472.0,4482
2024.01.12,19:00,43472.0,43720.0,43274.68,43472.55,2846
2024.01.12,20:00,43472.56,43981.1,43401.64,43653.38,4898
2024.01.12,21:00,43653.39,43861.1,43213.73,43449.0,3001
2024.01.12,22:00,43450.01,43458.0,41500.0,42510.0,10954
2024.01.12,23:00,42509.99,42958.0,42481.1,42782.73,3706
2024.01.13,00:00,42782.74,42997.29,42766.45,42801.76,2784
2024.01.13,01:00,42801.76,42891.09,42514.89,42673.83,3059
2024.01.13,02:00,42673.83,42853.75,42525.16,42530.0,2279
2024.01.13,03:00,42530.0,42682.0,42436.12,42609.94,1822
2024.01.13,04:00,42609.94,42850.0,42555.84,42840.01,1425
2024.01.13,05:00,42840.02,43138.0,42769.63,43101.09,1760
2024.01.13,06:00,43101.09,43185.0,42950.64,43149.99,1692
2024.01.13,07:00,43149.99,43254.03,43064.83,43102.97,1359
2024.01.13,08:00,43102.97,43254.96,43063.72,43170.01,1167
2024.01.13,09:00,43170.01,43193.46,42819.31,42923.21,1671
2024.01.13,10:00,42923.2,42923.21,42627.63,42700.12,2039
2024.01.13,11:00,42700.13,42801.09,42509.11,42624.0,2083
2024.01.13,12:00,42624.01,42753.56,42505.0,42684.88,1343
2024.01.13,13:00,42684.88,42791.1,42601.1,42739.14,1075
2024.01.13,14:00,42739.15,42961.1,42640.01,42856.92,1828
2024.01.13,15:00,42856.92,43257.0,42856.1,43154.48,1815
2024.01.13,16:00,43154.48,43185.0,42780.71,42895.41,1641
2024.01.13,17:00,42895.41,42988.0,42769.38,42898.33,1001
2024.01.13,18:00,42898.95,42904.0,42724.39,42806.01,738
2024.01.13,19:00,42806.0,42996.64,42782.0,42786.25,799
2024.01.13,20:00,42786.25,42923.03,42699.52,42870.0,872
2024.01.13,21:00,42870.0,42976.15,42818.0,42963.44,640
2024.01.13,22:00,42963.45,43040.01,42886.0,42990.65,613
2024.01.13,23:00,42990.65,42996.08,42800.3,42847.99,601
2024.01.14,00:00,42847.99,42890.23,42664.0,42687.36,927
2024.01.14,01:00,42687.36,42839.86,42676.88,42769.19,615
2024.01.14,02:00,42769.18,42829.33,42657.58,42779.06,520
2024.01.14,03:00,42779.07,42804.78,42643.98,42681.82,705
2024.01.14,04:00,42681.82,42698.99,42562.56,42580.01,691
2024.01.14,05:00,42580.0,42815.17,42576.26,42749.99,519
2024.01.14,06:00,42749.99,42999.0,42749.99,42998.99,864
2024.01.14,07:00,42999.0,43060.0,42891.12,43011.44,960
2024.01.14,08:00,43011.44,43030.0,42888.0,42996.25,569
2024.01.14,09:00,42996.26,43079.0,42818.34,43052.41,775
2024.01.14,10:00,43052.41,43066.56,42865.9,42889.04,668
2024.01.14,11:00,42889.04,42938.75,42759.34,42829.99,870
2024.01.14,12:00,42829.99,42847.2,42710.0,42758.0,992
2024.01.14,13:00,42757.99,42921.1,42735.75,42891.69,622
2024.01.14,14:00,42891.68,43005.25,42790.0,42811.99,1144
2024.01.14,15:00,42811.99,42967.97,42804.01,42904.38,875
2024.01.14,16:00,42904.39,42965.0,42856.72,42929.95,1007
2024.01.14,17:00,42929.94,43010.84,42877.77,42973.27,941
2024.01.14,18:00,42973.27,43003.99,42836.0,42900.01,687
2024.01.14,19:00,42900.01,42930.56,42632.59,42660.0,1388
2024.01.14,20:00,42660.0,42745.98,42183.68,42507.92,2883
2024.01.14,21:00,42507.91,42595.41,42000.0,42554.89,3242
2024.01.14,22:00,42554.89,42649.0,42073.87,42270.99,1609
2024.01.14,23:00,42271.0,42316.0,41720.0,41732.35,4142
2024.01.15,00:00,41732.35,42353.94,41718.05,42279.75,2433
2024.01.15,01:00,42279.76,42398.73,42176.28,42275.18,1404
2024.01.15,02:00,42275.17,42411.62,42194.12,42399.72,850
2024.01.15,03:00,42399.71,42640.0,42389.27,42565.99,1140
2024.01.15,04:00,42565.99,42634.0,42499.01,42591.77,1090
2024.01.15,05:00,42591.76,42824.68,42569.73,42739.85,1213
2024.01.15,06:00,42739.85,42797.06,42612.0,42651.1,985
2024.01.15,07:00,42651.09,42764.0,42513.14,42714.78,1093
2024.01.15,08:00,42714.78,42775.0,42641.1,42680.44,1082
2024.01.15,09:00,42680.43,42762.11,42585.86,42750.88,966
2024.01.15,10:00,42750.89,42761.1,42540.0,42565.26,916
2024.01.15,11:00,42565.25,42703.95,42542.0,42697.99,847
2024.01.15,12:00,42698.0,42715.99,42570.0,42663.79,1219
2024.01.15,13:00,42663.79,42958.03,42614.12,42852.54,1610
2024.01.15,14:00,42852.55,42868.53,42172.14,42199.0,3628
2024.01.15,15:00,42199.01,42473.99,42163.32,42278.99,2136
2024.01.15,16:00,42278.99,42549.0,42249.0,42522.61,1121
2024.01.15,17:00,42522.6,42779.78,42521.1,42696.58,1280
2024.01.15,18:00,42696.57,43400.43,42696.57,43015.82,7891
2024.01.15,19:00,43015.82,43133.8,42825.84,42992.67,2038
2024.01.15,20:00,42992.67,43114.45,42850.0,42960.0,1245
2024.01.15,21:00,42959.99,42960.0,42710.0,42716.0,920
2024.01.15,22:00,42716.0,42818.31,42342.18,42628.0,1850
2024.01.15,23:00,42628.0,42639.99,42474.0,42511.1,1301
2024.01.16,00:00,42511.1,42674.0,42466.88,42600.0,1007
2024.01.16,01:00,42600.01,42726.97,42555.0,42584.34,875
2024.01.16,02:00,42584.34,42732.45,42553.96,42710.0,967
2024.01.16,03:00,42710.0,42939.5,42702.0,42924.56,1175
2024.01.16,04:00,42924.57,42946.05,42755.33,42803.19,917
2024.01.16,05:00,42803.18,42931.33,42768.0,42773.82,814
2024.01.16,06:00,42773.82,42780.0,42646.89,42741.09,963
2024.01.16,07:00,42741.1,42791.14,42606.92,42791.13,952
2024.01.16,08:00,42791.14,43022.0,42720.06,43014.53,1421
2024.01.16,09:00,43014.53,43153.66,42896.41,42940.01,1762
2024.01.16,10:00,42940.01,42971.1,42851.45,42872.0,823
2024.01.16,11:00,42872.01,42945.54,42753.55,42900.54,841
2024.01.16,12:00,42900.55,43166.0,42857.32,43156.12,1134
2024.01.16,13:00,43156.11,43174.48,42700.0,42805.83,1752
2024.01.16,14:00,42805.83,42954.0,42050.0,42690.0,9514
2024.01.16,15:00,42690.0,43314.73,42543.01,43252.67,5566
2024.01.16,16:00,43252.45,43434.0,43011.1,43249.72,3535
2024.01.16,17:00,43249.72,43249.72,43031.0,43051.74,1495
2024.01.16,18:00,43051.74,43157.85,42834.29,43013.0,1537
2024.01.16,19:00,43013.0,43182.56,42949.0,43166.11,1155
2024.01.16,20:00,43166.1,43370.11,43060.69,43200.01,2329
2024.01.16,21:00,43200.01,43578.01,43185.01,43434.71,2305
2024.01.16,22:00,43434.71,43496.05,43202.0,43206.0,968
2024.01.16,23:00,43206.0,43286.0,43112.0,43137.95,1227
2024.01.17,00:00,43137.94,43175.99,43050.01,43092.0,938
2024.01.17,01:00,43092.0,43198.0,42960.64,42970.0,868
2024.01.17,02:00,42970.01,43061.1,42918.11,42997.25,1068
2024.01.17,03:00,42997.26,43025.71,42844.98,42849.0,836
2024.01.17,04:00,42849.0,42921.1,42781.49,42854.01,791
2024.01.17,05:00,42854.01,42925.49,42765.41,42783.39,661
2024.01.17,06:00,42783.39,42876.34,42766.0,42806.05,802
2024.01.17,07:00,42806.05,42851.1,42619.6,42655.94,1357
2024.01.17,08:00,42655.95,42747.65,42564.0,42728.76,1188
2024.01.17,09:00,42728.76,42830.0,42674.0,42678.57,938
2024.01.17,10:00,42678.56,42850.55,42622.36,42850.04,1193
2024.01.17,11:00,42850.05,42850.55,42672.95,42680.16,1093
2024.01.17,12:00,42680.16,42788.0,42411.0,42782.43,2445
2024.01.17,13:00,42782.42,42782.43,42518.0,42609.84,1305
2024.01.17,14:00,42609.83,42926.02,42365.58,42576.01,3407
2024.01.17,15:00,42576.02,42768.0,42472.85,42482.79,2383
2024.01.17,16:00,42482.8,42564.13,42250.31,42360.28,2301
2024.01.17,17:00,42360.29,42470.32,42200.69,42371.1,1419
2024.01.17,18:00,42371.1,42612.48,42278.98,42612.45,1471
2024.01.17,19:00,42612.46,42745.99,42555.22,42611.11,1041
2024.01.17,20:00,42611.1,42876.48,42559.29,42722.9,2990
2024.01.17,21:00,42722.9,42822.96,42603.2,42676.13,1125
2024.01.17,22:00,42676.14,42729.06,42450.0,42722.14,767
2024.01.17,23:00,42722.13,42792.48,42619.73,42776.1,869
2024.01.18,00:00,42776.09,42784.4,42617.31,42660.79,877
2024.01.18,01:00,42660.79,42713.92,42502.19,42584.62,814
2024.01.18,02:00,42584.61,42721.0,42584.12,42653.82,563
2024.01.18,03:00,42653.81,42676.75,42550.0,42592.05,522
2024.01.18,04:00,42592.04,42689.95,42589.0,42665.0,550
2024.01.18,05:00,42664.99,42784.99,42634.0,42772.87,797
2024.01.18,06:00,42772.86,42873.25,42759.13,42807.05,817
2024.01.18,07:00,42807.04,42922.0,42804.0,42915.33,1228
2024.01.18,08:00,42915.32,42930.0,42724.0,42742.0,870
2024.01.18,09:00,42742.0,42871.85,42709.61,42743.84,958
2024.01.18,10:00,42743.85,42779.27,42388.0,42447.66,1548
2024.01.18,11:00,42447.67,42551.1,42387.68,42544.59,1489
2024.01.18,12:00,42544.6,42547.39,42353.8,42433.44,1113
2024.01.18,13:00,42433.45,42657.16,42362.0,42508.0,1491
2024.01.18,14:00,42508.01,42742.0,42428.37,42738.7,1312
2024.01.18,15:00,42738.7,42810.0,42611.1,42619.32,1369
2024.01.18,16:00,42619.31,42619.32,41736.27,41948.99,4847
2024.01.18,17:00,41948.99,42178.39,41500.0,41816.71,4035
2024.01.18,18:00,41816.71,41916.07,41370.0,41508.95,3372
2024.01.18,19:00,41508.95,41601.52,40831.99,41022.32,5153
2024.01.18,20:00,41022.33,41315.8,40683.28,40835.6,4564
2024.01.18,21:00,40835.6,41266.0,40757.85,41124.0,2812
2024.01.18,22:00,41123.99,41366.99,41076.01,41354.67,1784
2024.01.18,23:00,41354.67,41361.0,41203.18,41327.5,1014
2024.01.19,00:00,41327.51,41370.99,41100.0,41290.5,1141
2024.01.19,01:00,41290.5,41333.46,41122.15,41270.0,1267
2024.01.19,02:00,41270.01,41303.89,41084.03,41119.44,1095
2024.01.19,03:00,41119.44,41147.58,40752.26,41055.87,2243
2024.01.19,04:00,41055.88,41225.0,41038.81,41098.53,893
2024.01.19,05:00,41098.53,41238.56,41062.72,41210.5,713
2024.01.19,06:00,41210.51,41522.41,41194.01,41474.0,1605
2024.01.19,07:00,41474.01,41576.0,41270.7,41284.25,2039
2024.01.19,08:00,41284.26,41385.59,41143.33,41289.99,1124
2024.01.19,09:00,41290.0,41464.34,41248.1,41398.37,1417
2024.01.19,10:00,41398.37,41489.73,41334.0,41486.06,928
2024.01.19,11:00,41486.05,41509.69,41368.9,41475.37,961
2024.01.19,12:00,41475.37,41488.2,41260.21,41337.31,1249
2024.01.19,13:00,41337.3,41429.86,41268.33,41393.08,1053
2024.01.19,14:00,41393.08,41455.0,40841.1,40969.31,3475
2024.01.19,15:00,40969.31,41156.38,40718.0,40894.71,3482
2024.01.19,16:00,40894.71,40953.59,40310.0,40395.01,4971
2024.01.19,17:00,40395.0,41250.0,40280.0,41239.57,4450
2024.01.19,18:00,41239.57,41979.0,41006.61,41808.08,4197
2024.01.19,19:00,41808.08,41929.65,41575.4,41814.27,2480
2024.01.19,20:00,41814.27,42196.86,41517.6,41620.0,4230
2024.01.19,21:00,41619.99,41791.7,41552.35,41633.83,1610
2024.01.19,22:00,41633.83,41735.61,41532.89,41687.1,890
2024.01.19,23:00,41687.1,41721.1,41613.67,41659.03,816
2024.01.20,00:00,41659.03,41679.52,41456.3,41482.29,1037
2024.01.20,01:00,41482.28,41700.0,41482.28,41655.42,792
2024.01.20,02:00,41655.42,41662.74,41538.0,41621.23,594
2024.01.20,03:00,41621.23,41649.61,41524.0,41634.65,561
2024.01.20,04:00,41634.64,41659.03,41578.63,41607.2,436
2024.01.20,05:00,41607.19,41646.46,41564.81,41627.63,453
2024.01.20,06:00,41627.62,41698.71,41615.92,41672.02,582
2024.01.20,07:00,41672.02,41774.0,41644.72,41650.95,638
2024.01.20,08:00,41650.95,41668.66,41522.38,41590.0,1054
2024.01.20,09:00,41590.01,41643.06,41459.02,41521.1,735
2024.01.20,10:00,41521.1,41616.43,41495.81,41543.31,640
2024.01.20,11:00,41543.3,41619.0,41475.69,41580.83,674
2024.01.20,12:00,41580.82,41700.0,41540.0,41620.01,645
2024.01.20,13:00,41620.0,41685.77,41584.68,41633.12,653
2024.01.20,14:00,41633.11,41646.0,41491.16,41542.99,795
2024.01.20,15:00,41542.98,41688.53,41478.0,41570.11,813
2024.01.20,16:00,41570.1,41645.81,41537.84,41563.66,625
2024.01.20,17:00,41563.66,41625.0,41543.61,41591.11,495
2024.01.20,18:00,41591.1,41634.19,41526.36,41606.17,565
2024.01.20,19:00,41606.16,41684.94,41605.01,41632.96,456
2024.01.20,20:00,41632.97,41822.99,41617.58,41751.36,829
2024.01.20,21:00,41751.37,41872.56,41729.9,41733.85,726
2024.01.20,22:00,41733.85,41819.99,41669.9,41781.53,478
2024.01.20,23:00,41781.54,41809.87,41610.54,41696.04,632
2024.01.21,00:00,41696.05,41727.0,41629.87,41645.98,405
2024.01.21,01:00,41645.98,41722.14,41633.8,41666.82,411
2024.01.21,02:00,41666.83,41719.36,41652.29,41699.8,406
2024.01.21,03:00,41699.8,41730.0,41661.74,41680.82,377
2024.01.21,04:00,41680.83,41685.55,41651.74,41673.41,258
2024.01.21,05:00,41673.41,41691.11,41628.46,41628.47,305
2024.01.21,06:00,41628.46,41654.99,41564.29,41597.66,349
2024.01.21,07:00,41597.66,41669.94,41587.27,41648.51,284
2024.01.21,08:00,41648.5,41710.0,41648.5,41663.96,423
2024.01.21,09:00,41663.96,41747.53,41663.96,41747.53,430
2024.01.21,10:00,41747.52,41826.97,41709.99,41785.99,717
2024.01.21,11:00,41786.0,41795.61,41686.0,41719.89,401
2024.01.21,12:00,41719.9,41821.1,41700.91,41735.99,509
2024.01.21,13:00,41735.99,41862.02,41735.98,41859.53,691
2024.01.21,14:00,41859.52,41881.39,41757.25,41787.5,630
2024.01.21,15:00,41787.49,41860.0,41605.0,41656.28,978
2024.01.21,16:00,41656.27,41673.06,41525.0,41607.18,791
2024.01.21,17:00,41607.18,41695.07,41599.39,41678.0,481
2024.01.21,18:00,41677.99,41729.77,41627.0,41681.09,467
2024.01.21,19:00,41681.09,41720.0,41635.25,41719.4,360
2024.01.21,20:00,41719.39,41772.75,41618.68,41643.91,686
2024.01.21,21:00,41643.9,41811.1,41620.27,41785.91,419
2024.01.21,22:00,41785.9,41785.91,41620.23,41633.39,340
2024.01.21,23:00,41633.39,41676.78,41500.98,41580.33,599
2024.01.22,00:00,41580.32,41683.53,41467.58,41657.43,958
2024.01.22,01:00,41657.43,41689.65,41263.6,41363.37,1980
2024.01.22,02:00,41363.38,41426.03,41258.1,41317.98,824
2024.01.22,03:00,41317.97,41343.99,41058.22,41197.04,1431
2024.01.22,04:00,41197.04,41221.99,40768.0,40786.41,2024
2024.01.22,05:00,40786.41,41157.23,40684.0,41138.46,2043
2024.01.22,06:00,41138.47,41321.17,41009.16,41205.99,1603
2024.01.22,07:00,41205.99,41214.0,40978.63,41043.7,1048
2024.01.22,08:00,41043.7,41043.71,40761.87,40959.0,1986
2024.01.22,09:00,40958.99,41047.51,40610.0,40744.85,1725
2024.01.22,10:00,40744.86,40852.1,40364.63,40703.91,3247
2024.01.22,11:00,40703.9,40941.09,40670.98,40815.99,1820
2024.01.22,12:00,40815.92,40922.14,40685.96,40884.97,1281
2024.01.22,13:00,40884.97,41244.06,40865.6,40943.17,2170
2024.01.22,14:00,40943.17,40978.69,40515.9,40694.75,2673
2024.01.22,15:00,40694.76,40850.0,40350.0,40771.99,3208
2024.01.22,16:00,40772.0,40874.99,40400.0,40518.6,2429
2024.01.22,17:00,40518.61,40806.42,40457.95,40708.0,1602
2024.01.22,18:00,40707.99,40800.01,40119.11,40316.01,3457
2024.01.22,19:00,40316.0,40570.83,39431.58,39820.31,7927
2024.01.22,20:00,39820.31,40343.18,39751.14,40181.2,3814
2024.01.22,21:00,40181.2,40206.34,39845.7,39849.95,2123
2024.01.22,22:00,39849.95,40088.88,39480.0,39832.8,2201
2024.01.22,23:00,39832.81,39961.1,39488.12,39568.02,1840
2024.01.23,00:00,39568.02,39888.0,39511.1,39872.0,1591
2024.01.23,01:00,39872.0,39912.18,39713.2,39830.71,883
2024.01.23,02:00,39830.7,40067.99,39810.0,40060.46,1017
2024.01.23,03:00,40060.47,40118.87,39979.52,40000.44,954
2024.01.23,04:00,40000.43,40176.74,40000.43,40065.51,819
2024.01.23,05:00,40065.5,40129.16,40062.3,40069.34,528
2024.01.23,06:00,40069.35,40129.12,39960.87,40019.42,810
2024.01.23,07:00,40019.43,40026.37,39665.02,39780.0,1693
2024.01.23,08:00,39780.01,39860.0,39328.0,39464.96,2986
2024.01.23,09:00,39464.97,39492.57,38907.67,38961.39,6604
2024.01.23,10:00,38961.39,39150.0,38855.12,38917.28,3342
2024.01.23,11:00,38917.27,39045.56,38657.0,38845.56,3393
2024.01.23,12:00,38845.56,39088.01,38758.82,39065.67,2870
2024.01.23,13:00,39065.68,39083.35,38853.39,38864.16,1462
2024.01.23,14:00,38864.15,38900.0,38555.0,38767.74,4060
2024.01.23,15:00,38767.75,39460.0,38766.0,39204.0,5829
2024.01.23,16:00,39204.0,39374.11,38925.2,39307.59,4118
2024.01.23,17:00,39307.6,39634.29,39270.0,39398.89,3340
2024.01.23,18:00,39398.88,39654.34,39092.54,39092.54,2484
2024.01.23,19:00,39092.55,39287.57,38981.1,39148.07,1755
2024.01.23,20:00,39148.07,39365.96,39032.02,39175.06,2123
2024.01.23,21:00,39175.07,39303.91,39070.0,39223.75,1242
2024.01.23,22:00,39223.76,39554.7,39201.1,39468.71,1183
2024.01.23,23:00,39468.71,39907.23,39468.71,39897.6,2858
2024.01.24,00:00,39897.59,40250.0,39784.34,40179.52,2520
2024.01.24,01:00,40179.53,40179.53,39757.91,39769.97,2861
2024.01.24,02:00,39769.98,39895.36,39701.34,39763.49,833
2024.01.24,03:00,39763.5,39796.71,39570.43,39614.0,1292
2024.01.24,04:00,39614.0,39747.11,39557.01,39654.38,1290
2024.01.24,05:00,39654.39,39847.46,39654.38,39798.85,1493
2024.01.24,06:00,39798.85,39888.0,39661.91,39888.0,1359
2024.01.24,07:00,39888.0,40191.97,39821.02,39981.09,2365
2024.01.24,08:00,39981.09,40137.44,39859.51,39954.53,1325
2024.01.24,09:00,39954.53,40104.95,39910.38,40024.81,1235
2024.01.24,10:00,40024.82,40555.0,39985.49,40352.42,2438
2024.01.24,11:00,40352.42,40373.98,40100.0,40209.34,1433
2024.01.24,12:00,40209.34,40298.86,39975.78,40029.66,1663
2024.01.24,13:00,40029.66,40122.83,39885.0,39984.87,1525
2024.01.24,14:00,39984.87,40222.43,39766.0,39914.01,3051
2024.01.24,15:00,39914.0,40118.26,39840.0,40050.71,1880
2024.01.24,16:00,40050.72,40190.61,39923.42,40190.02,1600
2024.01.24,17:00,40190.01,40207.0,40047.36,40141.98,1229
2024.01.24,18:00,40141.98,40150.18,39615.76,39761.11,2000
2024.01.24,19:00,39761.1,39847.44,39640.58,39803.05,884
2024.01.24,20:00,39803.04,40000.0,39511.61,39544.4,1926
2024.01.24,21:00,39544.4,39792.75,39484.19,39792.74,1240
2024.01.24,22:00,39792.75,39900.0,39754.11,39875.98,596
2024.01.24,23:00,39875.98,40175.11,39849.06,40084.88,1244
2024.01.25,00:00,40084.89,40178.84,40012.0,40170.15,1009
2024.01.25,01:00,40170.15,40178.62,39925.79,39978.83,1209
2024.01.25,02:00,39978.84,40065.62,39914.0,39939.84,556
2024.01.25,03:00,39939.84,40099.87,39931.86,40012.01,708
2024.01.25,04:00,40012.01,40032.5,39912.0,39956.89,776
2024.01.25,05:00,39956.88,39965.0,39792.01,39876.47,1073
2024.01.25,06:00,39876.47,40050.0,39876.46,40035.0,942
2024.01.25,07:00,40035.01,40135.37,39985.57,40130.0,855
2024.01.25,08:00,40130.0,40177.68,40028.01,40080.23,784
2024.01.25,09:00,40080.23,40130.0,40023.79,40031.54,763
2024.01.25,10:00,40031.53,40121.0,39957.44,40115.99,1233
2024.01.25,11:00,40116.0,40300.24,40080.12,40178.07,1842
2024.01.25,12:00,40178.07,40283.82,39798.68,39859.81,2316
2024.01.25,13:00,39859.81,39965.03,39731.64,39913.84,1669
2024.01.25,14:00,39913.84,40090.19,39862.59,40012.94,1760
2024.01.25,15:00,40012.93,40046.07,39623.4,39804.24,2406
2024.01.25,16:00,39804.23,39852.2,39666.66,39710.32,1765
2024.01.25,17:00,39710.33,39844.91,39550.0,39803.16,1771
2024.01.25,18:00,39803.16,40044.91,39725.0,39842.64,2788
2024.01.25,19:00,39842.63,39991.24,39734.0,39989.25,1076
2024.01.25,20:00,39989.25,39995.99,39637.99,39838.31,1432
2024.01.25,21:00,39838.3,39935.94,39792.02,39929.6,1064
2024.01.25,22:00,39929.6,39981.1,39888.23,39956.31,579
2024.01.25,23:00,39956.32,39984.32,39893.03,39961.09,633
2024.01.26,00:00,39961.09,39970.71,39884.14,39895.92,473
2024.01.26,01:00,39895.93,39959.45,39822.52,39937.78,572
2024.01.26,02:00,39937.77,40245.0,39937.77,40144.31,1519
2024.01.26,03:00,40144.3,40191.92,40067.52,40067.52,614
2024.01.26,04:00,40067.52,40220.0,40067.52,40149.26,594
2024.01.26,05:00,40149.25,40180.71,40083.92,40102.4,529
2024.01.26,06:00,40102.4,40156.56,39988.69,40002.83,643
2024.01.26,07:00,40002.84,40028.85,39896.84,39969.99,1627
2024.01.26,08:00,39970.0,40176.47,39962.14,40133.8,1038
2024.01.26,09:00,40133.79,40411.39,40037.5,40079.82,2097
2024.01.26,10:00,40079.83,40755.98,40068.0,40692.64,3407
2024.01.26,11:00,40692.64,41348.13,40684.79,41289.52,4980
2024.01.26,12:00,41289.52,41500.0,41091.93,41140.01,4270
2024.01.26,13:00,41140.01,41229.76,40914.5,41021.65,2049
2024.01.26,14:00,41021.65,41588.0,41021.65,41588.0,2212
2024.01.26,15:00,41588.0,41588.0,41218.0,41422.99,3619
2024.01.26,16:00,41422.98,41995.99,41405.31,41961.14,4401
2024.01.26,17:00,41961.15,42010.02,41752.83,41915.16,2539
2024.01.26,18:00,41915.17,42193.8,41851.5,42105.01,2701
2024.01.26,19:00,42105.0,42125.0,41936.0,42064.49,1717
2024.01.26,20:00,42064.48,42246.82,41838.83,41977.18,2276
2024.01.26,21:00,41977.18,42048.0,41878.93,41998.78,1148
2024.01.26,22:00,41998.77,42011.75,41820.64,41906.28,1674
2024.01.26,23:00,41906.28,41972.0,41800.02,41823.51,674
2024.01.27,00:00,41823.51,41866.67,41708.0,41785.94,930
2024.01.27,01:00,41785.94,41933.17,41768.5,41818.86,630
2024.01.27,02:00,41818.86,41896.09,41815.48,41838.59,382
2024.01.27,03:00,41838.6,41865.21,41765.64,41815.01,832
2024.01.27,04:00,41815.01,41875.67,41791.1,41844.26,491
2024.01.27,05:00,41844.26,41890.0,41738.59,41762.48,435
2024.01.27,06:00,41762.49,41812.0,41691.24,41704.04,559
2024.01.27,07:00,41704.04,41729.41,41602.01,41710.14,898
2024.01.27,08:00,41710.15,41719.85,41421.21,41470.01,1368
2024.01.27,09:00,41470.01,41742.7,41394.34,41669.78,1071
2024.01.27,10:00,41669.79,41800.0,41651.1,41747.3,732
2024.01.27,11:00,41747.31,41786.87,41702.88,41761.23,575
2024.01.27,12:00,41761.22,41807.03,41714.0,41750.0,612
2024.01.27,13:00,41750.01,41806.55,41725.21,41742.44,419
2024.01.27,14:00,41742.44,41818.39,41731.01,41766.0,493
2024.01.27,15:00,41765.99,41894.87,41733.6,41814.0,581
2024.01.27,16:00,41813.99,41895.74,41791.22,41810.18,609
2024.01.27,17:00,41810.17,41845.34,41774.07,41779.28,448
2024.01.27,18:00,41779.28,41817.64,41745.26,41797.62,392
2024.01.27,19:00,41797.62,41986.06,41790.87,41910.47,806
2024.01.27,20:00,41910.48,42076.7,41910.47,42059.93,664
2024.01.27,21:00,42059.94,42176.47,42022.92,42150.59,746
2024.01.27,22:00,42150.59,42200.0,42079.25,42155.51,624
2024.01.27,23:00,42155.5,42171.08,42090.0,42120.63,917
2024.01.28,00:00,42120.63,42145.28,41925.0,41990.85,968
2024.01.28,01:00,41990.85,42244.0,41990.85,42100.0,1661
2024.01.28,02:00,42100.0,42177.4,42100.0,42102.22,700
2024.01.28,03:00,42102.21,42244.0,42100.0,42231.83,600
2024.01.28,04:00,42231.84,42765.22,42228.64,42720.32,2631
2024.01.28,05:00,42720.33,42842.68,42453.41,42562.44,2401
2024.01.28,06:00,42562.45,42577.81,42293.66,42413.27,1652
2024.01.28,07:00,42413.27,42530.63,42359.13,42388.82,1168
2024.01.28,08:00,42388.82,42614.18,42323.14,42491.1,1299
2024.01.28,09:00,42491.09,42698.0,42424.0,42575.03,1422
2024.01.28,10:00,42575.02,42645.83,42500.0,42600.02,683
2024.01.28,11:00,42600.03,42612.62,42357.88,42471.98,1042
2024.01.28,12:00,42471.98,42493.33,42291.11,42417.04,1188
2024.01.28,13:00,42417.04,42449.99,42240.22,42397.18,910
2024.01.28,14:00,42397.19,42544.0,42252.13,42288.0,910
2024.01.28,15:00,42288.0,42411.1,42155.55,42258.01,970
2024.01.28,16:00,42258.0,42354.7,42136.58,42312.34,755
2024.01.28,17:00,42312.35,42312.35,42100.0,42168.17,755
2024.01.28,18:00,42168.16,42170.4,41920.51,41971.67,1049
2024.01.28,19:00,41971.67,42025.0,41721.08,41785.92,1257
2024.01.28,20:00,41785.91,41969.75,41681.72,41945.09,1140
2024.01.28,21:00,41945.09,42028.0,41810.0,41979.59,626
2024.01.28,22:00,41979.59,41979.59,41620.81,41834.0,726
2024.01.28,23:00,41834.01,42073.81,41753.19,42031.06,770
2024.01.29,00:00,42031.05,42069.23,41874.94,41971.42,735
2024.01.29,01:00,41971.43,42318.31,41967.57,42160.21,893
2024.01.29,02:00,42160.21,42328.67,42127.96,42237.56,689
2024.01.29,03:00,42237.56,42504.0,42237.56,42331.2,1118
2024.01.29,04:00,42331.19,42345.36,42195.61,42218.0,560
2024.01.29,05:00,42218.0,42284.94,42131.1,42144.23,656
2024.01.29,06:00,42144.23,42251.75,42133.0,42163.23,643
2024.01.29,07:00,42163.24,42242.15,41988.88,42053.46,875
2024.01.29,08:00,42053.45,42151.26,41966.02,42122.85,711
2024.01.29,09:00,42122.85,42329.93,41961.1,42295.67,946
2024.01.29,10:00,42295.9,42381.1,42208.2,42313.18,867
2024.01.29,11:00,42313.18,42353.27,42191.1,42246.95,679
2024.01.29,12:00,42246.95,42371.1,41975.0,42102.66,1381
2024.01.29,13:00,42102.67,42139.21,41930.88,42006.7,1287
2024.01.29,14:00,42006.71,42104.98,41804.88,41951.86,1502
2024.01.29,15:00,41951.86,42647.27,41882.33,42641.75,2591
2024.01.29,16:00,42641.75,43313.8,42518.0,43200.0,5705
2024.01.29,17:00,43200.01,43308.69,42920.01,42996.57,2648
2024.01.29,18:00,42996.56,43118.1,42883.72,43028.75,1544
2024.01.29,19:00,43028.74,43152.47,42978.29,42995.99,1416
2024.01.29,20:00,42995.99,43199.99,42982.66,43147.6,1242
2024.01.29,21:00,43147.61,43263.15,43061.66,43176.29,1186
2024.01.29,22:00,43176.29,43210.31,43081.1,43111.1,685
2024.01.29,23:00,43111.11,43333.0,43078.11,43302.7,971
2024.01.30,00:00,43302.71,43310.97,43133.9,43162.02,944
2024.01.30,01:00,43162.02,43559.0,43157.15,43439.51,2487
2024.01.30,02:00,43439.51,43787.35,43439.51,43615.15,1837
2024.01.30,03:00,43615.15,43685.2,43460.02,43519.71,1493
2024.01.30,04:00,43519.71,43570.09,43412.0,43421.49,817
2024.01.30,05:00,43421.5,43465.22,43342.0,43365.04,650
2024.01.30,06:00,43365.03,43422.71,43259.26,43340.68,792
2024.01.30,07:00,43340.68,43446.11,43323.82,43358.25,1091
2024.01.30,08:00,43358.24,43467.03,43215.76,43432.1,1235
2024.01.30,09:00,43432.1,43459.89,43320.4,43324.4,893
2024.01.30,10:00,43324.41,43510.0,43295.55,43482.01,949
2024.01.30,11:00,43482.01,43564.85,43414.41,43537.74,1045
2024.01.30,12:00,43537.75,43882.36,43257.39,43394.53,3427
2024.01.30,13:00,43394.54,43480.0,43153.06,43287.61,1976
2024.01.30,14:00,43287.61,43498.0,43114.13,43473.99,1788
2024.01.30,15:00,43474.0,43622.0,43292.98,43375.5,2628
2024.01.30,16:00,43375.5,43516.06,43224.0,43499.03,1844
2024.01.30,17:00,43499.03,43599.0,43306.51,43398.31,1501
2024.01.30,18:00,43398.31,43496.0,43282.94,43371.63,1362
2024.01.30,19:00,43371.64,43574.8,43336.35,43547.98,1126
2024.01.30,20:00,43547.99,43760.0,43480.18,43561.1,2556
2024.01.30,21:00,43561.1,43694.15,43488.32,43546.07,1431
2024.01.30,22:00,43546.07,43574.8,43326.27,43327.77,1000
2024.01.30,23:00,43327.78,43354.48,42683.99,42941.1,2737
2024.01.31,00:00,42941.1,43107.77,42850.0,42933.21,1782
2024.01.31,01:00,42933.2,43000.0,42724.31,42782.82,1138
2024.01.31,02:00,42782.81,42899.55,42655.07,42883.0,1250
2024.01.31,03:00,42883.01,42991.49,42861.1,42930.07,742
2024.01.31,04:00,42930.06,42994.27,42871.1,42962.64,599
2024.01.31,05:00,42962.64,43050.04,42924.13,42980.0,695
2024.01.31,06:00,42980.0,43061.3,42909.2,42975.93,698
2024.01.31,07:00,42975.92,43087.93,42945.0,43050.01,845
2024.01.31,08:00,43050.01,43091.1,42938.35,42978.01,701
2024.01.31,09:00,42978.0,42978.01,42585.17,42646.0,1698
2024.01.31,10:00,42645.99,42796.72,42383.0,42384.73,2369
2024.01.31,11:00,42384.72,42678.03,42355.0,42647.98,1346
2024.01.31,12:00,42647.98,42729.36,42550.54,42622.81,1259
2024.01.31,13:00,42622.8,42925.52,42521.31,42803.92,1599
2024.01.31,14:00,42803.91,42988.97,42571.1,42882.08,2001
2024.01.31,15:00,42882.08,43465.02,42691.1,43361.1,3277
2024.01.31,16:00,43361.11,43611.8,43294.46,43474.81,2297
2024.01.31,17:00,43474.81,43745.1,43432.01,43715.04,1913
2024.01.31,18:00,43715.04,43745.11,43474.13,43513.38,1499
2024.01.31,19:00,43513.38,43551.99,43041.1,43334.64,2549
2024.01.31,20:00,43334.63,43361.1,42519.92,42541.18,3928
2024.01.31,21:00,42541.19,42707.68,42276.84,42487.12,3017
2024.01.31,22:00,42487.12,42690.42,42381.1,42656.07,1398
2024.01.31,23:00,42656.07,42688.88,42555.46,42580.0,1257
2024.02.01,00:00,42580.0,42687.63,42220.85,42474.95,1507
2024.02.01,01:00,42474.96,42476.0,41884.28,41983.54,2384
2024.02.01,02:00,41983.54,42176.87,41958.71,42162.56,1253
2024.02.01,03:00,42162.55,42190.4,41958.71,42015.65,1014
2024.02.01,04:00,42015.65,42141.68,41889.95,42073.43,1689
2024.02.01,05:00,42073.43,42198.0,42028.41,42156.5,1043
2024.02.01,06:00,42156.5,42225.47,42123.35,42192.4,1034
2024.02.01,07:00,42192.39,42300.0,42124.59,42190.16,1046
2024.02.01,08:00,42190.15,42250.0,42125.25,42244.54,819
2024.02.01,09:00,42244.54,42261.81,42130.0,42148.31,744
2024.02.01,10:00,42148.31,42331.1,42112.95,42226.02,1161
2024.02.01,11:00,42226.01,42298.03,42026.52,42087.52,1278
2024.02.01,12:00,42087.52,42237.24,41944.89,42142.8,1494
2024.02.01,13:00,42142.81,42294.0,41981.17,42219.61,1253
2024.02.01,14:00,42219.61,42657.48,42186.0,42651.1,2229
2024.02.01,15:00,42651.1,42946.6,42516.11,42516.12,2881
2024.02.01,16:00,42516.12,42698.0,42364.0,42658.15,1874
2024.02.01,17:00,42658.15,43169.23,42628.0,42924.0,2693
2024.02.01,18:00,42923.99,43053.03,42771.82,42847.06,1644
2024.02.01,19:00,42847.07,43285.13,42831.11,43218.94,1870
2024.02.01,20:00,43218.94,43279.91,42895.86,43011.83,1625
2024.02.01,21:00,43011.83,43220.0,42967.19,43096.41,1259
2024.02.01,22:00,43096.42,43111.1,42872.91,42927.11,731
2024.02.01,23:00,42927.12,43086.13,42886.33,43082.94,697
2024.02.02,00:00,43082.95,43432.63,43046.48,43174.41,1792
2024.02.02,01:00,43174.41,43296.35,43104.79,43121.1,1034
2024.02.02,02:00,43121.1,43200.0,43039.0,43080.41,963
2024.02.02,03:00,43080.4,43108.48,43026.15,43037.25,456
2024.02.02,04:00,43037.25,43061.11,42943.71,42966.65,530
2024.02.02,05:00,42966.65,43140.25,42951.1,43103.97,726
2024.02.02,06:00,43103.98,43271.1,43086.95,43165.0,1382
2024.02.02,07:00,43165.0,43258.03,43086.89,43086.89,1424
2024.02.02,08:00,43086.9,43107.97,42957.7,43015.99,1112
2024.02.02,09:00,43015.99,43081.09,42957.43,42980.91,905
2024.02.02,10:00,42980.91,43140.0,42941.1,43122.48,1137
2024.02.02,11:00,43122.47,43199.0,43060.0,43148.41,939
2024.02.02,12:00,43148.42,43239.57,43060.0,43130.81,1277
2024.02.02,13:00,43130.81,43146.17,42546.79,42694.01,2822
2024.02.02,14:00,42694.01,42913.01,42610.0,42805.35,1700
2024.02.02,15:00,42805.35,43250.0,42750.0,43242.09,2693
2024.02.02,16:00,43242.1,43488.0,43100.0,43216.36,2806
2024.02.02,17:00,43216.35,43296.0,42901.1,42958.47,1481
2024.02.02,18:00,42958.47,42990.0,42783.09,42928.01,1174
2024.02.02,19:00,42928.0,43080.0,42920.36,43061.97,901
2024.02.02,20:00,43061.98,43089.91,42900.48,42952.65,782
2024.02.02,21:00,42952.65,43067.78,42950.63,42995.17,484
2024.02.02,22:00,42995.16,43226.61,42995.16,43202.59,569
2024.02.02,23:00,43202.6,43238.01,43132.46,43200.0,574
2024.02.03,00:00,43199.99,43380.01,43151.11,43229.07,970
2024.02.03,01:00,43229.07,43322.0,43192.79,43221.1,509
2024.02.03,02:00,43221.11,43233.55,43154.28,43187.98,402
2024.02.03,03:00,43187.98,43234.03,43142.0,43173.94,341
2024.02.03,04:00,43173.95,43222.75,43153.68,43191.67,296
2024.02.03,05:00,43191.66,43209.11,43095.56,43168.78,431
2024.02.03,06:00,43168.78,43168.82,43081.1,43095.39,294
2024.02.03,07:00,43095.39,43133.96,43040.0,43053.05,323
2024.02.03,08:00,43053.05,43089.58,43004.0,43016.79,386
2024.02.03,09:00,43016.78,43123.43,43016.78,43092.13,425
2024.02.03,10:00,43092.12,43125.28,43041.79,43062.07,413
2024.02.03,11:00,43062.07,43062.07,42973.66,42995.04,584
2024.02.03,12:00,42995.04,43084.82,42974.99,43070.25,458
2024.02.03,13:00,43070.25,43093.52,43041.1,43071.59,329
2024.02.03,14:00,43071.6,43081.96,43022.9,43042.27,414
2024.02.03,15:00,43042.28,43190.0,42880.0,43119.06,1304
2024.02.03,16:00,43119.06,43186.77,43072.53,43095.04,620
2024.02.03,17:00,43095.04,43270.0,43091.1,43230.01,842
2024.02.03,18:00,43230.0,43243.52,43028.88,43070.35,806
2024.02.03,19:00,43070.35,43088.82,43016.28,43061.09,401
2024.02.03,20:00,43061.09,43104.68,43007.44,43065.15,347
2024.02.03,21:00,43065.15,43093.04,43027.18,43045.02,300
2024.02.03,22:00,43045.01,43076.98,43013.05,43031.31,302
2024.02.03,23:00,43031.32,43075.39,42953.33,43011.09,525
2024.02.04,00:00,43011.1,43017.44,42880.01,43008.15,746
2024.02.04,01:00,43008.14,43044.56,42948.32,43041.33,280
2024.02.04,02:00,43041.32,43068.79,43021.41,43022.65,272
2024.02.04,03:00,43022.64,43047.98,43022.64,43027.16,157
2024.02.04,04:00,43027.16,43029.17,42901.19,42916.5,325
2024.02.04,05:00,42916.5,42960.09,42862.51,42892.38,541
2024.02.04,06:00,42892.39,42932.74,42743.95,42746.13,761
2024.02.04,07:00,42746.13,42862.18,42720.07,42845.03,579
2024.02.04,08:00,42845.03,42845.03,42774.47,42795.25,389
2024.02.04,09:00,42795.24,42986.4,42741.6,42942.73,1001
2024.02.04,10:00,42942.73,42944.61,42872.3,42944.0,415
2024.02.04,11:00,42944.0,43119.04,42931.32,43060.1,770
2024.02.04,12:00,43060.09,43115.76,42994.43,42994.44,616
2024.02.04,13:00,42994.44,43037.92,42963.53,42995.52,426
2024.02.04,14:00,42995.53,43016.16,42850.0,42874.0,927
2024.02.04,15:00,42874.0,42954.59,42845.51,42943.21,574
2024.02.04,16:00,42943.2,42943.21,42881.14,42913.16,405
2024.02.04,17:00,42913.16,42969.79,42841.1,42899.45,679
2024.02.04,18:00,42899.44,42942.95,42757.0,42794.01,793
2024.02.04,19:00,42794.0,42818.04,42573.17,42636.44,1729
2024.02.04,20:00,42636.43,42938.0,42541.4,42880.78,1400
2024.02.04,21:00,42880.79,42985.73,42772.18,42779.97,898
2024.02.04,22:00,42779.97,42880.93,42222.0,42571.62,1588
2024.02.04,23:00,42571.61,42652.5,42506.99,42582.88,783
2024.02.05,00:00,42582.88,42629.41,42355.01,42360.96,1080
2024.02.05,01:00,42360.96,42546.76,42258.1,42529.67,1092
2024.02.05,02:00,42529.67,42529.68,42379.01,42447.06,751
2024.02.05,03:00,42447.07,42729.02,42447.06,42718.31,784
2024.02.05,04:00,42718.31,42825.0,42670.12,42749.13,864
2024.02.05,05:00,42749.13,42777.25,42642.0,42777.24,739
2024.02.05,06:00,42777.24,42843.75,42697.52,42819.32,624
2024.02.05,07:00,42819.31,43176.39,42792.01,43071.88,1954
2024.02.05,08:00,43071.87,43195.36,42991.15,43033.53,1186
2024.02.05,09:00,43033.53,43067.33,42954.54,43037.59,633
2024.02.05,10:00,43037.59,43268.98,43037.59,43143.34,1486
2024.02.05,11:00,43143.35,43205.35,43080.0,43194.08,768
2024.02.05,12:00,43194.08,43299.0,43122.23,43255.36,809
2024.02.05,13:00,43255.35,43569.76,43219.05,43447.67,2642
2024.02.05,14:00,43447.67,43493.2,43150.91,43195.28,1643
2024.02.05,15:00,43195.28,43195.29,42600.11,42644.03,2914
2024.02.05,16:00,42644.04,42771.1,42501.0,42741.69,2335
2024.02.05,17:00,42741.7,42853.7,42660.0,42720.94,1093
2024.02.05,18:00,42720.94,42738.95,42574.35,42730.89,873
2024.02.05,19:00,42730.89,42869.66,42703.43,42765.36,766
2024.02.05,20:00,42765.35,42798.37,42333.33,42426.01,1989
2024.02.05,21:00,42426.0,42556.89,42365.81,42386.0,922
2024.02.05,22:00,42386.01,42530.23,42330.52,42504.74,656
2024.02.05,23:00,42504.73,42722.3,42462.16,42708.7,853
2024.02.06,00:00,42708.7,42730.0,42591.1,42600.34,588
2024.02.06,01:00,42600.34,42769.22,42574.0,42671.11,594
2024.02.06,02:00,42671.11,42941.47,42650.0,42852.19,1035
2024.02.06,03:00,42852.18,42960.01,42769.96,42851.11,678
2024.02.06,04:00,42851.1,42926.73,42784.26,42826.18,571
2024.02.06,05:00,42826.18,42846.0,42753.99,42785.28,385
2024.02.06,06:00,42785.27,42796.16,42667.0,42780.46,559
2024.02.06,07:00,42780.46,42911.1,42743.81,42890.0,684
2024.02.06,08:00,42889.99,43089.38,42887.48,43069.02,1396
2024.02.06,09:00,43069.02,43119.9,42950.0,42991.55,1201
2024.02.06,10:00,42991.56,43100.0,42670.61,42799.5,2004
2024.02.06,11:00,42799.49,42853.84,42701.04,42826.96,977
2024.02.06,12:00,42826.96,42895.73,42658.0,42789.36,1173
2024.02.06,13:00,42789.36,43010.01,42739.94,42881.33,1361
2024.02.06,14:00,42881.34,43093.83,42815.75,42942.8,1262
2024.02.06,15:00,42942.79,43270.89,42897.97,43244.89,2151
2024.02.06,16:00,43244.89,43399.98,43149.64,43165.46,2071
2024.02.06,17:00,43165.46,43269.75,43101.7,43180.66,1157
2024.02.06,18:00,43180.67,43256.62,43000.0,43200.31,1022
2024.02.06,19:00,43200.31,43295.04,43119.61,43278.78,841
2024.02.06,20:00,43278.79,43322.0,43070.29,43095.67,938
2024.02.06,21:00,43095.67,43273.06,43060.28,43166.31,776
2024.02.06,22:00,43166.31,43217.11,43114.73,43199.98,480
2024.02.06,23:00,43199.97,43222.94,43032.71,43098.95,760
2024.02.07,00:00,43098.96,43192.0,43049.23,43096.47,732
2024.02.07,01:00,43096.46,43186.98,43043.95,43049.71,551
2024.02.07,02:00,43049.71,43101.12,43001.1,43049.04,506
2024.02.07,03:00,43049.04,43049.04,42788.0,42800.0,1177
2024.02.07,04:00,42799.99,42946.15,42794.67,42929.18,729
2024.02.07,05:00,42929.18,43051.1,42882.0,43029.12,625
2024.02.07,06:00,43029.12,43030.61,42891.52,42961.92,565
2024.02.07,07:00,42961.92,43006.0,42900.0,42918.03,552
2024.02.07,08:00,42918.02,42969.08,42872.37,42942.83,496
2024.02.07,09:00,42942.82,43200.0,42907.62,43146.0,953
2024.02.07,10:00,43146.01,43151.1,42838.01,42897.94,1071
2024.02.07,11:00,42897.94,42992.84,42870.0,42928.29,779
2024.02.07,12:00,42928.28,43103.1,42890.51,43073.28,919
2024.02.07,13:00,43073.29,43179.56,43038.53,43141.98,866
2024.02.07,14:00,43141.97,43325.03,42941.1,43028.6,2091
2024.02.07,15:00,43028.59,43190.43,42921.1,43071.08,1296
2024.02.07,16:00,43071.08,43245.48,43013.75,43240.71,1332
2024.02.07,17:00,43240.7,43710.0,43228.0,43499.91,4634
2024.02.07,18:00,43499.91,43670.0,43460.22,43650.96,2187
2024.02.07,19:00,43650.95,43699.98,43431.1,43615.47,1492
2024.02.07,20:00,43615.47,44261.1,43615.47,44131.37,5364
2024.02.07,21:00,44131.37,44396.5,44113.96,44185.96,2672
2024.02.07,22:00,44185.95,44344.0,44125.88,44160.69,1224
2024.02.07,23:00,44160.68,44363.8,44152.68,44349.6,1567
2024.02.08,00:00,44349.6,44698.46,44331.1,44676.01,3531
2024.02.08,01:00,44676.02,44695.47,44476.92,44654.73,1683
2024.02.08,02:00,44654.73,44780.0,44536.01,44648.32,2033
2024.02.08,03:00,44648.33,44727.42,44534.0,44540.99,1587
2024.02.08,04:00,44540.98,44605.0,44480.53,44489.9,806
2024.02.08,05:00,44489.89,44633.78,44489.89,44552.9,1056
2024.02.08,06:00,44552.89,44576.0,44450.0,44463.99,805
2024.02.08,07:00,44463.99,44545.99,44427.01,44513.24,805
2024.02.08,08:00,44513.25,44744.0,44513.24,44718.33,1350
2024.02.08,09:00,44718.33,44788.01,44612.66,44692.81,1179
2024.02.08,10:00,44692.82,44850.0,44686.61,44828.27,1663
2024.02.08,11:00,44828.26,44885.0,44685.89,44698.97,1664
2024.02.08,12:00,44698.97,44841.1,44606.0,44689.2,1322
2024.02.08,13:00,44689.21,45000.0,44684.87,44984.0,2206
2024.02.08,14:00,44984.0,45241.4,44868.01,45077.99,4347
2024.02.08,15:00,45077.99,45467.14,44950.0,45432.3,4036
2024.02.08,16:00,45432.3,45498.0,44904.13,45066.01,3579
2024.02.08,17:00,45066.0,45239.53,44890.0,45042.53,2359
2024.02.08,18:00,45042.54,45318.35,44991.1,45302.46,1457
2024.02.08,19:00,45302.47,45438.59,45230.0,45284.14,1536
2024.02.08,20:00,45284.13,45614.3,45267.44,45496.21,2888
2024.02.08,21:00,45496.2,45501.1,45278.07,45321.04,1535
2024.02.08,22:00,45321.03,45409.81,45227.0,45272.55,946
2024.02.08,23:00,45272.54,45407.62,45261.1,45288.65,1053
2024.02.09,00:00,45288.66,45400.01,45242.12,45289.1,1082
2024.02.09,01:00,45289.1,45500.0,45275.29,45492.0,815
2024.02.09,02:00,45492.01,46384.27,45441.4,46285.23,4790
2024.02.09,03:00,46285.22,46350.0,46033.09,46060.74,2793
2024.02.09,04:00,46060.74,46148.0,45855.0,45960.73,1938
2024.02.09,05:00,45960.74,46278.0,45932.56,46267.15,1565
2024.02.09,06:00,46267.15,46269.2,46132.17,46195.91,977
2024.02.09,07:00,46195.92,46425.03,46190.0,46202.0,2330
2024.02.09,08:00,46202.01,46675.86,46201.53,46639.99,2562
2024.02.09,09:00,46640.0,46750.0,46482.35,46522.0,2911
2024.02.09,10:00,46522.0,46806.24,46521.99,46779.52,1734
2024.02.09,11:00,46779.53,47299.88,46677.75,47180.02,4364
2024.02.09,12:00,47180.01,47699.0,47126.29,47323.99,6269
2024.02.09,13:00,47324.0,47640.82,47254.01,47465.96,3042
2024.02.09,14:00,47465.97,47719.44,46652.0,47062.01,7226
2024.02.09,15:00,47062.0,47271.1,46765.44,47159.99,4659
2024.02.09,16:00,47159.99,47498.0,47134.0,47275.88,3475
2024.02.09,17:00,47275.88,47661.99,47215.69,47652.24,3223
2024.02.09,18:00,47652.24,48200.0,47489.47,47602.0,7081
2024.02.09,19:00,47602.0,47663.71,47248.04,47509.48,3180
2024.02.09,20:00,47509.48,47693.28,47457.13,47511.29,3010
2024.02.09,21:00,47511.3,47600.0,47286.11,47507.25,1967
2024.02.09,22:00,47507.24,47552.0,47035.92,47272.61,1337
2024.02.09,23:00,47272.61,47283.69,47058.0,47132.77,1162
2024.02.10,00:00,47132.78,47250.0,47044.88,47088.0,1111
2024.02.10,01:00,47088.0,47355.23,47061.1,47302.01,1109
2024.02.10,02:00,47302.01,47333.0,47275.06,47311.39,531
2024.02.10,03:00,47311.4,47504.0,47311.39,47376.62,1148
2024.02.10,04:00,47376.62,47430.03,47313.29,47409.5,534
2024.02.10,05:00,47409.49,47421.29,47255.39,47326.83,489
2024.02.10,06:00,47326.82,47350.0,47265.69,47349.99,473
2024.02.10,07:00,47349.99,47352.98,47145.4,47151.72,658
2024.02.10,08:00,47151.72,47274.0,47068.35,47087.7,832
2024.02.10,09:00,47087.69,47228.07,47049.63,47066.0,762
2024.02.10,10:00,47066.0,47172.69,46800.0,46884.22,1574
2024.02.10,11:00,46884.22,47199.41,46851.65,47182.0,1377
2024.02.10,12:00,47182.01,47267.98,47151.1,47231.55,968
2024.02.10,13:00,47231.54,47378.41,47105.44,47303.59,1291
2024.02.10,14:00,47303.58,47374.0,47236.89,47270.0,694
2024.02.10,15:00,47270.0,47358.17,47249.55,47353.48,670
2024.02.10,16:00,47353.48,47353.48,47198.0,47250.0,586
2024.02.10,17:00,47249.99,47340.0,47154.52,47196.48,776
2024.02.10,18:00,47196.49,47337.92,47182.31,47329.37,604
2024.02.10,19:00,47329.38,47660.0,47304.72,47531.09,1413
2024.02.10,20:00,47531.09,48170.0,47454.37,47878.0,2793
2024.02.10,21:00,47878.0,48149.81,47775.01,47941.63,1930
2024.02.10,22:00,47941.64,47954.0,47606.28,47825.9,1437
2024.02.10,23:00,47825.9,47944.81,47700.0,47751.09,1031
2024.02.11,00:00,47751.08,47779.57,47610.48,47732.43,751
2024.02.11,01:00,47732.44,47759.05,47557.16,47626.58,647
2024.02.11,02:00,47626.59,47776.2,47623.41,47774.23,574
2024.02.11,03:00,47774.23,48557.0,47774.22,48519.61,4479
2024.02.11,04:00,48519.6,48592.66,48261.49,48294.76,1661
2024.02.11,05:00,48294.76,48340.0,48133.33,48224.7,925
2024.02.11,06:00,48224.71,48314.54,48125.0,48221.94,1128
2024.02.11,07:00,48221.94,48355.0,48061.1,48179.52,1037
2024.02.11,08:00,48179.51,48286.55,48075.87,48140.0,800
2024.02.11,09:00,48139.99,48223.59,48096.0,48139.99,717
2024.02.11,10:00,48140.0,48187.62,47922.33,48142.78,1033
2024.02.11,11:00,48142.79,48438.81,48138.05,48411.71,1356
2024.02.11,12:00,48411.71,48469.07,48257.01,48291.01,1360
2024.02.11,13:00,48291.01,48347.0,48026.53,48058.12,1774
2024.02.11,14:00,48058.12,48245.01,47931.82,48234.56,1431
2024.02.11,15:00,48234.55,48234.56,48028.87,48150.43,900
2024.02.11,16:00,48150.43,48205.0,47948.38,48104.01,1274
2024.02.11,17:00,48104.01,48394.29,48104.0,48292.0,1327
2024.02.11,18:00,48292.01,48356.37,48012.0,48282.22,1282
2024.02.11,19:00,48282.22,48388.0,48242.26,48284.0,756
2024.02.11,20:00,48283.99,48375.0,47981.1,48034.55,1413
2024.02.11,21:00,48034.55,48133.99,47971.18,48116.0,1072
2024.02.11,22:00,48115.99,48230.47,48088.0,48136.0,1117
2024.02.11,23:00,48135.99,48300.0,48021.81,48299.99,1135
2024.02.12,00:00,48300.0,48826.81,48231.1,48604.0,3876
2024.02.12,01:00,48604.01,48611.0,48333.0,48485.74,1430
2024.02.12,02:00,48485.74,48540.0,48009.52,48151.1,1662
2024.02.12,03:00,48151.1,48231.1,48069.96,48145.0,754
2024.02.12,04:00,48145.0,48145.01,48022.8,48070.0,646
2024.02.12,05:00,48070.0,48183.43,48065.33,48073.18,482
2024.02.12,06:00,48073.18,48171.21,47755.81,48149.43,1679
2024.02.12,07:00,48149.43,48382.27,48118.08,48203.98,1636
2024.02.12,08:00,48203.98,48311.15,48057.72,48114.01,986
2024.02.12,09:00,48114.0,48129.47,47833.33,47880.92,1312
2024.02.12,10:00,47880.92,48070.01,47710.01,47872.07,1756
2024.02.12,11:00,47872.06,47926.36,47750.0,47903.03,1389
2024.02.12,12:00,47903.04,48035.59,47841.0,48032.0,998
2024.02.12,13:00,48031.99,48049.99,47894.24,47949.85,821
2024.02.12,14:00,47949.85,48798.0,47929.13,48798.0,4057
2024.02.12,15:00,48797.99,49950.0,48669.39,49917.8,10844
2024.02.12,16:00,49917.8,49949.95,49372.22,49582.33,5386
2024.02.12,17:00,49582.34,50334.82,49551.1,49854.48,7188
2024.02.12,18:00,49854.49,49995.0,49673.1,49741.96,2623
2024.02.12,19:00,49741.96,49942.76,49500.0,49532.03,2080
2024.02.12,20:00,49532.02,50240.0,49532.02,50162.96,2691
2024.02.12,21:00,50162.97,50271.02,49805.71,49816.3,2151
2024.02.12,22:00,49816.31,50076.0,49816.3,50021.1,1072
2024.02.12,23:00,50021.09,50049.43,49815.4,49917.27,1482
2024.02.13,00:00,49917.28,50160.57,49904.0,50101.7,1751
2024.02.13,01:00,50101.71,50368.61,49990.0,50141.16,1894
2024.02.13,02:00,50141.15,50155.08,49840.0,49947.57,1321
2024.02.13,03:00,49947.57,49959.24,49724.33,49789.99,1207
2024.02.13,04:00,49790.0,49971.1,49789.99,49902.46,742
2024.02.13,05:00,49902.46,50050.0,49816.6,50050.0,854
2024.02.13,06:00,50049.99,50099.0,49962.14,50000.0,894
2024.02.13,07:00,50000.0,50117.84,49900.1,49983.09,1562
2024.02.13,08:00,49983.09,50151.1,49972.0,50117.98,1531
2024.02.13,09:00,50117.99,50247.0,50000.66,50204.99,2287
2024.02.13,10:00,50204.98,50220.6,49842.98,49861.09,2273
2024.02.13,11:00,49861.08,50032.14,49650.0,49988.12,2733
2024.02.13,12:00,49988.12,49996.0,49791.1,49860.0,1347
2024.02.13,13:00,49860.0,49930.22,49188.1,49528.06,4797
2024.02.13,14:00,49528.05,49651.3,48400.0,48692.16,8589
2024.02.13,15:00,48692.17,49009.95,48444.0,48727.47,4624
2024.02.13,16:00,48727.47,48855.29,48460.08,48477.07,2764
2024.02.13,17:00,48477.58,48888.88,48300.95,48844.19,3201
2024.02.13,18:00,48844.18,49263.57,48825.0,49107.84,2659
2024.02.13,19:00,49107.84,49268.21,48912.0,49036.73,1767
2024.02.13,20:00,49036.74,49500.0,49011.1,49399.41,2745
2024.02.13,21:00,49399.4,49743.34,49341.94,49525.0,1852
2024.02.13,22:00,49524.99,49624.0,49315.69,49521.54,993
2024.02.13,23:00,49521.53,49775.0,49358.0,49699.59,1154
2024.02.14,00:00,49699.6,49712.94,49381.1,49482.81,1098
2024.02.14,01:00,49482.8,49531.1,49333.0,49433.29,931
2024.02.14,02:00,49433.29,49560.06,49378.07,49490.48,581
2024.02.14,03:00,49490.47,49615.97,49471.44,49518.61,595
2024.02.14,04:00,49518.61,49584.55,49225.01,49385.99,827
2024.02.14,05:00,49385.99,49633.77,49385.99,49539.05,879
2024.02.14,06:00,49539.05,49656.07,49512.4,49637.83,876
2024.02.14,07:00,49637.83,49877.22,49627.52,49838.93,1415
2024.02.14,08:00,49838.93,50800.0,49741.19,50758.0,4164
2024.02.14,09:00,50758.0,51686.0,50626.53,51551.1,8448
2024.02.14,10:00,51551.1,51585.99,51238.36,51300.0,3117
2024.02.14,11:00,51300.01,51723.08,50984.8,51555.12,4171
2024.02.14,12:00,51555.12,51828.93,51411.77,51575.5,3599
2024.02.14,13:00,51575.5,51815.32,51506.2,51786.01,2435
2024.02.14,14:00,51786.0,52043.71,51557.98,51908.45,4671
2024.02.14,15:00,51908.45,51989.99,51276.24,51590.0,4728
2024.02.14,16:00,51590.0,51750.0,51200.24,51581.35,3256
2024.02.14,17:00,51581.34,51729.71,51484.54,51663.99,1867
2024.02.14,18:00,51663.99,51686.0,51378.0,51445.45,1865
2024.02.14,19:00,51445.44,51680.0,51202.44,51678.0,1879
2024.02.14,20:00,51677.99,51866.01,51634.0,51686.14,2209
2024.02.14,21:00,51686.15,51782.17,51464.0,51725.25,1245
2024.02.14,22:00,51725.26,51811.05,51608.0,51792.43,802
2024.02.14,23:00,51792.44,51888.0,51733.95,51795.17,1377
2024.02.15,00:00,51795.17,52500.0,51763.47,52321.2,3790
2024.02.15,01:00,52321.19,52351.1,51717.58,51901.45,2652
2024.02.15,02:00,51901.46,52220.12,51866.23,52048.46,1670
2024.02.15,03:00,52048.45,52390.0,52033.14,52343.32,1371
2024.02.15,04:00,52343.32,52364.55,52114.71,52140.0,1462
2024.02.15,05:00,52140.0,52235.29,51814.14,51955.66,1371
2024.02.15,06:00,51955.67,52091.58,51840.27,51974.5,1309
2024.02.15,07:00,51974.49,52100.0,51634.01,51776.61,2014
2024.02.15,08:00,51776.6,51981.1,51650.0,51934.01,1324
2024.02.15,09:00,51934.01,52261.36,51870.0,52165.99,1836
2024.02.15,10:00,52166.0,52344.16,52096.0,52286.7,1699
2024.02.15,11:00,52286.71,52498.12,52161.1,52330.0,1921
2024.02.15,12:00,52330.0,52494.0,52080.0,52331.94,2139
2024.02.15,13:00,52331.94,52353.55,52085.24,52217.73,1833
2024.02.15,14:00,52217.72,52816.62,52078.0,52621.31,4519
2024.02.15,15:00,52621.31,52660.0,51721.31,51948.23,5423
2024.02.15,16:00,51948.24,52380.0,51742.0,52265.32,3408
2024.02.15,17:00,52265.32,52317.3,51850.5,51875.59,2173
2024.02.15,18:00,51875.6,52060.0,51831.34,51977.99,1611
2024.02.15,19:00,51977.98,52056.0,51725.0,52002.01,2065
2024.02.15,20:00,52002.01,52011.1,51569.81,51686.0,2961
2024.02.15,21:00,51686.0,51807.65,51314.0,51327.27,2310
2024.02.15,22:00,51327.27,51823.52,51317.0,51644.4,1489
2024.02.15,23:00,51644.39,51973.48,51622.3,51880.0,1455
2024.02.16,00:00,51880.01,52005.5,51803.6,51914.08,1048
2024.02.16,01:00,51914.08,52155.5,51876.86,51952.63,1453
2024.02.16,02:00,51952.63,52200.0,51848.06,52168.15,1105
2024.02.16,03:00,52168.14,52328.0,52100.0,52280.25,1318
2024.02.16,04:00,52280.25,52343.28,52121.1,52121.99,1100
2024.02.16,05:00,52122.0,52198.99,52009.63,52064.38,1025
2024.02.16,06:00,52064.39,52164.0,51845.0,51897.95,1287
2024.02.16,07:00,51897.95,51959.0,51700.0,51731.99,2497
2024.02.16,08:00,51732.0,52000.0,51688.44,51829.3,1732
2024.02.16,09:00,51829.29,51977.4,51566.0,51827.99,2225
2024.02.16,10:00,51827.99,52300.01,51791.1,52300.0,2193
2024.02.16,11:00,52299.99,52435.86,52176.04,52213.86,2571
2024.02.16,12:00,52213.87,52400.0,52103.21,52383.44,1419
2024.02.16,13:00,52383.45,52494.0,52130.16,52464.0,2066
2024.02.16,14:00,52464.0,52572.08,51758.0,51920.31,3725
2024.02.16,15:00,51920.32,51933.39,51592.88,51888.01,3280
2024.02.16,16:00,51888.01,52245.0,51844.42,52041.1,1866
2024.02.16,17:00,52041.1,52071.09,51803.75,52016.78,1136
2024.02.16,18:00,52016.78,52037.57,51824.98,51967.33,815
2024.02.16,19:00,51967.33,52031.97,51655.0,51756.29,963
2024.02.16,20:00,51756.29,51900.0,51681.1,51838.0,1080
2024.02.16,21:00,51838.0,52008.19,51759.1,51982.01,613
2024.02.16,22:00,51982.01,51995.88,51891.1,51977.86,413
2024.02.16,23:00,51977.86,52208.43,51956.28,52124.11,830
2024.02.17,00:00,52124.1,52162.82,52003.8,52003.8,548
2024.02.17,01:00,52003.81,52026.24,51846.84,51971.33,525
2024.02.17,02:00,51971.34,52018.0,51881.33,51935.85,369
2024.02.17,03:00,51935.84,51974.0,51897.43,51968.75,306
2024.02.17,04:00,51968.75,52057.54,51929.86,52011.62,517
2024.02.17,05:00,52011.62,52013.54,51792.0,51918.98,520
2024.02.17,06:00,51918.98,51950.0,51884.62,51925.59,362
2024.02.17,07:00,51925.59,51960.0,51905.03,51911.33,414
2024.02.17,08:00,51911.34,51911.34,51702.37,51740.01,837
2024.02.17,09:00,51740.01,51795.76,51651.53,51676.4,931
2024.02.17,10:00,51676.39,51729.24,51500.0,51721.67,1322
2024.02.17,11:00,51721.66,51800.0,51677.23,51690.48,719
2024.02.17,12:00,51690.47,51735.68,51558.32,51711.1,657
2024.02.17,13:00,51711.1,51713.38,51088.1,51188.81,2893
2024.02.17,14:00,51188.8,51329.61,50625.0,50841.09,3930
2024.02.17,15:00,50841.09,51174.04,50642.85,50984.56,2182
2024.02.17,16:00,50984.56,51027.15,50741.1,50951.25,1351
2024.02.17,17:00,50951.26,51272.72,50944.67,51215.58,1415
2024.02.17,18:00,51215.58,51291.78,51146.0,51263.95,818
2024.02.17,19:00,51263.96,51444.0,51232.79,51394.43,802
2024.02.17,20:00,51394.44,51561.01,51303.0,51514.0,729
2024.02.17,21:00,51514.01,52030.18,51444.42,51803.8,1915
2024.02.17,22:00,51803.8,51864.67,51590.0,51710.51,1048
2024.02.17,23:00,51710.5,51739.13,51592.05,51642.64,555
2024.02.18,00:00,51642.64,51764.32,51544.09,51676.95,743
2024.02.18,01:00,51676.94,51798.99,51482.12,51530.83,884
2024.02.18,02:00,51530.83,51554.39,51163.28,51277.99,1153
2024.02.18,03:00,51277.99,51480.0,51256.93,51479.99,560
2024.02.18,04:00,51479.99,51640.0,51477.4,51564.12,688
2024.02.18,05:00,51564.12,51688.87,51541.24,51656.87,566
2024.02.18,06:00,51656.88,51700.01,51405.52,51509.58,606
2024.02.18,07:00,51509.57,51750.6,51446.1,51671.1,808
2024.02.18,08:00,51671.1,51795.04,51644.0,51790.01,691
2024.02.18,09:00,51790.0,52000.0,51790.0,51976.81,1158
2024.02.18,10:00,51976.8,52069.0,51784.5,51830.83,899
2024.02.18,11:00,51830.83,51836.68,51661.1,51832.01,695
2024.02.18,12:00,51832.01,51865.2,51535.01,51554.06,1087
2024.02.18,13:00,51554.06,51694.85,51541.1,51628.44,676
2024.02.18,14:00,51628.44,51948.57,51628.43,51882.0,974
2024.02.18,15:00,51882.0,51888.88,51727.16,51773.99,786
2024.02.18,16:00,51774.0,51879.76,51649.19,51835.57,882
2024.02.18,17:00,51835.57,51980.73,51786.81,51837.94,884
2024.02.18,18:00,51837.93,51837.94,51647.25,51793.95,857
2024.02.18,19:00,51793.96,51872.85,51691.61,51758.12,715
2024.02.18,20:00,51758.13,51783.72,51587.4,51776.0,680
2024.02.18,21:00,51776.01,51922.57,51754.94,51861.1,483
2024.02.18,22:00,51861.1,52377.0,51824.12,52239.8,2449
2024.02.18,23:00,52239.79,52350.0,51975.05,52137.67,2058
2024.02.19,00:00,52137.68,52428.78,52101.87,52183.72,1646
2024.02.19,01:00,52183.72,52187.62,51904.83,52092.06,1361
2024.02.19,02:00,52092.06,52210.48,52092.06,52148.6,851
2024.02.19,03:00,52148.6,52167.35,51977.12,52063.81,752
2024.02.19,04:00,52063.8,52221.1,52020.61,52097.39,952
2024.02.19,05:00,52097.38,52156.0,51989.21,52130.42,725
2024.02.19,06:00,52130.43,52471.79,52130.42,52387.53,1697
2024.02.19,07:00,52387.53,52488.77,52297.4,52394.04,1059
2024.02.19,08:00,52394.04,52410.73,52063.52,52098.5,1163
2024.02.19,09:00,52098.5,52365.26,52098.49,52262.99,1214
2024.02.19,10:00,52262.98,52450.0,52163.14,52350.01,1368
2024.02.19,11:00,52350.01,52423.77,52284.92,52336.22,922
2024.02.19,12:00,52336.22,52454.11,52232.0,52271.09,1276
2024.02.19,13:00,52271.09,52372.55,52117.4,52150.17,1536
2024.02.19,14:00,52150.18,52202.68,52027.0,52100.0,1509
2024.02.19,15:00,52100.0,52346.05,52028.93,52127.99,1349
2024.02.19,16:00,52127.99,52230.0,51677.0,51775.76,2178
2024.02.19,17:00,51775.76,52210.0,51688.69,52151.73,1971
2024.02.19,18:00,52151.72,52200.0,51913.07,51926.61,1131
2024.02.19,19:00,51926.62,51933.79,51781.04,51820.61,1085
2024.02.19,20:00,51820.61,51933.2,51761.1,51798.99,834
2024.02.19,21:00,51799.0,51920.73,51705.11,51904.42,995
2024.02.19,22:00,51904.41,52110.0,51868.01,51936.42,943
2024.02.19,23:00,51936.41,52013.11,51711.1,51774.73,1005
2024.02.20,00:00,51774.74,51832.01,51500.0,51641.82,1720
2024.02.20,01:00,51641.83,51709.99,51311.0,51631.15,1907
2024.02.20,02:00,51631.14,51761.1,51550.0,51711.09,923
2024.02.20,03:00,51711.09,51797.0,51574.0,51580.23,712
2024.02.20,04:00,51580.23,51818.0,51510.0,51788.01,928
2024.02.20,05:00,51788.0,51984.03,51754.87,51909.1,921
2024.02.20,06:00,51909.1,52039.91,51899.99,51948.06,772
2024.02.20,07:00,51948.06,51974.58,51801.0,51839.28,1095
2024.02.20,08:00,51839.28,51883.22,51586.22,51776.8,1180
2024.02.20,09:00,51776.8,51825.41,51560.0,51761.33,1812
2024.02.20,10:00,51761.34,52120.0,51761.33,52119.99,1829
2024.02.20,11:00,52120.0,52380.0,52119.99,52286.8,2623
2024.02.20,12:00,52286.8,52395.0,52125.92,52178.92,1548
2024.02.20,13:00,52178.93,52985.0,52141.68,52840.13,4731
2024.02.20,14:00,52840.14,52864.22,51769.23,52048.74,6123
2024.02.20,15:00,52048.74,52086.56,51340.0,51680.0,4900
2024.02.20,16:00,51679.99,51798.98,51370.0,51396.33,2355
2024.02.20,17:00,51396.34,51396.34,50760.37,51324.99,4482
2024.02.20,18:00,51325.0,51544.46,51241.81,51509.89,1566
2024.02.20,19:00,51509.89,52138.31,51431.5,52101.11,2014
2024.02.20,20:00,52101.1,52215.85,51953.46,51990.63,1711
2024.02.20,21:00,51990.62,52171.1,51901.1,52024.0,857
2024.02.20,22:00,52024.01,52304.76,52006.0,52168.65,836
2024.02.20,23:00,52168.65,52517.3,52162.77,52258.82,2058
2024.02.21,00:00,52258.82,52366.8,52120.0,52174.2,1154
2024.02.21,01:00,52174.2,52291.1,52050.01,52102.56,806
2024.02.21,02:00,52102.55,52160.0,52041.1,52067.99,690
2024.02.21,03:00,52067.99,52104.03,51988.91,52001.99,717
2024.02.21,04:00,52002.0,52009.99,51818.01,51949.58,882
2024.02.21,05:00,51949.57,52113.39,51817.25,51837.95,753
2024.02.21,06:00,51837.95,51901.85,51672.0,51741.98,968
2024.02.21,07:00,51741.97,51780.04,51452.45,51568.64,1459
2024.02.21,08:00,51568.64,51787.04,51530.29,51667.84,1354
2024.02.21,09:00,51667.85,51698.0,51000.93,51095.1,2744
2024.02.21,10:00,51095.1,51413.33,50888.0,51271.1,3125
2024.02.21,11:00,51271.1,51369.0,50813.0,50965.53,2156
2024.02.21,12:00,50965.53,51392.14,50625.0,51310.7,3340
2024.02.21,13:00,51310.69,51442.26,50900.0,51181.09,2373
2024.02.21,14:00,51181.1,51208.6,50750.0,50929.99,3120
2024.02.21,15:00,50930.0,51328.33,50841.1,51156.0,2818
2024.02.21,16:00,51156.0,51426.0,51010.0,51346.39,2060
2024.02.21,17:00,51346.39,51427.43,50890.0,50931.35,1933
2024.02.21,18:00,50931.35,51107.21,50810.0,50855.83,1659
2024.02.21,19:00,50855.82,51058.0,50649.28,51058.0,2100
2024.02.21,20:00,51057.99,51129.18,50862.5,50957.94,1927
2024.02.21,21:00,50957.94,51398.0,50945.46,51385.34,1807
2024.02.21,22:00,51385.35,51525.0,51221.37,51511.1,1055
2024.02.21,23:00,51511.11,51950.01,51487.93,51849.39,2066
2024.02.22,00:00,51849.38,51878.18,51500.0,51532.57,1621
2024.02.22,01:00,51532.58,51630.01,51153.69,51238.81,1393
2024.02.22,02:00,51238.82,51490.0,51224.05,51418.36,1000
2024.02.22,03:00,51418.37,51658.54,51372.6,51586.1,669
2024.02.22,04:00,51586.1,51640.01,51352.0,51434.61,800
2024.02.22,05:00,51434.62,51684.51,51421.87,51524.88,967
2024.02.22,06:00,51524.89,51809.62,51524.88,51767.51,1076
2024.02.22,07:00,51767.5,51910.32,51661.22,51827.63,1582
2024.02.22,08:00,51827.63,51937.89,51672.42,51888.52,1596
2024.02.22,09:00,51888.52,52034.12,51700.0,51945.31,1462
2024.02.22,10:00,51945.31,51945.32,51588.36,51694.07,1152
2024.02.22,11:00,51694.08,51699.99,51517.63,51622.04,1293
2024.02.22,12:00,51622.05,51733.05,51424.28,51521.1,1263
2024.02.22,13:00,51521.11,51543.84,50940.78,51164.02,2903
2024.02.22,14:00,51164.01,51418.39,51060.0,51374.0,2301
2024.02.22,15:00,51374.0,51674.17,51286.2,51602.4,2137
2024.02.22,16:00,51602.41,51750.01,51400.0,51479.09,1578
2024.02.22,17:00,51479.1,51731.1,51454.01,51697.4,1229
2024.02.22,18:00,51697.4,51720.87,51501.0,51718.81,1083
2024.02.22,19:00,51718.82,51718.82,51460.8,51509.99,1412
2024.02.22,20:00,51509.99,52065.78,51461.1,51995.58,3121
2024.02.22,21:00,51995.59,52007.65,51545.26,51656.96,1264
2024.02.22,22:00,51656.96,51717.87,51184.04,51456.01,1357
2024.02.22,23:00,51456.01,51482.69,51230.0,51288.42,1038
2024.02.23,00:00,51288.42,51483.09,51263.53,51455.85,835
2024.02.23,01:00,51455.84,51548.54,51310.41,51311.11,744
2024.02.23,02:00,51311.11,51426.0,51035.52,51096.39,1056
2024.02.23,03:00,51096.38,51169.99,50971.11,51100.0,2059
2024.02.23,04:00,51100.0,51321.92,51003.0,51219.59,1017
2024.02.23,05:00,51219.59,51239.43,51116.0,51236.01,760
2024.02.23,06:00,51236.0,51313.99,51211.1,51301.11,606
2024.02.23,07:00,51301.1,51301.11,50889.0,50915.96,1574
2024.02.23,08:00,50915.95,51170.0,50830.0,50958.54,1594
2024.02.23,09:00,50958.55,51066.66,50870.1,51009.38,1543
2024.02.23,10:00,51009.38,51174.56,50965.81,51171.09,840
2024.02.23,11:00,51171.09,51263.22,51141.2,51218.95,783
2024.02.23,12:00,51218.94,51225.25,50926.21,50994.01,1388
2024.02.23,13:00,50994.0,51095.0,50925.02,51058.2,1238
2024.02.23,14:00,51058.21,51333.47,50800.32,51126.0,3375
2024.02.23,15:00,51126.0,51126.0,50833.02,50911.11,2300
2024.02.23,16:00,50911.1,51121.01,50629.33,51053.07,2839
2024.02.23,17:00,51053.08,51172.91,50974.0,51139.14,1041
2024.02.23,18:00,51139.13,51193.69,51000.0,51103.76,935
2024.02.23,19:00,51103.76,51195.18,51032.88,51099.09,834
2024.02.23,20:00,51099.09,51162.04,50961.1,51079.21,916
2024.02.23,21:00,51079.2,51094.64,50986.12,50986.12,415
2024.02.23,22:00,50986.12,51025.31,50750.0,50788.01,540
2024.02.23,23:00,50788.0,50916.66,50521.0,50744.15,1303
2024.02.24,00:00,50744.15,50907.14,50694.71,50889.2,895
2024.02.24,01:00,50889.19,50891.1,50590.0,50590.01,794
2024.02.24,02:00,50590.01,50800.0,50585.0,50799.99,496
2024.02.24,03:00,50799.98,50857.12,50682.0,50849.97,589
2024.02.24,04:00,50849.96,51008.57,50826.47,50953.96,506
2024.02.24,05:00,50953.96,51062.0,50922.0,51047.36,589
2024.02.24,06:00,51047.36,51060.0,50944.19,50969.81,604
2024.02.24,07:00,50969.8,51103.87,50938.78,51068.7,723
2024.02.24,08:00,51068.7,51118.09,50953.0,50994.92,596
2024.02.24,09:00,50994.92,51119.99,50986.82,51091.1,519
2024.02.24,10:00,51091.1,51172.06,51074.28,51090.01,627
2024.02.24,11:00,51090.01,51135.04,51034.39,51119.79,707
2024.02.24,12:00,51119.79,51126.01,51032.34,51076.55,459
2024.02.24,13:00,51076.55,51180.41,51055.0,51140.0,586
2024.02.24,14:00,51140.0,51161.1,51072.65,51139.3,502
2024.02.24,15:00,51139.31,51150.04,51099.34,51099.34,442
2024.02.24,16:00,51099.35,51215.04,51094.99,51215.04,543
2024.02.24,17:00,51215.03,51698.0,51215.03,51533.99,2114
2024.02.24,18:00,51533.99,51694.16,51407.07,51434.96,1331
2024.02.24,19:00,51434.97,51638.92,51434.96,51557.07,645
2024.02.24,20:00,51557.08,51585.94,51437.84,51511.54,608
2024.02.24,21:00,51511.54,51638.9,51468.24,51562.32,655
2024.02.24,22:00,51562.32,51666.0,51556.6,51556.61,511
2024.02.24,23:00,51556.6,51651.1,51497.57,51568.22,509
2024.02.25,00:00,51568.21,51581.1,51442.31,51486.86,490
2024.02.25,01:00,51486.85,51687.8,51438.88,51684.01,758
2024.02.25,02:00,51684.01,51898.72,51550.01,51602.05,1537
2024.02.25,03:00,51602.06,51628.42,51456.98,51624.99,815
2024.02.25,04:00,51625.0,51626.84,51509.0,51617.56,489
2024.02.25,05:00,51617.56,51726.23,51594.0,51669.32,539
2024.02.25,06:00,51669.33,51800.03,51630.31,51756.88,814
2024.02.25,07:00,51756.88,51774.21,51681.46,51719.28,464
2024.02.25,08:00,51719.28,51777.64,51582.81,51606.36,549
2024.02.25,09:00,51606.35,51650.0,51531.73,51639.51,534
2024.02.25,10:00,51639.51,51679.99,51556.67,51576.01,482
2024.02.25,11:00,51576.0,51700.01,51553.29,51645.0,430
2024.02.25,12:00,51645.0,51668.02,51585.36,51656.46,419
2024.02.25,13:00,51656.46,51693.59,51554.53,51612.92,580
2024.02.25,14:00,51612.93,51780.0,51600.0,51741.22,974
2024.02.25,15:00,51741.22,51759.73,51436.67,51524.02,1040
2024.02.25,16:00,51524.02,51626.0,51279.8,51378.48,1697
2024.02.25,17:00,51378.49,51578.44,51355.51,51559.97,602
2024.02.25,18:00,51559.97,51579.99,51498.83,51579.98,449
2024.02.25,19:00,51579.99,51738.85,51510.79,51672.96,1106
2024.02.25,20:00,51672.97,51958.55,51672.36,51735.8,1914
2024.02.25,21:00,51735.8,51780.0,51640.88,51766.84,709
2024.02.25,22:00,51766.83,51860.0,51655.76,51702.01,658
2024.02.25,23:00,51702.0,51803.26,51670.0,51728.85,661
2024.02.26,00:00,51728.85,51796.5,51621.06,51678.9,864
2024.02.26,01:00,51678.9,51698.33,51473.17,51473.17,670
2024.02.26,02:00,51473.17,51546.0,51428.0,51432.92,638
2024.02.26,03:00,51432.92,51564.0,51400.0,51555.59,676
2024.02.26,04:00,51555.6,51588.88,51473.42,51534.24,635
2024.02.26,05:00,51534.23,51598.06,51431.1,51569.0,713
2024.02.26,06:00,51569.0,51598.06,51484.21,51521.09,540
2024.02.26,07:00,51521.08,51521.09,51288.18,51293.26,1075
2024.02.26,08:00,51293.26,51374.66,51250.15,51250.16,1005
2024.02.26,09:00,51250.16,51304.23,50901.44,50949.99,2216
2024.02.26,10:00,50950.0,51246.0,50939.6,51170.58,1223
2024.02.26,11:00,51170.58,51217.66,51044.0,51090.01,983
2024.02.26,12:00,51090.01,51233.83,50957.0,51233.82,1118
2024.02.26,13:00,51233.82,51437.29,51203.95,51228.5,1307
2024.02.26,14:00,51228.49,51718.6,51207.4,51687.02,1712
2024.02.26,15:00,51687.03,52847.84,51642.08,52842.32,7623
2024.02.26,16:00,52842.33,53647.71,52753.28,53391.02,8320
2024.02.26,17:00,53391.01,53510.0,53214.26,53502.6,3096
2024.02.26,18:00,53502.61,53620.0,53294.39,53591.09,2385
2024.02.26,19:00,53591.1,54512.02,53428.16,54487.11,6128
2024.02.26,20:00,54487.1,54910.0,54258.2,54448.09,3908
2024.02.26,21:00,54448.1,54736.99,54313.65,54642.89,1747
2024.02.26,22:00,54642.89,54807.4,54460.01,54659.79,1504
2024.02.26,23:00,54659.78,54659.79,54439.42,54476.47,1159
2024.02.27,00:00,54476.48,54638.0,54450.13,54554.93,1454
2024.02.27,01:00,54554.94,55795.52,54508.78,55768.41,4439
2024.02.27,02:00,55768.41,57073.84,55592.0,56298.48,7459
2024.02.27,03:00,56298.47,56530.09,55517.44,55667.6,3869
2024.02.27,04:00,55667.6,56099.52,55576.12,55737.99,2251
2024.02.27,05:00,55738.0,56204.79,55645.53,56066.01,2044
2024.02.27,06:00,56066.02,56448.0,56046.0,56363.0,1772
2024.02.27,07:00,56363.01,56378.46,55805.0,56059.08,2745
2024.02.27,08:00,56059.09,56456.77,56023.8,56235.99,1911
2024.02.27,09:00,56235.99,56760.72,56161.6,56615.94,2740
2024.02.27,10:00,56615.94,56818.02,56366.06,56528.25,2118
2024.02.27,11:00,56528.25,56579.56,56321.1,56527.79,1491
2024.02.27,12:00,56527.8,57416.93,56457.26,56786.95,4439
2024.02.27,13:00,56786.96,57200.0,56605.93,57112.29,3976
2024.02.27,14:00,57112.28,57331.28,56650.01,56976.33,3558
2024.02.27,15:00,56976.34,57299.0,56600.0,56745.66,3729
2024.02.27,16:00,56745.66,57168.97,56209.0,57040.01,3704
2024.02.27,17:00,57040.01,57200.0,56660.0,56759.99,2208
2024.02.27,18:00,56759.99,57128.77,56676.0,57111.1,1626
2024.02.27,19:00,57111.11,57588.15,56916.01,57339.68,2462
2024.02.27,20:00,57339.69,57359.0,56681.51,56967.89,3409
2024.02.27,21:00,56967.89,57000.0,56579.84,56703.32,1680
2024.02.27,22:00,56703.33,56992.28,56634.28,56892.91,1041
2024.02.27,23:00,56892.91,57105.45,56843.46,57037.34,1059
2024.02.28,00:00,57037.35,57100.0,56868.72,57015.34,1079
2024.02.28,01:00,57015.34,57101.1,56763.86,56772.64,1052
2024.02.28,02:00,56772.64,56978.99,56691.85,56925.1,815
2024.02.28,03:00,56925.1,56964.09,56842.01,56916.4,656
2024.02.28,04:00,56916.39,57271.44,56894.16,57207.5,1183
2024.02.28,05:00,57207.49,57270.0,57057.14,57080.68,864
2024.02.28,06:00,57080.67,57193.17,57053.02,57185.81,789
2024.02.28,07:00,57185.81,58379.57,57144.99,58241.1,4799
2024.02.28,08:00,58241.09,59487.88,58171.11,59448.42,7089
2024.02.28,09:00,59448.42,59485.53,58840.81,59300.01,4715
2024.02.28,10:00,59300.01,59361.88,59010.01,59266.02,2990
2024.02.28,11:00,59266.01,59494.06,58500.0,58941.11,4429
2024.02.28,12:00,58941.11,59433.49,58891.1,59354.2,3196
2024.02.28,13:00,59354.2,60800.0,59309.73,60454.77,9734
2024.02.28,14:00,60454.76,61184.64,59800.0,60971.11,6963
2024.02.28,15:00,60971.11,61360.0,60591.1,60966.22,6474
2024.02.28,16:00,60966.22,62478.0,60931.1,62412.01,6697
2024.02.28,17:00,62412.0,64000.0,58700.0,61358.6,23219
2024.02.28,18:00,61358.59,61500.02,59200.0,61101.99,10065
2024.02.28,19:00,61102.0,61496.61,60610.0,60951.11,5433
2024.02.28,20:00,60951.1,61099.0,59932.2,60403.21,5777
2024.02.28,21:00,60403.2,60605.0,59797.57,60550.46,3503
2024.02.28,22:00,60550.45,61375.0,60496.38,61274.94,2774
2024.02.28,23:00,61274.95,62647.04,61264.34,62432.1,4458
2024.02.29,00:00,62432.11,62438.22,61200.11,61359.99,3948
2024.02.29,01:00,61359.99,61516.01,61021.1,61376.07,2210
2024.02.29,02:00,61376.06,61742.01,61081.1,61740.29,2054
2024.02.29,03:00,61740.3,61740.3,61132.05,61561.33,1870
2024.02.29,04:00,61561.34,62675.22,61334.59,62443.9,3155
2024.02.29,05:00,62443.89,62666.66,61811.1,62540.91,2736
2024.02.29,06:00,62540.91,63676.35,62481.1,63000.0,5844
2024.02.29,07:00,63000.01,63158.8,62548.75,62707.17,3194
2024.02.29,08:00,62707.17,63125.55,62318.38,62785.28,4218
2024.02.29,09:00,62785.29,62963.46,62259.14,62686.39,2290
2024.02.29,10:00,62686.38,62779.69,62111.1,62703.29,2306
2024.02.29,11:00,62703.29,63340.95,62602.0,62936.02,3103
2024.02.29,12:00,62936.02,63035.88,62300.14,62661.05,2788
2024.02.29,13:00,62661.05,63040.0,62051.11,62931.66,3475
2024.02.29,14:00,62931.66,63531.88,62761.1,62902.77,4152
2024.02.29,15:00,62902.78,63288.0,62566.01,62768.02,2560
2024.02.29,16:00,62768.01,62879.3,61501.0,62171.97,4698
2024.02.29,17:00,62171.97,62406.7,60501.0,60982.35,6167
2024.02.29,18:00,60982.35,61510.0,60364.7,60800.0,3616
2024.02.29,19:00,60799.99,61635.95,60605.93,61600.0,2635
2024.02.29,20:00,61599.99,62285.47,61521.73,61934.73,3755
2024.02.29,21:00,61934.73,61999.75,60584.07,61374.94,4040
2024.02.29,22:00,61374.95,61474.81,60672.82,61224.02,1906
2024.02.29,23:00,61224.02,61536.94,60998.51,61130.98,1694
2024.03.01,00:00,61130.99,61749.0,61126.0,61501.11,1867
2024.03.01,01:00,61501.1,61566.95,61125.4,61214.35,1552
2024.03.01,02:00,61214.35,61214.36,60781.25,60980.0,1600
2024.03.01,03:00,60980.0,61222.22,60777.0,61105.91,1324
2024.03.01,04:00,61105.92,61524.09,61061.11,61524.09,1067
2024.03.01,05:00,61524.08,61546.35,61295.86,61312.01,1069
2024.03.01,06:00,61312.01,61761.0,61201.1,61568.18,1365
2024.03.01,07:00,61568.18,61772.82,61383.98,61434.0,2216
2024.03.01,08:00,61434.0,62243.53,61316.67,61908.62,3160
2024.03.01,09:00,61908.63,62188.0,61854.33,62129.15,2033
2024.03.01,10:00,62129.14,62188.0,61859.29,61991.11,1774
2024.03.01,11:00,61991.1,62110.0,61811.01,61863.72,1483
2024.03.01,12:00,61863.71,62574.99,61855.1,62230.0,2151
2024.03.01,13:00,62230.01,62677.06,62193.55,62457.98,2025
2024.03.01,14:00,62457.99,62486.0,61525.66,61948.3,2949
2024.03.01,15:00,61948.3,62181.81,61131.01,61263.99,2844
2024.03.01,16:00,61263.98,61626.16,61234.0,61427.38,2229
2024.03.01,17:00,61427.38,62097.38,61427.37,61909.98,2176
2024.03.01,18:00,61909.98,62494.31,61822.82,62333.52,1934
2024.03.01,19:00,62333.52,62361.15,61964.11,62215.5,1544
2024.03.01,20:00,62215.51,63114.23,62215.5,62861.11,3527
2024.03.01,21:00,62861.1,62884.36,62258.83,62520.47,2697
2024.03.01,22:00,62520.47,62674.92,62318.32,62490.09,1654
2024.03.01,23:00,62490.09,62725.92,62355.3,62387.9,1483
2024.03.02,00:00,62387.9,62433.19,62101.78,62299.99,1575
2024.03.02,01:00,62300.0,62306.7,61950.0,62030.01,1247
2024.03.02,02:00,62030.01,62216.71,61949.03,62111.18,1153
2024.03.02,03:00,62111.18,62426.7,62025.0,62307.45,1465
2024.03.02,04:00,62307.45,62307.45,62035.95,62035.95,1147
2024.03.02,05:00,62035.95,62079.99,61752.3,62006.55,1415
2024.03.02,06:00,62006.55,62256.0,61930.0,61946.0,1059
2024.03.02,07:00,61946.0,62041.7,61790.98,62011.85,1223
2024.03.02,08:00,62011.85,62123.0,61779.61,61939.64,1101
2024.03.02,09:00,61939.63,61988.0,61641.1,61843.06,1462
2024.03.02,10:00,61843.07,62020.0,61806.46,61904.86,1000
2024.03.02,11:00,61904.86,62040.0,61826.32,61826.32,846
2024.03.02,12:00,61826.32,62167.79,61820.0,62078.66,829
2024.03.02,13:00,62078.66,62078.66,61803.69,61803.69,827
2024.03.02,14:00,61803.69,61911.41,61561.12,61840.12,1397
2024.03.02,15:00,61840.12,61981.71,61709.89,61771.2,1247
2024.03.02,16:00,61771.21,61873.69,61625.0,61854.29,1037
2024.03.02,17:00,61854.29,61944.97,61740.21,61761.11,688
2024.03.02,18:00,61761.12,62024.3,61741.1,62024.29,640
2024.03.02,19:00,62024.29,62114.77,61954.0,62114.77,1052
2024.03.02,20:00,62114.76,62200.0,61762.05,61873.2,1163
2024.03.02,21:00,61873.19,62020.35,61821.67,61898.73,631
2024.03.02,22:00,61898.73,61944.22,61685.01,61685.02,523
2024.03.02,23:00,61685.01,62071.76,61685.01,61987.28,796
2024.03.03,00:00,61987.28,61996.17,61731.71,61736.9,1008
2024.03.03,01:00,61736.9,61900.04,61733.25,61795.53,676
2024.03.03,02:00,61795.52,61808.74,61642.39,61808.73,625
2024.03.03,03:00,61808.73,62000.0,61785.86,61931.09,816
2024.03.03,04:00,61931.09,62100.0,61905.01,62016.25,778
2024.03.03,05:00,62016.25,62044.26,61900.0,61900.0,718
2024.03.03,06:00,61900.0,62043.0,61763.32,61865.01,802
2024.03.03,07:00,61865.01,61893.74,61320.0,61598.0,2530
2024.03.03,08:00,61598.01,61710.52,61393.83,61597.11,1475
2024.03.03,09:00,61597.1,61890.96,61556.0,61715.05,1108
2024.03.03,10:00,61715.05,61807.3,61606.68,61655.57,736
2024.03.03,11:00,61655.58,61831.1,61616.31,61831.1,622
2024.03.03,12:00,61831.1,62640.18,61821.09,62184.02,3311
2024.03.03,13:00,62184.03,62414.24,61954.2,62393.86,1497
2024.03.03,14:00,62393.85,62440.89,62102.68,62102.68,1115
2024.03.03,15:00,62102.68,62259.63,62102.68,62164.63,762
2024.03.03,16:00,62164.63,62861.91,62088.0,62845.15,2125
2024.03.03,17:00,62845.14,62989.0,62458.01,62570.01,1725
2024.03.03,18:00,62570.01,62863.68,62570.0,62811.1,957
2024.03.03,19:00,62811.1,62857.0,62653.89,62730.0,814
2024.03.03,20:00,62730.0,62859.99,62580.0,62757.99,843
2024.03.03,21:00,62758.0,62828.18,62623.76,62827.11,652
2024.03.03,22:00,62827.11,63231.88,62700.0,62827.43,2007
2024.03.03,23:00,62827.42,63151.65,62700.0,63113.97,1281
2024.03.04,00:00,63113.97,64268.24,62300.0,63459.3,6837
2024.03.04,01:00,63459.29,63833.02,63251.1,63512.41,2273
2024.03.04,02:00,63512.42,63881.66,63100.0,63687.43,2060
2024.03.04,03:00,63687.42,63754.45,63355.0,63458.72,1392
2024.03.04,04:00,63458.71,63775.0,63366.31,63634.36,1288
2024.03.04,05:00,63634.36,63706.0,63210.0,63358.0,1306
2024.03.04,06:00,63357.99,63698.0,63326.98,63689.17,1230
2024.03.04,07:00,63689.16,64300.0,63480.64,64066.62,2829
2024.03.04,08:00,64066.62,65500.0,64000.11,65241.08,7633
2024.03.04,09:00,65241.08,65555.0,64625.59,65290.29,4013
2024.03.04,10:00,65290.29,65311.1,64723.5,65068.18,2646
2024.03.04,11:00,65068.18,65230.0,64812.9,65230.0,1709
2024.03.04,12:00,65229.99,65250.36,64868.66,65123.7,1899
2024.03.04,13:00,65123.69,65646.11,65039.66,65111.21,3081
2024.03.04,14:00,65111.22,66382.19,64533.67,66169.41,7877
2024.03.04,15:00,66169.41,66580.29,65843.17,66451.65,3831
2024.03.04,16:00,66451.65,66800.0,66039.31,66539.82,4000
2024.03.04,17:00,66539.82,67524.99,66160.23,66858.74,6258
2024.03.04,18:00,66858.74,67080.0,66100.0,66617.57,4074
2024.03.04,19:00,66617.57,67450.0,66320.6,67405.26,2978
2024.03.04,20:00,67405.25,67770.0,67062.5,67427.16,4119
2024.03.04,21:00,67427.17,67644.59,66755.79,67404.86,3148
2024.03.04,22:00,67404.85,67929.12,67245.28,67929.11,2870
2024.03.04,23:00,67929.12,68499.0,67448.92,68245.71,5473
2024.03.05,00:00,68245.71,68443.72,67767.76,68034.01,2649
2024.03.05,01:00,68034.0,68686.8,67981.1,68506.04,3390
2024.03.05,02:00,68506.05,68543.08,67741.55,68137.81,3067
2024.03.05,03:00,68137.81,68223.3,67535.31,68113.94,2341
2024.03.05,04:00,68113.95,68384.54,66785.31,67326.17,4171
2024.03.05,05:00,67326.18,67326.18,65089.0,66961.09,6913
2024.03.05,06:00,66961.1,67465.2,66624.36,67286.8,2731
2024.03.05,07:00,67286.8,67344.89,66100.0,66129.64,3963
2024.03.05,08:00,66129.64,66884.72,65515.15,66866.75,4551
2024.03.05,09:00,66866.75,66880.65,66052.0,66407.89,2460
2024.03.05,10:00,66407.88,67150.0,66407.88,66810.18,2584
2024.03.05,11:00,66810.18,66895.61,66490.0,66656.31,2343
2024.03.05,12:00,66656.32,67326.52,66581.81,67325.03,2473
2024.03.05,13:00,67325.03,68025.94,67312.38,67770.01,3554
2024.03.05,14:00,67770.02,68789.0,67244.0,68710.41,5657
2024.03.05,15:00,68710.41,69000.0,66370.0,66773.05,10823
2024.03.05,16:00,66773.05,66996.36,64539.21,65495.98,12086
2024.03.05,17:00,65495.98,65628.16,63370.56,65575.2,9821
2024.03.05,18:00,65575.21,65575.21,63677.96,63988.37,5155
2024.03.05,19:00,63988.37,64244.49,59005.0,61410.98,15733
2024.03.05,20:00,61410.98,63158.52,61167.91,61886.32,12043
2024.03.05,21:00,61886.32,63979.99,61870.0,63264.24,7553
2024.03.05,22:00,63264.23,63574.26,62471.62,63397.99,3203
2024.03.05,23:00,63397.99,64367.27,63240.96,63724.01,3423
2024.03.06,00:00,63724.01,64146.45,63390.0,63429.18,3066
2024.03.06,01:00,63429.17,63780.06,63088.25,63108.6,2268
2024.03.06,02:00,63108.6,63500.0,62779.14,62795.0,2225
2024.03.06,03:00,62795.0,63373.14,62785.97,63263.21,1935
2024.03.06,04:00,63263.22,64611.97,63263.21,64607.98,2668
2024.03.06,05:00,64607.97,66414.79,64259.33,66406.8,6168
2024.03.06,06:00,66406.8,66524.0,65711.22,65737.22,3367
2024.03.06,07:00,65737.22,66761.1,65500.0,66676.46,3003
2024.03.06,08:00,66676.46,67641.1,66568.03,66941.23,5442
2024.03.06,09:00,66941.22,67361.1,66041.63,66120.14,3783
2024.03.06,10:00,66120.15,66764.7,66109.89,66660.36,2350
2024.03.06,11:00,66660.36,67323.0,66397.01,67301.31,2739
2024.03.06,12:00,67301.31,67592.31,64664.92,65929.5,6219
2024.03.06,13:00,65929.5,66639.06,65316.19,66327.48,4751
2024.03.06,14:00,66327.47,67219.77,65870.0,65896.75,5715
2024.03.06,15:00,65896.76,66680.91,65280.99,66481.12,4714
2024.03.06,16:00,66481.12,67120.04,66221.1,67086.0,2776
2024.03.06,17:00,67086.01,67347.0,66647.19,67324.84,2524
2024.03.06,18:00,67324.84,67465.0,66610.0,67084.18,2652
2024.03.06,19:00,67084.18,67230.0,66624.39,66739.48,2722
2024.03.06,20:00,66739.49,67363.58,66661.1,66888.24,2582
2024.03.06,21:00,66888.23,66888.24,66280.0,66417.72,2069
2024.03.06,22:00,66417.72,66482.54,65896.25,65916.53,1354
2024.03.06,23:00,65916.53,66256.34,65714.17,66074.04,1636
2024.03.07,00:00,66074.04,66250.06,65700.79,66198.31,1799
2024.03.07,01:00,66198.3,66430.0,65551.0,66410.0,2168
2024.03.07,02:00,66409.99,66467.88,65870.0,66101.1,2187
2024.03.07,03:00,66101.1,66374.7,65836.86,65847.29,1593
2024.03.07,04:00,65847.3,66164.75,65657.59,65843.57,1430
2024.03.07,05:00,65843.58,66123.06,65662.72,65800.0,1692
2024.03.07,06:00,65800.0,66192.4,65675.1,65871.97,1682
2024.03.07,07:00,65871.98,66469.05,65781.1,66387.78,1873
2024.03.07,08:00,66387.77,67014.0,66341.11,66665.41,2797
2024.03.07,09:00,66665.4,66893.69,66523.14,66710.32,1520
2024.03.07,10:00,66710.33,66944.15,66634.74,66898.35,1567
2024.03.07,11:00,66898.35,67275.2,66456.27,66905.34,2676
2024.03.07,12:00,66905.34,67113.9,66575.52,66712.44,2108
2024.03.07,13:00,66712.43,67010.0,66592.52,66905.69,1732
2024.03.07,14:00,66905.68,67899.0,66541.1,67024.98,6281
2024.03.07,15:00,67024.99,67579.31,66750.0,67260.01,3483
2024.03.07,16:00,67260.01,67466.07,67012.0,67304.02,2585
2024.03.07,17:00,67304.01,67980.0,67224.46,67592.92,3522
2024.03.07,18:00,67592.92,67770.0,67416.01,67601.21,1720
2024.03.07,19:00,67601.21,67848.48,67215.7,67498.02,1718
2024.03.07,20:00,67498.03,67914.74,67461.1,67537.67,2307
2024.03.07,21:00,67537.67,67574.62,67061.1,67239.67,2266
2024.03.07,22:00,67239.68,67481.1,66970.02,67102.18,1093
2024.03.07,23:00,67102.19,67167.67,66810.32,66823.17,1248
2024.03.08,00:00,66823.18,67107.49,66757.0,67072.65,1571
2024.03.08,01:00,67072.65,67256.18,66810.89,66936.02,1716
2024.03.08,02:00,66936.01,67120.13,66833.47,67117.37,1145
2024.03.08,03:00,67117.37,67254.22,66988.96,67156.09,1203
2024.03.08,04:00,67156.09,67238.2,66995.0,67069.22,818
2024.03.08,05:00,67069.22,67103.67,66782.22,66909.99,1004
2024.03.08,06:00,66910.0,67590.0,66841.1,67563.6,1501
2024.03.08,07:00,67563.6,67640.45,67153.74,67223.02,2203
2024.03.08,08:00,67223.02,67390.0,67038.71,67208.55,1261
2024.03.08,09:00,67208.56,67395.0,67040.76,67121.39,1933
2024.03.08,10:00,67121.39,67396.0,67100.0,67336.66,1266
2024.03.08,11:00,67336.66,67753.4,67258.38,67741.21,1946
2024.03.08,12:00,67741.22,67775.04,67366.24,67455.22,1386
2024.03.08,13:00,67455.23,67878.0,67300.0,67770.96,2251
2024.03.08,14:00,67770.95,68600.0,67550.85,68422.0,5385
2024.03.08,15:00,68422.0,69990.0,67150.0,67617.6,13730
2024.03.08,16:00,67617.6,67932.99,66082.66,67810.6,10962
2024.03.08,17:00,67810.59,68797.74,67658.25,68340.01,4747
2024.03.08,18:00,68340.0,68799.0,68065.82,68578.01,3564
2024.03.08,19:00,68578.01,68864.0,68116.84,68863.99,3110
2024.03.08,20:00,68864.0,69379.0,68816.0,69071.99,4987
2024.03.08,21:00,69071.99,69181.1,67807.58,68182.39,3535
2024.03.08,22:00,68182.38,68428.57,67997.21,68102.06,1760
2024.03.08,23:00,68102.07,68387.4,68040.0,68124.19,1267
2024.03.09,00:00,68124.2,68279.0,68003.86,68100.01,1280
2024.03.09,01:00,68100.0,68158.35,67861.1,67910.95,1057
2024.03.09,02:00,67910.94,68210.0,67876.9,68156.02,937
2024.03.09,03:00,68156.02,68275.74,68080.08,68247.34,700
2024.03.09,04:00,68247.34,68370.0,68133.27,68301.11,782
2024.03.09,05:00,68301.11,68301.11,68150.0,68244.98,664
2024.03.09,06:00,68244.99,68520.0,68150.26,68426.01,1042
2024.03.09,07:00,68426.01,68541.1,68280.0,68288.64,901
2024.03.09,08:00,68288.64,68453.12,68288.63,68300.0,1063
2024.03.09,09:00,68300.0,68365.64,68155.81,68301.09,941
2024.03.09,10:00,68301.1,68307.1,67933.93,68177.99,1444
2024.03.09,11:00,68177.99,68347.07,68138.0,68299.99,716
2024.03.09,12:00,68300.0,68488.0,68200.0,68475.18,889
2024.03.09,13:00,68475.18,68521.1,68319.99,68345.57,709
2024.03.09,14:00,68345.56,68395.36,68100.01,68138.68,937
2024.03.09,15:00,68138.69,68350.0,68138.68,68288.2,618
2024.03.09,16:00,68288.19,68315.94,68000.0,68104.59,1025
2024.03.09,17:00,68104.59,68232.04,68000.0,68153.86,820
2024.03.09,18:00,68153.86,68323.29,68121.69,68250.01,607
2024.03.09,19:00,68250.0,68325.0,68146.78,68193.51,626
2024.03.09,20:00,68193.51,68350.0,68193.51,68333.24,561
2024.03.09,21:00,68333.24,68425.7,68209.59,68376.13,561
2024.03.09,22:00,68376.13,68411.32,68316.41,68364.99,401
2024.03.09,23:00,68364.99,68433.17,68272.0,68313.27,580
2024.03.10,00:00,68313.28,68449.18,68200.0,68343.12,1024
2024.03.10,01:00,68343.11,69216.0,68314.3,68939.55,3562
2024.03.10,02:00,68939.56,69190.0,68769.57,68822.58,1408
2024.03.10,03:00,68822.57,69140.0,68710.0,69136.79,1149
2024.03.10,04:00,69136.78,69659.47,69024.62,69403.81,2500
2024.03.10,05:00,69403.82,69510.05,69192.98,69330.32,1172
2024.03.10,06:00,69330.33,69379.25,69071.69,69325.92,793
2024.03.10,07:00,69325.91,69439.38,69242.01,69347.16,930
2024.03.10,08:00,69347.16,69686.94,69331.48,69635.35,1253
2024.03.10,09:00,69635.35,69844.0,69162.0,69776.31,3085
2024.03.10,10:00,69776.32,69887.61,69550.0,69750.08,2093
2024.03.10,11:00,69750.08,69835.75,69359.41,69568.46,1279
2024.03.10,12:00,69568.45,69833.33,69421.87,69777.94,2014
2024.03.10,13:00,69777.93,69820.0,69118.0,69313.56,1985
2024.03.10,14:00,69313.55,69468.0,68641.1,69270.0,2486
2024.03.10,15:00,69269.99,69415.59,68965.66,69194.83,1753
2024.03.10,16:00,69194.83,69768.58,69157.55,69426.42,1701
2024.03.10,17:00,69426.41,69600.0,69350.0,69413.53,769
2024.03.10,18:00,69413.53,69471.56,69186.02,69233.97,772
2024.03.10,19:00,69233.96,69447.59,69111.89,69400.19,762
2024.03.10,20:00,69400.19,69470.01,69241.1,69310.0,627
2024.03.10,21:00,69310.0,69386.45,69086.77,69100.0,810
2024.03.10,22:00,69100.0,69100.0,68094.75,68418.59,2817
2024.03.10,23:00,68418.59,68998.71,68357.49,68955.88,1648
2024.03.11,00:00,68955.88,68955.9,67024.96,68095.99,3708
2024.03.11,01:00,68095.99,68376.0,67584.2,68299.17,2744
2024.03.11,02:00,68299.17,68518.3,68255.47,68314.71,1422
2024.03.11,03:00,68314.72,68632.32,68283.6,68604.42,1247
2024.03.11,04:00,68604.41,68812.21,68468.95,68540.12,989
2024.03.11,05:00,68540.12,68807.44,68501.1,68550.4,1079
2024.03.11,06:00,68550.4,69371.81,68445.91,69319.79,1555
2024.03.11,07:00,69319.79,71298.0,69275.61,71019.99,13723
2024.03.11,08:00,71019.99,71658.0,71019.99,71190.0,5120
2024.03.11,09:00,71190.0,71831.99,71150.0,71770.0,3175
2024.03.11,10:00,71770.01,71807.96,71461.1,71504.01,2995
2024.03.11,11:00,71504.0,72226.3,71270.09,71487.2,4731
2024.03.11,12:00,71487.21,72167.38,71304.2,71968.27,3449
2024.03.11,13:00,71968.26,72380.0,71336.0,71503.97,4484
2024.03.11,14:00,71503.97,72353.54,71492.0,72170.68,3581
2024.03.11,15:00,72170.69,72661.1,72000.0,72010.0,4065
2024.03.11,16:00,72010.01,72600.0,71795.29,72501.1,3755
2024.03.11,17:00,72501.11,72520.0,72223.0,72481.11,2169
2024.03.11,18:00,72481.11,72598.69,72180.0,72480.0,1980
2024.03.11,19:00,72479.99,72800.0,71760.0,71970.0,3697
2024.03.11,20:00,71970.0,72261.1,71836.36,72115.76,1276
2024.03.11,21:00,72115.77,72594.13,72038.31,72517.32,1118
2024.03.11,22:00,72517.32,72750.0,72392.57,72441.11,1838
2024.03.11,23:00,72441.1,72444.66,72053.94,72078.1,1380
2024.03.12,00:00,72078.1,72324.0,71985.89,71988.27,1750
2024.03.12,01:00,71988.28,72470.41,71900.0,72433.34,1273
2024.03.12,02:00,72433.34,72433.35,72138.64,72183.97,982
2024.03.12,03:00,72183.97,72241.85,71400.0,71619.0,2936
2024.03.12,04:00,71619.0,72083.63,71301.0,71809.3,2011
2024.03.12,05:00,71809.3,72071.42,71710.0,71981.11,1004
2024.03.12,06:00,71981.1,72272.08,71441.1,72266.47,2106
2024.03.12,07:00,72266.48,72355.15,72021.11,72121.1,1799
2024.03.12,08:00,72121.1,72188.46,71388.0,71677.32,2545
2024.03.12,09:00,71677.32,72085.06,71677.32,71936.0,1506
2024.03.12,10:00,71936.0,71999.0,71647.14,71864.0,1230
2024.03.12,11:00,71864.0,72376.0,71860.0,72023.82,2041
2024.03.12,12:00,72023.82,72294.17,71470.0,72193.19,3693
2024.03.12,13:00,72193.18,72333.02,71704.56,72293.8,3043
2024.03.12,14:00,72293.81,73000.0,71620.0,71666.79,6222
2024.03.12,15:00,71666.8,72083.61,70800.0,71703.41,4157
2024.03.12,16:00,71703.41,71829.11,70114.34,70507.37,6044
2024.03.12,17:00,70507.38,71121.1,68620.82,71092.55,10154
2024.03.12,18:00,71092.55,71497.49,70500.0,71410.21,4234
2024.03.12,19:00,71410.2,71655.0,71206.79,71349.99,3582
2024.03.12,20:00,71349.99,71350.0,70621.1,71037.63,2208
2024.03.12,21:00,71037.64,71120.55,70607.86,70845.21,1423
2024.03.12,22:00,70845.22,71270.82,70680.51,71162.01,1530
2024.03.12,23:00,71162.01,71550.05,71034.01,71452.01,1300
2024.03.13,00:00,71452.0,71745.0,71333.31,71410.68,1495
2024.03.13,01:00,71410.69,72100.0,71369.9,72005.37,2211
2024.03.13,02:00,72005.38,72079.8,71867.06,71980.0,1166
2024.03.13,03:00,71980.0,72217.79,71881.42,72057.43,1493
2024.03.13,04:00,72057.43,72210.0,71920.0,72210.0,1233
2024.03.13,05:00,72209.99,72210.0,71982.25,72152.39,1033
2024.03.13,06:00,72152.39,72724.94,72110.0,72708.0,2518
2024.03.13,07:00,72707.99,73182.22,72636.08,72855.16,3660
2024.03.13,08:00,72855.15,73650.25,72820.0,73433.5,3835
2024.03.13,09:00,73433.49,73607.8,73131.0,73306.52,2238
2024.03.13,10:00,73306.52,73387.21,73121.1,73256.02,1652
2024.03.13,11:00,73256.01,73481.31,73041.43,73065.41,1861
2024.03.13,12:00,73065.4,73180.0,72456.0,72810.0,2752
2024.03.13,13:00,72809.99,73030.74,71634.52,72183.65,4251
2024.03.13,14:00,72183.62,72910.38,72001.1,72352.8,4166
2024.03.13,15:00,72352.79,73091.41,72289.03,72634.95,2869
2024.03.13,16:00,72634.95,73000.0,72350.0,72995.91,2373
2024.03.13,17:00,72995.92,73180.0,72660.99,72820.61,2271
2024.03.13,18:00,72820.61,73263.99,72721.16,73133.59,1790
2024.03.13,19:00,73133.59,73394.19,72778.88,73349.24,2292
2024.03.13,20:00,73349.24,73410.22,72924.26,73088.73,1710
2024.03.13,21:00,73088.72,73361.01,72940.0,73240.2,1365
2024.03.13,22:00,73240.21,73268.0,72788.15,72951.83,1367
2024.03.13,23:00,72951.82,73129.8,72896.46,73072.41,1046
2024.03.14,00:00,73072.4,73169.44,72759.07,72842.77,1465
2024.03.14,01:00,72842.77,72950.57,72500.0,72928.31,1521
2024.03.14,02:00,72928.32,73220.0,72817.4,73012.73,1143
2024.03.14,03:00,73012.74,73288.3,73009.11,73267.08,1339
2024.03.14,04:00,73267.08,73658.0,72680.0,72961.08,2576
2024.03.14,05:00,72961.09,73172.0,72734.22,73143.98,1340
2024.03.14,06:00,73143.98,73600.0,73123.7,73577.35,1762
2024.03.14,07:00,73577.35,73777.0,73100.0,73224.0,2055
2024.03.14,08:00,73224.0,73528.11,73215.14,73321.11,1350
2024.03.14,09:00,73321.1,73500.0,73156.0,73329.12,1207
2024.03.14,10:00,73329.11,73335.96,72861.1,72983.59,1673
2024.03.14,11:00,72983.59,73025.0,72627.0,72884.0,2175
2024.03.14,12:00,72884.01,73047.16,72401.0,72829.93,2804
2024.03.14,13:00,72829.94,72919.6,71360.8,71884.81,5768
2024.03.14,14:00,71884.82,72536.03,71215.0,71690.0,4628
2024.03.14,15:00,71689.99,72068.96,70543.64,70844.01,5356
2024.03.14,16:00,70844.0,71445.0,69880.0,71337.63,6369
2024.03.14,17:00,71337.64,71458.0,70700.0,71036.01,2805
2024.03.14,18:00,71036.0,71036.01,69309.38,70098.5,4914
2024.03.14,19:00,70098.49,70441.1,68555.0,69415.09,8830
2024.03.14,20:00,69415.09,71199.0,69303.75,70744.9,4740
2024.03.14,21:00,70744.9,71132.73,70288.2,71105.58,2038
2024.03.14,22:00,71105.58,71666.38,71083.34,71539.2,2572
2024.03.14,23:00,71539.21,71709.9,71380.0,71388.94,1315
2024.03.15,00:00,71388.94,72419.71,71254.0,71910.01,2801
2024.03.15,01:00,71910.01,72068.42,71604.01,71631.99,1678
2024.03.15,02:00,71632.0,71749.48,68000.0,69035.38,7541
2024.03.15,03:00,69035.39,69440.91,66699.0,68224.01,10401
2024.03.15,04:00,68224.01,68514.61,66904.98,67447.99,6549
2024.03.15,05:00,67447.98,68250.0,67126.81,67441.1,4175
2024.03.15,06:00,67441.09,68680.0,67426.29,68670.0,3626
2024.03.15,07:00,68669.99,68861.1,68130.25,68448.29,2877
2024.03.15,08:00,68448.28,68600.0,67024.0,67066.26,4991
2024.03.15,09:00,67066.25,68103.44,65600.0,67799.31,9793
2024.03.15,10:00,67799.31,68100.0,67230.55,67250.78,3679
2024.03.15,11:00,67250.79,67888.09,66740.01,67757.76,4257
2024.03.15,12:00,67757.75,68059.99,67475.0,67915.01,2510
2024.03.15,13:00,67915.0,68667.61,67424.79,68474.26,3842
2024.03.15,14:00,68474.26,68630.9,67868.01,68622.81,3300
2024.03.15,15:00,68622.81,68746.69,68121.1,68157.07,2827
2024.03.15,16:00,68157.07,68424.46,67520.01,67893.77,4254
2024.03.15,17:00,67893.78,68334.0,67625.0,68221.1,2277
2024.03.15,18:00,68221.09,70498.99,68214.8,70234.0,5004
2024.03.15,19:00,70234.0,70650.0,68551.05,68964.0,5784
2024.03.15,20:00,68964.0,68966.5,67413.8,67871.99,4765
2024.03.15,21:00,67871.98,68309.04,67832.46,68309.04,1806
2024.03.15,22:00,68309.03,69192.37,68204.01,69104.3,2089
2024.03.15,23:00,69104.3,69750.0,68801.1,69499.85,2496
2024.03.16,00:00,69499.84,70043.0,69422.68,69639.99,2334
2024.03.16,01:00,69640.0,69880.0,69056.0,69286.2,1995
2024.03.16,02:00,69286.19,69320.0,68932.01,69073.14,1460
2024.03.16,03:00,69073.15,69435.99,68974.79,69200.08,1272
2024.03.16,04:00,69200.07,69296.8,68805.01,69011.01,1386
2024.03.16,05:00,69011.01,69106.78,68600.0,68984.91,1580
2024.03.16,06:00,68984.91,69231.84,68932.0,69186.91,1088
2024.03.16,07:00,69186.92,69460.91,69141.1,69432.45,1138
2024.03.16,08:00,69432.45,69436.24,68952.0,69021.96,1679
2024.03.16,09:00,69021.97,69155.13,68842.07,68938.96,1346
2024.03.16,10:00,68938.95,68990.0,68310.36,68427.54,2126
2024.03.16,11:00,68427.54,68563.92,67725.53,68256.01,2721
2024.03.16,12:00,68256.0,68457.13,67867.14,67884.01,2065
2024.03.16,13:00,67884.02,68267.72,67644.82,67704.31,2399
2024.03.16,14:00,67704.31,68229.88,67524.0,68194.2,2266
2024.03.16,15:00,68194.19,68499.1,67846.88,68385.58,1859
2024.03.16,16:00,68385.58,68407.94,68121.7,68187.05,1317
2024.03.16,17:00,68187.05,68235.0,67121.14,67275.86,2833
2024.03.16,18:00,67275.85,67388.0,66670.0,67030.6,4341
2024.03.16,19:00,67030.6,67699.0,66890.2,66911.52,3261
2024.03.16,20:00,66911.51,67538.49,66739.81,67129.19,2592
2024.03.16,21:00,67129.19,67241.1,66015.89,66243.28,3430
2024.03.16,22:00,66243.29,66786.44,65804.0,66361.11,2832
2024.03.16,23:00,66361.11,66375.07,64780.0,65300.63,6594
2024.03.17,00:00,65300.64,66305.54,65122.23,65220.55,4363
2024.03.17,01:00,65220.55,66190.0,65220.55,66174.74,2954
2024.03.17,02:00,66174.74,66565.0,66030.0,66364.17,1779
2024.03.17,03:00,66364.17,66576.39,66197.43,66538.99,1092
2024.03.17,04:00,66538.99,66560.0,66261.13,66351.76,963
2024.03.17,05:00,66351.75,66531.61,66000.0,66235.68,1125
2024.03.17,06:00,66235.67,66354.42,64940.13,64961.11,2833
2024.03.17,07:00,64961.1,65776.87,64533.0,65636.67,4662
2024.03.17,08:00,65636.68,66714.99,65290.0,66521.1,2914
2024.03.17,09:00,66521.11,66817.33,66260.0,66461.25,2075
2024.03.17,10:00,66461.25,67420.36,66410.01,67169.11,2414
2024.03.17,11:00,67169.12,67515.0,66913.51,66955.49,1633
2024.03.17,12:00,66955.49,67404.53,66436.92,66584.19,2073
2024.03.17,13:00,66584.19,67481.09,66584.18,67127.11,2316
2024.03.17,14:00,67127.11,67609.99,66892.0,67609.99,1543
2024.03.17,15:00,67609.99,68111.45,67242.77,67965.5,2333
2024.03.17,16:00,67965.51,68385.82,67769.86,68021.79,2381
2024.03.17,17:00,68021.79,68693.75,67911.19,68550.22,1826
2024.03.17,18:00,68550.22,68619.37,68029.85,68172.4,1584
2024.03.17,19:00,68172.41,68571.1,68099.91,68536.73,897
2024.03.17,20:00,68536.72,68666.0,68205.15,68269.06,1200
2024.03.17,21:00,68269.05,68379.31,67953.35,68143.36,951
2024.03.17,22:00,68143.36,68904.4,68143.35,68228.01,2169
2024.03.17,23:00,68228.01,68655.17,68075.38,68393.48,1651
2024.03.18,00:00,68393.47,68425.97,67286.82,67301.94,3045
2024.03.18,01:00,67301.94,67775.0,66800.0,67630.46,2818
2024.03.18,02:00,67630.45,68188.57,67400.01,67764.25,1720
2024.03.18,03:00,67764.25,68150.0,67740.02,67972.01,1459
2024.03.18,04:00,67972.01,68558.86,67704.01,68360.01,1771
2024.03.18,05:00,68360.01,68956.0,68212.24,68693.43,2051
2024.03.18,06:00,68693.43,68717.29,68400.0,68481.1,1212
2024.03.18,07:00,68481.09,68481.1,68122.1,68218.38,1748
2024.03.18,08:00,68218.38,68229.17,67300.0,68035.46,2834
2024.03.18,09:00,68035.46,68226.73,67650.0,67843.98,2233
2024.03.18,10:00,67843.98,68200.0,67700.0,68130.0,1633
2024.03.18,11:00,68129.99,68483.96,68014.86,68253.4,1337
2024.03.18,12:00,68253.39,68600.0,68027.32,68550.54,1971
2024.03.18,13:00,68550.53,68627.81,67169.13,67552.39,4012
2024.03.18,14:00,67552.4,67816.97,66644.15,66996.69,4171
2024.03.18,15:00,66996.68,67482.11,66628.68,67467.19,3035
2024.03.18,16:00,67467.19,68079.52,66968.95,67124.13,4358
2024.03.18,17:00,67124.12,67486.15,66565.2,67388.27,3418
2024.03.18,18:00,67388.28,67467.94,66944.1,67010.0,2128
2024.03.18,19:00,67010.01,67437.5,66870.95,66936.0,2256
2024.03.18,20:00,66936.0,67395.41,66935.99,67358.17,1427
2024.03.18,21:00,67358.17,67896.55,67340.33,67621.51,1836
2024.03.18,22:00,67621.51,67710.0,67294.02,67692.0,1674
2024.03.18,23:00,67692.0,67999.0,67523.0,67609.99,1531
2024.03.19,00:00,67610.0,68124.11,66861.1,67086.96,2857
2024.03.19,01:00,67086.96,67181.09,65804.22,65851.61,5222
2024.03.19,02:00,65851.6,66384.61,65501.0,65875.88,3471
2024.03.19,03:00,65875.87,66041.78,64860.0,65876.01,4795
2024.03.19,04:00,65876.01,65976.1,65031.8,65341.18,3304
2024.03.19,05:00,65341.18,65615.38,64628.0,65214.3,3502
2024.03.19,06:00,65214.3,65435.61,64603.01,64927.99,3151
2024.03.19,07:00,64927.99,64928.0,63577.0,64704.22,6052
2024.03.19,08:00,64704.23,64710.69,63129.0,63464.0,5729
2024.03.19,09:00,63463.64,64200.0,62982.8,64141.84,6199
2024.03.19,10:00,64141.84,64146.15,62732.0,63256.01,4588
2024.03.19,11:00,63256.01,63396.0,62505.0,63081.34,5243
2024.03.19,12:00,63081.34,63818.35,63000.0,63624.0,4485
2024.03.19,13:00,63624.0,63861.1,63061.1,63564.01,3413
2024.03.19,14:00,63564.01,63564.01,62410.78,62888.0,5632
2024.03.19,15:00,62888.0,64150.0,62600.0,64051.85,6290
2024.03.19,16:00,64051.85,65040.0,63969.58,64972.0,5201
2024.03.19,17:00,64971.99,65756.0,64630.14,64868.01,4771
2024.03.19,18:00,64868.01,64943.39,64200.0,64716.59,2590
2024.03.19,19:00,64716.58,65306.72,64386.3,64391.99,2149
2024.03.19,20:00,64392.0,64500.12,63547.38,63770.38,3040
2024.03.19,21:00,63770.37,64109.98,63534.12,63952.01,1385
2024.03.19,22:00,63952.01,64036.5,62461.58,62633.96,3308
2024.03.19,23:00,62633.97,62812.24,61555.0,61937.4,4617
2024.03.20,00:00,61937.41,63386.14,61840.0,63230.02,4342
2024.03.20,01:00,63230.02,63240.0,61885.0,62374.86,3539
2024.03.20,02:00,62374.87,63035.41,62226.61,62881.4,2810
2024.03.20,03:00,62881.4,63466.21,61666.0,61860.81,3567
2024.03.20,04:00,61860.82,62341.1,61111.0,61646.91,5127
2024.03.20,05:00,61646.91,61774.25,60775.0,61549.53,4731
2024.03.20,06:00,61549.54,62033.53,61520.64,61749.99,2582
2024.03.20,07:00,61750.0,63198.83,61724.79,62957.85,3963
2024.03.20,08:00,62957.85,63295.0,62668.8,62684.71,3392
2024.03.20,09:00,62684.71,63369.58,62640.0,63215.9,2699
2024.03.20,10:00,63215.91,63289.15,62841.1,63041.1,1833
2024.03.20,11:00,63041.09,63957.74,62973.15,63392.94,3175
2024.03.20,12:00,63392.95,64353.57,63175.17,64056.07,3806
2024.03.20,13:00,64056.07,64059.59,63066.6,63608.83,3240
2024.03.20,14:00,63608.83,64330.0,63453.01,64227.38,3474
2024.03.20,15:00,64227.38,64395.0,63400.01,63600.37,4056
2024.03.20,16:00,63600.37,63790.0,62022.0,63103.63,5770
2024.03.20,17:00,63103.63,64776.72,62841.11,64107.58,5445
2024.03.20,18:00,64107.58,65470.0,63952.39,65414.93,4302
2024.03.20,19:00,65414.93,66000.0,65100.3,65784.46,4042
2024.03.20,20:00,65784.47,67793.0,65656.41,67057.56,6047
2024.03.20,21:00,67057.56,67899.99,66913.93,67676.15,3381
2024.03.20,22:00,67676.15,68100.0,67355.21,67681.94,2784
2024.03.20,23:00,67681.94,68050.72,67424.11,67840.51,2300
2024.03.21,00:00,67840.51,68240.47,67430.0,67656.0,2922
2024.03.21,01:00,67656.01,67951.15,67656.0,67796.93,1712
2024.03.21,02:00,67796.94,67932.6,67500.0,67531.96,1730
2024.03.21,03:00,67531.96,67740.0,66340.0,66654.45,3183
2024.03.21,04:00,66654.46,66948.0,66479.46,66719.99,2173
2024.03.21,05:00,66719.99,67082.06,66072.2,67009.51,2339
2024.03.21,06:00,67009.51,67330.0,66911.27,66980.01,1916
2024.03.21,07:00,66980.01,67324.0,66920.7,66985.19,1346
2024.03.21,08:00,66985.19,67659.53,66980.0,67283.55,2334
2024.03.21,09:00,67283.54,67360.0,66650.0,66843.96,1937
2024.03.21,10:00,66843.96,67020.0,66660.0,66966.84,1182
2024.03.21,11:00,66966.83,67229.62,66740.0,67044.0,1371
2024.03.21,12:00,67044.01,67469.0,67000.0,67244.01,1534
2024.03.21,13:00,67244.01,67693.6,66620.0,66736.01,3275
2024.03.21,14:00,66736.01,67395.2,66531.53,66860.07,2038
2024.03.21,15:00,66860.07,66981.01,65885.96,66557.77,3395
2024.03.21,16:00,66557.77,66826.75,66183.9,66791.93,1985
2024.03.21,17:00,66791.93,67000.0,65666.0,65724.99,2748
2024.03.21,18:00,65724.99,65867.92,64871.01,65133.67,4029
2024.03.21,19:00,65133.66,65568.56,64956.26,65223.74,3119
2024.03.21,20:00,65223.73,65946.66,64529.01,65479.93,3705
2024.03.21,21:00,65479.94,65730.0,65100.0,65653.97,1036
2024.03.21,22:00,65653.98,65857.27,65343.23,65392.19,1369
2024.03.21,23:00,65392.2,65624.13,65282.0,65501.27,968
2024.03.22,00:00,65501.28,65985.44,65360.0,65794.0,1870
2024.03.22,01:00,65793.99,65930.0,65212.73,65243.99,1560
2024.03.22,02:00,65243.99,65717.19,65120.01,65644.0,1573
2024.03.22,03:00,65644.0,66160.0,65570.89,65981.99,1855
2024.03.22,04:00,65981.99,66288.02,65756.64,66144.85,1210
2024.03.22,05:00,66144.85,66434.48,65938.34,66430.01,1112
2024.03.22,06:00,66430.01,66649.62,66305.79,66448.08,1636
2024.03.22,07:00,66448.08,66448.09,66124.5,66178.01,1046
2024.03.22,08:00,66178.01,66363.1,65805.23,65858.68,1391
2024.03.22,09:00,65858.68,66053.7,65344.41,65481.99,1549
2024.03.22,10:00,65482.0,65600.0,64540.01,64656.37,2887
2024.03.22,11:00,64656.37,64956.0,64065.72,64233.9,2536
2024.03.22,12:00,64233.9,64674.06,63924.42,64260.51,2428
2024.03.22,13:00,64260.51,64433.27,62820.0,63058.61,4779
2024.03.22,14:00,63058.61,63465.3,62601.11,62739.99,4475
2024.03.22,15:00,62739.99,64341.89,62634.58,63877.04,4095
2024.03.22,16:00,63877.04,63883.97,62766.63,63270.62,3056
2024.03.22,17:00,63270.61,63770.91,63260.01,63579.37,1877
2024.03.22,18:00,63579.36,63974.12,63440.0,63745.83,1625
2024.03.22,19:00,63745.84,64126.09,63440.29,63866.93,1913
2024.03.22,20:00,63866.94,63978.86,63355.85,63501.66,1145
2024.03.22,21:00,63501.67,63517.15,62260.0,62974.0,2900
2024.03.22,22:00,62974.0,63236.03,62553.96,63022.0,1830
2024.03.22,23:00,63022.01,63812.0,62985.0,63796.64,1123
2024.03.23,00:00,63796.64,63804.0,63536.3,63571.99,973
2024.03.23,01:00,63572.0,64334.25,63544.0,64111.63,1899
2024.03.23,02:00,64111.63,64374.91,63739.0,63861.79,1166
2024.03.23,03:00,63861.78,63866.0,63000.0,63556.0,1312
2024.03.23,04:00,63556.0,64090.0,63506.5,63880.63,934
2024.03.23,05:00,63880.62,64132.71,63720.76,64075.12,605
2024.03.23,06:00,64075.13,64289.98,63984.0,64166.0,672
2024.03.23,07:00,64166.01,64856.01,64162.02,64575.41,1460
2024.03.23,08:00,64575.41,64857.14,64220.0,64521.99,1135
2024.03.23,09:00,64522.0,64597.64,64186.21,64470.0,802
2024.03.23,10:00,64470.0,64712.33,64204.09,64320.01,884
2024.03.23,11:00,64320.0,64629.62,64234.0,64629.62,639
2024.03.23,12:00,64629.61,64926.87,64537.75,64697.94,1088
2024.03.23,13:00,64697.94,64721.4,64278.15,64596.06,1107
2024.03.23,14:00,64596.06,65414.69,64387.45,65248.0,2066
2024.03.23,15:00,65247.79,65350.0,64733.15,65104.05,1340
2024.03.23,16:00,65104.06,65815.31,64892.25,65661.34,2093
2024.03.23,17:00,65661.33,65999.0,65470.44,65652.7,1424
2024.03.23,18:00,65652.7,65681.72,65270.01,65373.88,692
2024.03.23,19:00,65373.88,65485.15,64786.25,64872.9,1058
2024.03.23,20:00,64872.9,65118.2,64672.93,65009.78,677
2024.03.23,21:00,65009.79,65199.97,64780.0,64944.69,442
2024.03.23,22:00,64944.68,65050.72,64744.55,64747.86,474
2024.03.23,23:00,64747.87,64810.0,63861.66,63990.01,1455
2024.03.24,00:00,63990.02,64576.73,63954.85,64524.0,870
2024.03.24,01:00,64524.0,64723.16,64380.0,64470.0,538
2024.03.24,02:00,64470.01,64539.99,64170.0,64278.06,658
2024.03.24,03:00,64278.05,64278.06,63922.85,63962.98,868
2024.03.24,04:00,63962.98,64250.0,63772.29,64218.0,843
2024.03.24,05:00,64218.0,64379.62,64103.33,64304.57,431
2024.03.24,06:00,64304.57,64418.54,64086.19,64218.94,522
2024.03.24,07:00,64218.93,64583.44,64027.77,64583.43,887
2024.03.24,08:00,64583.44,65259.42,64476.0,65244.0,1825
2024.03.24,09:00,65244.0,65251.99,64800.0,64880.02,927
2024.03.24,10:00,64880.01,65368.66,64872.0,65098.01,862
2024.03.24,11:00,65098.01,65349.56,64958.0,65334.01,873
2024.03.24,12:00,65334.0,65783.88,65177.28,65646.77,1705
2024.03.24,13:00,65646.76,65825.0,65262.8,65357.71,1308
2024.03.24,14:00,65357.72,65925.19,65315.32,65649.99,1477
2024.03.24,15:00,65650.0,65750.07,65433.22,65673.36,856
2024.03.24,16:00,65673.36,65838.88,65177.38,65249.04,1202
2024.03.24,17:00,65249.04,65539.01,64600.01,65345.99,2260
2024.03.24,18:00,65345.99,66045.99,65340.0,65846.01,1923
2024.03.24,19:00,65846.01,66041.67,65667.66,65843.02,1490
2024.03.24,20:00,65843.02,66450.0,65730.6,66161.86,1944
2024.03.24,21:00,66161.87,66666.0,66161.86,66530.01,1442
2024.03.24,22:00,66530.01,67000.0,66480.01,66951.26,2145
2024.03.24,23:00,66951.26,67628.69,66925.6,67209.99,3528
2024.03.25,00:00,67210.0,67318.18,66503.97,66577.34,1749
2024.03.25,01:00,66577.34,66997.01,66430.0,66556.0,1143
2024.03.25,02:00,66556.0,66803.16,66385.06,66700.01,961
2024.03.25,03:00,66700.01,67350.0,66575.76,67350.0,1256
2024.03.25,04:00,67350.0,67533.33,67034.01,67505.99,1505
2024.03.25,05:00,67506.0,67740.0,67264.11,67350.0,1504
2024.03.25,06:00,67350.0,67400.0,66928.57,67149.99,1145
2024.03.25,07:00,67150.0,67277.56,66710.0,66821.19,1030
2024.03.25,08:00,66821.19,67200.0,66792.4,66938.67,1121
2024.03.25,09:00,66938.68,67100.0,66747.65,67055.96,963
2024.03.25,10:00,67055.96,67344.23,66840.9,66994.33,1181
2024.03.25,11:00,66994.32,67020.0,66760.0,66810.15,1267
2024.03.25,12:00,66810.15,67267.92,66780.0,67079.99,1117
2024.03.25,13:00,67079.99,68000.0,66843.61,67984.0,2834
2024.03.25,14:00,67984.01,69450.0,67677.45,69377.19,9198
2024.03.25,15:00,69377.2,70000.0,69136.88,69792.05,5270
2024.03.25,16:00,69792.06,70273.0,69440.18,70154.42,3937
2024.03.25,17:00,70154.41,70844.44,70133.18,70559.09,3892
2024.03.25,18:00,70559.08,70913.73,70364.8,70857.09,2325
2024.03.25,19:00,70857.1,71000.0,70516.87,70960.89,2794
2024.03.25,20:00,70960.89,71150.0,70684.84,70907.21,1846
2024.03.25,21:00,70907.21,70941.1,69562.09,69853.57,2779
2024.03.25,22:00,69853.58,70681.03,69850.0,70310.0,1460
2024.03.25,23:00,70309.99,70469.99,69725.51,69880.01,1140
2024.03.26,00:00,69880.0,70221.1,69732.8,69893.0,1197
2024.03.26,01:00,69892.99,70323.79,69800.0,70284.19,1059
2024.03.26,02:00,70284.19,70549.54,70045.0,70530.0,1200
2024.03.26,03:00,70529.99,70606.0,70288.0,70423.11,985
2024.03.26,04:00,70423.11,70665.83,70401.11,70600.83,797
2024.03.26,05:00,70600.82,70609.17,70274.55,70300.0,933
2024.03.26,06:00,70300.0,70616.64,70260.3,70616.01,986
2024.03.26,07:00,70616.01,71561.1,70412.33,70486.38,3728
2024.03.26,08:00,70486.38,70820.0,70268.66,70693.66,1845
2024.03.26,09:00,70693.66,71280.0,70620.0,71142.23,1462
2024.03.26,10:00,71142.24,71194.99,70865.73,70893.73,1466
2024.03.26,11:00,70893.73,70906.72,70578.0,70693.16,1260
2024.03.26,12:00,70693.17,71113.5,70524.0,71109.99,1464
2024.03.26,13:00,71109.99,71136.63,70070.0,70389.99,2884
2024.03.26,14:00,70389.99,70676.2,69280.0,70310.0,4822
2024.03.26,15:00,70310.01,70348.05,69686.6,70250.0,1891
2024.03.26,16:00,70250.01,70499.0,69412.0,69729.99,2778
2024.03.26,17:00,69729.99,70200.0,69502.0,70066.55,1525
2024.03.26,18:00,70066.54,70400.0,69927.49,69932.0,1025
2024.03.26,19:00,69931.99,70081.1,69445.97,69477.67,2297
2024.03.26,20:00,69477.66,69872.0,69401.72,69827.76,982
2024.03.26,21:00,69827.76,70197.05,69730.0,70000.68,819
2024.03.26,22:00,70000.67,70280.0,69652.01,70249.22,810
2024.03.26,23:00,70249.21,70305.33,69946.14,69988.0,707
2024.03.27,00:00,69987.99,70700.0,69840.0,70619.99,1521
2024.03.27,01:00,70619.99,70739.65,70170.67,70326.74,1197
2024.03.27,02:00,70326.74,70588.0,70175.0,70575.94,830
2024.03.27,03:00,70575.94,70687.73,70310.01,70387.99,822
2024.03.27,04:00,70388.0,70487.37,70034.45,70190.0,1011
2024.03.27,05:00,70190.0,70519.99,70154.37,70475.07,830
2024.03.27,06:00,70475.06,70598.0,70164.46,70309.99,785
2024.03.27,07:00,70310.0,70331.62,69640.0,69725.99,1565
2024.03.27,08:00,69726.0,69991.71,69510.0,69547.91,1124
2024.03.27,09:00,69547.91,70111.0,69407.0,70057.6,1641
2024.03.27,10:00,70057.6,70200.4,69920.0,70112.01,1223
2024.03.27,11:00,70112.01,70359.97,70021.1,70220.73,1182
2024.03.27,12:00,70220.73,70375.39,69994.01,70186.18,1212
2024.03.27,13:00,70186.17,71769.54,69645.04,69892.0,8425
2024.03.27,14:00,69891.99,70218.08,68534.01,70050.74,8808
2024.03.27,15:00,70050.74,70078.5,68868.59,68874.0,3881
2024.03.27,16:00,68873.99,69310.0,68359.18,69244.0,3154
2024.03.27,17:00,69244.01,69406.0,68600.0,68680.01,1536
2024.03.27,18:00,68680.01,68925.6,68410.0,68475.61,1899
2024.03.27,19:00,68475.6,68933.33,68468.01,68652.0,1505
2024.03.27,20:00,68652.01,69163.01,68630.0,68906.02,1062
2024.03.27,21:00,68906.01,69250.0,68900.0,68941.99,1093
2024.03.27,22:00,68942.0,69441.4,68919.46,69440.14,1447
2024.03.27,23:00,69440.15,69637.66,69072.4,69469.99,1352
2024.03.28,00:00,69469.99,69980.0,69382.0,69682.0,1354
2024.03.28,01:00,69682.0,69750.51,69300.0,69442.6,975
2024.03.28,02:00,69442.6,69578.81,68903.62,69146.89,1106
2024.03.28,03:00,69146.9,69373.13,69068.0,69290.0,785
2024.03.28,04:00,69290.0,69764.7,69280.0,69717.22,1037
2024.03.28,05:00,69717.22,69939.42,69610.0,69714.2,794
2024.03.28,06:00,69714.21,70400.0,69646.0,70363.74,1811
2024.03.28,07:00,70363.74,70469.82,70192.71,70399.03,1282
2024.03.28,08:00,70399.04,70865.58,70292.44,70578.1,2225
2024.03.28,09:00,70578.1,70940.29,70527.36,70566.0,1444
2024.03.28,10:00,70565.99,70848.8,70337.43,70800.0,1688
2024.03.28,11:00,70800.0,70962.63,70521.11,70647.18,1414
2024.03.28,12:00,70647.18,70850.7,70348.75,70839.16,1589
2024.03.28,13:00,70839.15,71364.95,70397.96,70877.98,3338
2024.03.28,14:00,70877.98,71552.06,70682.9,71537.97,3947
2024.03.28,15:00,71537.97,71537.98,70974.96,71290.39,2460
2024.03.28,16:00,71290.38,71320.0,70521.97,70686.95,1919
2024.03.28,17:00,70686.96,70838.7,70450.0,70791.17,1044
2024.03.28,18:00,70791.16,70975.99,70404.0,70550.0,1007
2024.03.28,19:00,70550.0,70913.93,70482.33,70798.26,1228
2024.03.28,20:00,70798.26,70876.0,70620.11,70674.08,749
2024.03.28,21:00,70674.08,70906.5,70654.77,70781.81,598
2024.03.28,22:00,70781.81,70882.17,70541.9,70848.01,784
2024.03.28,23:00,70848.0,71074.03,70687.94,70780.6,849
2024.03.29,00:00,70780.6,70827.99,70606.0,70735.8,571
2024.03.29,01:00,70735.79,70916.16,70647.06,70790.01,723
2024.03.29,02:00,70790.01,70815.8,70580.34,70619.27,710
2024.03.29,03:00,70619.28,70714.0,70274.07,70442.22,1029
2024.03.29,04:00,70442.23,70538.78,70286.0,70365.05,795
2024.03.29,05:00,70365.05,70456.4,70176.97,70180.7,732
2024.03.29,06:00,70180.71,70478.0,70025.0,70438.02,761
2024.03.29,07:00,70438.01,70498.08,69746.33,69794.0,1726
2024.03.29,08:00,69794.01,70084.01,69712.0,69932.99,1450
2024.03.29,09:00,69933.0,70050.0,69566.2,69733.73,1028
2024.03.29,10:00,69733.73,70125.95,69566.0,70108.0,1174
2024.03.29,11:00,70108.01,70318.0,70062.11,70142.78,1055
2024.03.29,12:00,70142.78,70299.0,69852.08,70150.01,1187
2024.03.29,13:00,70150.0,70636.04,70050.54,70426.7,1265
2024.03.29,14:00,70426.7,70500.0,70034.46,70061.83,1409
2024.03.29,15:00,70061.83,70129.22,69009.0,69180.0,3181
2024.03.29,16:00,69179.99,69591.43,69078.62,69176.47,1972
2024.03.29,17:00,69176.46,69463.2,69100.0,69404.29,960
2024.03.29,18:00,69404.29,69602.0,69322.02,69513.98,736
2024.03.29,19:00,69513.98,69666.0,69360.6,69665.99,576
2024.03.29,20:00,69665.99,69711.06,69530.0,69615.59,460
2024.03.29,21:00,69615.59,69625.26,69290.0,69419.99,580
2024.03.29,22:00,69420.0,69820.89,69419.99,69808.0,722
2024.03.29,23:00,69807.99,69916.5,69746.09,69850.54,632
2024.03.30,00:00,69850.53,69936.95,69710.0,69932.9,678
2024.03.30,01:00,69932.89,70177.87,69826.36,69976.07,988
2024.03.30,02:00,69976.08,70010.0,69838.24,69934.0,417
2024.03.30,03:00,69934.01,70042.19,69750.0,69773.99,449
2024.03.30,04:00,69774.0,70100.0,69755.98,70068.52,648
2024.03.30,05:00,70068.51,70321.1,69866.67,70006.81,1010
2024.03.30,06:00,70006.8,70098.39,69868.41,69960.0,575
2024.03.30,07:00,69960.01,70022.99,69852.08,69852.18,434
2024.03.30,08:00,69852.18,70016.0,69811.37,69966.01,552
2024.03.30,09:00,69966.0,70162.79,69907.87,70008.31,492
2024.03.30,10:00,70008.32,70110.95,69940.08,70042.19,405
2024.03.30,11:00,70042.19,70183.67,70042.19,70183.55,623
2024.03.30,12:00,70183.54,70218.9,70090.0,70218.89,487
2024.03.30,13:00,70218.89,70269.15,70075.78,70148.05,458
2024.03.30,14:00,70148.04,70173.02,69985.3,70038.01,536
2024.03.30,15:00,70038.01,70142.87,69925.87,69999.99,477
2024.03.30,16:00,69999.99,70280.06,69900.0,70178.16,644
2024.03.30,17:00,70178.17,70178.17,69999.98,70036.01,480
2024.03.30,18:00,70036.02,70036.02,69881.17,69924.91,428
2024.03.30,19:00,69924.91,69936.24,69670.0,69896.34,1011
2024.03.30,20:00,69896.34,69896.35,69780.0,69812.5,357
2024.03.30,21:00,69812.5,69850.0,69621.97,69722.08,417
2024.03.30,22:00,69722.07,69834.0,69645.16,69720.91,527
2024.03.30,23:00,69720.91,69779.3,69540.0,69582.18,540
2024.03.31,00:00,69582.17,69963.45,69562.99,69872.29,963
2024.03.31,01:00,69872.29,70098.0,69838.25,70043.54,1124
2024.03.31,02:00,70043.53,70165.86,69950.0,69990.01,448
2024.03.31,03:00,69990.01,70000.0,69764.71,69916.61,435
2024.03.31,04:00,69916.6,70124.6,69874.54,70116.01,471
2024.03.31,05:00,70116.01,70460.0,70049.99,70345.64,1631
2024.03.31,06:00,70345.63,70395.36,70185.2,70215.0,749
2024.03.31,07:00,70215.0,70340.15,70163.45,70301.73,637
2024.03.31,08:00,70301.72,70470.0,70231.51,70266.0,670
2024.03.31,09:00,70266.0,70308.57,70147.77,70225.32,348
2024.03.31,10:00,70225.31,70312.94,70214.52,70267.12,386
2024.03.31,11:00,70267.13,70426.47,70267.12,70369.99,569
2024.03.31,12:00,70369.99,70606.0,70340.17,70500.0,875
2024.03.31,13:00,70500.0,70759.1,70499.99,70585.99,1135
2024.03.31,14:00,70585.99,70680.0,70442.0,70535.48,830
2024.03.31,15:00,70535.48,70535.48,70289.72,70381.13,738
2024.03.31,16:00,70381.13,70666.0,70321.86,70469.21,762
2024.03.31,17:00,70469.21,70556.23,70440.0,70509.11,365
2024.03.31,18:00,70509.11,71227.22,70440.49,70856.6,1636
2024.03.31,19:00,70856.61,71145.97,70647.06,71023.5,948
2024.03.31,20:00,71023.51,71119.93,70740.0,70840.0,685
2024.03.31,21:00,70840.0,70941.17,70639.93,70856.0,732
2024.03.31,22:00,70855.99,71070.93,70840.01,70970.0,735
2024.03.31,23:00,70969.99,71366.0,70923.91,71280.01,1514
2024.04.01,00:00,71280.0,71288.23,70844.14,71152.86,1116
2024.04.01,01:00,71152.86,71172.08,70794.12,70819.25,882
2024.04.01,02:00,70819.26,70902.8,70759.39,70866.98,628
2024.04.01,03:00,70866.99,70880.0,70520.51,70588.01,733
2024.04.01,04:00,70588.01,70648.83,70417.61,70429.99,749
2024.04.01,05:00,70429.98,70515.6,69000.0,69167.48,3934
2024.04.01,06:00,69167.47,69671.64,68888.0,69614.96,3472
2024.04.01,07:00,69614.96,69786.0,69520.0,69594.94,1599
2024.04.01,08:00,69594.94,69594.94,69165.35,69388.64,1853
2024.04.01,09:00,69388.64,69616.65,69388.64,69395.0,995
2024.04.01,10:00,69395.0,69577.14,69280.01,69554.01,924
2024.04.01,11:00,69554.0,69799.98,69440.0,69460.01,1012
2024.04.01,12:00,69460.0,69841.13,69400.69,69841.13,873
2024.04.01,13:00,69841.13,70080.0,69654.22,69880.0,1739
2024.04.01,14:00,69880.0,69933.93,68611.45,68906.07,3694
2024.04.01,15:00,68906.07,69021.66,68161.48,68237.15,4703
2024.04.01,16:00,68237.15,68784.53,68062.86,68566.16,2144
2024.04.01,17:00,68566.17,68752.03,68201.12,68750.01,1663
2024.04.01,18:00,68750.0,68980.25,68450.0,68927.1,1618
2024.04.01,19:00,68927.1,69816.24,68884.91,69648.01,2915
2024.04.01,20:00,69648.01,69785.34,69327.66,69730.06,1280
2024.04.01,21:00,69730.06,69900.0,69552.1,69586.0,1013
2024.04.01,22:00,69585.99,69853.87,69577.96,69711.79,1228
2024.04.01,23:00,69711.8,69876.04,69634.7,69649.8,665
2024.04.02,00:00,69649.81,69674.23,69040.0,69349.08,1454
2024.04.02,01:00,69349.08,69600.0,69250.0,69391.12,796
2024.04.02,02:00,69391.12,69417.23,66000.0,66996.0,8824
2024.04.02,03:00,66996.01,67278.78,66509.68,66703.97,3652
2024.04.02,04:00,66703.97,66940.0,66322.24,66592.08,2691
2024.04.02,05:00,66592.09,66835.39,66120.75,66764.65,2534
2024.04.02,06:00,66764.64,67120.0,66700.0,66866.97,1907
2024.04.02,07:00,66866.97,66893.1,66446.22,66455.5,1694
2024.04.02,08:00,66455.5,66705.08,66106.58,66240.02,2077
2024.04.02,09:00,66240.02,66536.05,65746.2,66080.74,3504
2024.04.02,10:00,66080.74,66280.0,65454.55,65984.0,2544
2024.04.02,11:00,65984.01,66037.97,65075.0,65622.69,4910
2024.04.02,12:00,65622.69,65834.0,65130.01,65345.59,2504
2024.04.02,13:00,65345.58,65448.84,64588.58,65224.2,5329
2024.04.02,14:00,65224.2,66249.83,65170.0,65702.31,5243
2024.04.02,15:00,65702.31,66111.55,64666.81,64890.0,4588
2024.04.02,16:00,64889.99,65750.0,64550.0,65543.91,3533
2024.04.02,17:00,65543.91,65680.0,65275.42,65608.01,1846
2024.04.02,18:00,65608.02,66050.0,65386.96,65811.01,2924
2024.04.02,19:00,65811.01,66200.0,65779.23,65914.9,3176
2024.04.02,20:00,65914.91,66120.0,65500.98,65650.43,2576
2024.04.02,21:00,65650.42,65821.14,65200.0,65692.78,1942
2024.04.02,22:00,65692.77,65933.76,65564.24,65815.96,773
2024.04.02,23:00,65815.96,65830.0,65360.0,65463.99,768
2024.04.03,00:00,65463.99,65610.0,64493.07,65387.99,4115
2024.04.03,01:00,65388.0,65930.51,65090.0,65792.43,2368
2024.04.03,02:00,65792.42,66052.0,65683.74,65906.49,1601
2024.04.03,03:00,65906.49,66288.88,65764.0,66225.79,1266
2024.04.03,04:00,66225.79,66478.59,66120.0,66320.41,1350
2024.04.03,05:00,66320.41,66363.64,65920.0,66077.1,1214
2024.04.03,06:00,66077.11,66377.0,66052.0,66350.79,881
2024.04.03,07:00,66350.79,66483.87,66113.31,66135.99,1075
2024.04.03,08:00,66135.98,66642.36,65990.0,66518.04,1982
2024.04.03,09:00,66518.05,66637.43,66333.0,66484.58,1467
2024.04.03,10:00,66484.57,66519.79,66020.0,66197.62,1502
2024.04.03,11:00,66197.63,66224.0,65538.06,66059.76,1536
2024.04.03,12:00,66059.75,66220.0,65729.73,65899.99,1284
2024.04.03,13:00,65900.0,66020.83,65635.01,65804.01,1168
2024.04.03,14:00,65804.01,66903.63,65804.0,66627.93,2936
2024.04.03,15:00,66627.93,66648.0,65715.67,65836.01,1934
2024.04.03,16:00,65836.02,66550.0,65790.21,66194.5,1953
2024.04.03,17:00,66194.51,66376.0,65829.87,65952.01,1113
2024.04.03,18:00,65952.0,66119.68,65451.62,66003.07,1784
2024.04.03,19:00,66003.08,66150.0,65714.29,65784.0,1581
2024.04.03,20:00,65784.01,65840.0,65531.92,65712.01,2058
2024.04.03,21:00,65712.0,65935.48,65476.63,65918.71,1300
2024.04.03,22:00,65918.71,66243.05,65851.07,66140.0,1819
2024.04.03,23:00,66140.01,66297.4,65950.0,65963.28,589
2024.04.04,00:00,65963.27,66354.83,65824.0,66288.0,827
2024.04.04,01:00,66288.0,66296.0,66020.0,66143.99,538
2024.04.04,02:00,66143.99,66152.0,65454.55,65744.38,1570
2024.04.04,03:00,65744.38,65796.59,65542.03,65620.01,833
2024.04.04,04:00,65620.0,65699.43,65064.52,65480.41,1613
2024.04.04,05:00,65480.41,65710.58,65384.0,65591.57,725
2024.04.04,06:00,65591.57,65814.69,65548.67,65768.0,650
2024.04.04,07:00,65768.01,66290.32,65661.05,66091.6,1749
2024.04.04,08:00,66091.59,66435.02,66028.0,66220.01,1001
2024.04.04,09:00,66220.02,66406.55,66172.0,66273.37,707
2024.04.04,10:00,66273.38,66468.99,66141.27,66278.62,833
2024.04.04,11:00,66278.61,66431.34,66108.85,66353.67,886
2024.04.04,12:00,66353.68,66816.66,66330.56,66709.0,2110
2024.04.04,13:00,66709.0,67500.0,66690.0,67242.15,3459
2024.04.04,14:00,67242.14,67927.69,67075.7,67691.97,3384
2024.04.04,15:00,67691.98,67808.0,67428.57,67647.99,1840
2024.04.04,16:00,67648.0,68188.0,67526.5,67807.64,2087
2024.04.04,17:00,67807.65,68896.1,67721.41,68849.18,2272
2024.04.04,18:00,68849.18,69309.91,68510.63,68593.5,4368
2024.04.04,19:00,68593.5,69086.23,68334.24,68500.0,2553
2024.04.04,20:00,68500.0,68551.99,67320.0,67931.26,3868
2024.04.04,21:00,67931.26,68148.69,67495.0,67787.9,1401
2024.04.04,22:00,67787.91,68051.94,67604.93,67937.05,737
2024.04.04,23:00,67937.06,68565.54,67889.2,68487.79,1487
2024.04.05,00:00,68487.8,68756.67,68166.66,68606.0,1175
2024.04.05,01:00,68606.01,68615.58,67760.93,68160.0,1670
2024.04.05,02:00,68160.0,68161.82,67435.67,67600.0,1715
2024.04.05,03:00,67599.99,68033.33,67570.0,67863.99,1213
2024.04.05,04:00,67864.0,68028.0,67450.01,67647.99,1133
2024.04.05,05:00,67648.0,67750.99,66380.0,66888.04,2488
2024.04.05,06:00,66888.03,67179.56,66770.86,67140.56,1020
2024.04.05,07:00,67140.56,67144.55,66832.5,66930.74,1015
2024.04.05,08:00,66930.75,67684.26,66917.74,67151.21,1465
2024.04.05,09:00,67151.2,67151.21,66383.01,66805.98,1896
2024.04.05,10:00,66805.99,67213.84,66708.01,67034.65,1184
2024.04.05,11:00,67034.66,67087.98,66388.0,66478.0,1373
2024.04.05,12:00,66478.0,66888.0,65952.56,66883.99,3678
2024.04.05,13:00,66883.99,67589.61,66524.18,67500.0,2645
2024.04.05,14:00,67500.01,68566.66,67314.11,68139.39,3816
2024.04.05,15:00,68139.39,68268.14,67628.2,68190.62,1640
2024.04.05,16:00,68190.62,68380.0,67680.0,67953.8,1475
2024.04.05,17:00,67953.79,67986.83,67358.93,67442.49,1069
2024.04.05,18:00,67442.49,67729.54,67316.0,67629.02,1385
2024.04.05,19:00,67629.01,68096.0,67382.6,67412.4,2134
2024.04.05,20:00,67412.41,67758.04,67342.0,67643.48,913
2024.04.05,21:00,67643.48,67838.07,67515.44,67515.45,657
2024.04.05,22:00,67515.44,67843.55,67503.31,67628.53,582
2024.04.05,23:00,67628.53,67966.67,67628.52,67820.62,562
2024.04.06,00:00,67820.63,68065.2,67686.23,67900.57,864
2024.04.06,01:00,67900.56,67977.73,67643.47,67689.99,752
2024.04.06,02:00,67689.99,67765.77,67447.83,67574.59,1037
2024.04.06,03:00,67574.6,67882.5,67574.59,67788.01,522
2024.04.06,04:00,67788.0,67819.13,67602.0,67735.84,571
2024.04.06,05:00,67735.84,68232.14,67720.17,68038.74,1113
2024.04.06,06:00,68038.75,68162.9,67845.2,68109.42,581
2024.04.06,07:00,68109.43,68189.33,67940.54,67992.02,803
2024.04.06,08:00,67992.02,68106.88,67859.53,68012.14,775
2024.04.06,09:00,68012.15,68120.0,67747.86,67792.0,856
2024.04.06,10:00,67792.0,67886.37,67714.72,67842.17,503
2024.04.06,11:00,67842.18,67904.35,67615.22,67668.16,507
2024.04.06,12:00,67668.16,67796.69,67582.3,67738.37,768
2024.04.06,13:00,67738.36,67745.13,67527.78,67699.99,679
2024.04.06,14:00,67700.0,68109.13,67684.0,67993.99,890
2024.04.06,15:00,67994.0,68299.0,67896.48,68104.0,1229
2024.04.06,16:00,68104.01,68174.0,67948.83,68143.48,592
2024.04.06,17:00,68143.48,68484.09,68039.94,68287.3,819
2024.04.06,18:00,68287.3,68379.82,68163.62,68307.28,456
2024.04.06,19:00,68307.28,68415.0,68218.0,68259.98,493
2024.04.06,20:00,68259.99,68395.0,68166.66,68390.0,437
2024.04.06,21:00,68390.0,68434.88,68298.82,68299.65,565
2024.04.06,22:00,68299.65,69101.0,68286.33,69056.0,1866
2024.04.06,23:00,69056.0,69692.0,68800.0,68896.0,2443
2024.04.07,00:00,68896.0,69150.0,68824.0,68999.99,711
2024.04.07,01:00,68999.99,69655.16,68998.57,69541.65,1393
2024.04.07,02:00,69541.65,69777.0,69300.0,69300.0,1170
2024.04.07,03:00,69300.01,69510.0,69250.0,69408.05,794
2024.04.07,04:00,69408.04,69493.98,69053.97,69304.44,765
2024.04.07,05:00,69304.44,69464.0,69267.07,69397.76,471
2024.04.07,06:00,69397.76,69414.87,69110.81,69244.09,570
2024.04.07,07:00,69244.08,69482.44,69213.84,69364.01,699
2024.04.07,08:00,69364.0,69555.0,69333.72,69479.99,790
2024.04.07,09:00,69479.99,69493.25,69199.01,69289.99,682
2024.04.07,10:00,69290.0,69495.15,69236.0,69328.14,479
2024.04.07,11:00,69328.14,69407.72,69200.0,69357.0,456
2024.04.07,12:00,69357.0,69415.59,69210.0,69335.99,537
2024.04.07,13:00,69336.0,69550.0,69285.71,69349.93,672
2024.04.07,14:00,69349.93,69664.67,69220.0,69578.44,900
2024.04.07,15:00,69578.44,69886.03,69360.44,69543.74,1399
2024.04.07,16:00,69543.73,70326.29,69483.9,70074.0,2841
2024.04.07,17:00,70074.01,70112.0,69658.19,69798.01,1069
2024.04.07,18:00,69798.02,69828.0,69234.14,69390.01,1027
2024.04.07,19:00,69390.01,69508.71,68849.77,69068.01,1426
2024.04.07,20:00,69068.01,69403.7,68960.01,69309.69,604
2024.04.07,21:00,69309.7,69413.1,69031.29,69031.3,483
2024.04.07,22:00,69031.3,69344.4,68901.0,69200.0,699
2024.04.07,23:00,69200.0,69477.18,69188.05,69360.39,886
2024.04.08,00:00,69360.38,69432.0,69043.24,69325.99,711
2024.04.08,01:00,69326.0,69841.03,69285.7,69437.02,927
2024.04.08,02:00,69437.03,69437.03,69126.36,69228.0,627
2024.04.08,03:00,69228.0,69500.0,69134.99,69458.95,517
2024.04.08,04:00,69458.95,69500.0,69280.0,69382.0,358
2024.04.08,05:00,69382.01,69801.0,69382.0,69701.99,644
2024.04.08,06:00,69702.0,69818.04,69632.73,69790.29,689
2024.04.08,07:00,69790.29,70850.0,69790.28,70698.63,4052
2024.04.08,08:00,70698.64,72111.99,70642.0,71968.0,6618
2024.04.08,09:00,71968.0,72650.0,71650.32,72197.25,5364
2024.04.08,10:00,72197.26,72374.0,71792.06,72323.98,2864
2024.04.08,11:00,72323.99,72647.86,72218.27,72404.0,2735
2024.04.08,12:00,72404.0,72797.99,72137.48,72180.02,3473
2024.04.08,13:00,72180.01,72310.01,71691.35,71944.31,2849
2024.04.08,14:00,71944.31,71985.38,71245.17,71726.0,3300
2024.04.08,15:00,71725.99,71987.0,71598.45,71773.98,1771
2024.04.08,16:00,71773.98,72021.56,71556.53,71740.1,1315
2024.04.08,17:00,71740.1,71800.0,71300.0,71699.23,1275
2024.04.08,18:00,71699.23,72104.05,71672.34,71908.61,1082
2024.04.08,19:00,71908.6,71973.6,71564.51,71766.0,1535
2024.04.08,20:00,71766.0,71818.77,71500.37,71711.99,999
2024.04.08,21:00,71711.98,71900.0,71628.01,71692.01,660
2024.04.08,22:00,71692.01,71960.0,71599.9,71916.09,641
2024.04.08,23:00,71916.08,72000.0,71610.01,71620.0,707
2024.04.09,00:00,71620.0,71758.19,71320.01,71419.99,956
2024.04.09,01:00,71420.0,71439.8,70833.33,71275.46,1696
2024.04.09,02:00,71275.45,71618.95,71156.77,71477.44,784
2024.04.09,03:00,71477.44,71641.97,71186.02,71285.0,854
2024.04.09,04:00,71285.0,71339.79,70917.2,71208.01,982
2024.04.09,05:00,71208.02,71323.66,70957.0,71056.0,803
2024.04.09,06:00,71055.99,71265.47,70560.0,70765.69,1708
2024.04.09,07:00,70765.7,70940.9,70110.0,70383.99,2696
2024.04.09,08:00,70383.98,70600.0,69576.61,70500.01,3161
2024.04.09,09:00,70500.01,70860.65,70256.98,70392.18,1396
2024.04.09,10:00,70392.18,70697.04,70234.99,70566.64,1251
2024.04.09,11:00,70566.63,70905.26,70566.63,70794.85,1164
2024.04.09,12:00,70794.84,70977.0,70654.38,70690.0,1369
2024.04.09,13:00,70690.0,70920.0,69921.62,69928.0,2320
2024.04.09,14:00,69928.0,70429.04,68611.0,69358.32,5575
2024.04.09,15:00,69358.32,69360.0,68535.03,69264.0,2890
2024.04.09,16:00,69264.0,69320.0,68516.15,68601.24,2409
2024.04.09,17:00,68601.25,68962.43,68210.0,68823.99,2349
2024.04.09,18:00,68823.99,69025.89,68769.79,68879.23,844
2024.04.09,19:00,68879.22,69174.0,68656.08,69000.77,1039
2024.04.09,20:00,69000.78,69208.2,68962.31,69171.19,793
2024.04.09,21:00,69171.18,69250.0,68935.64,69213.83,662
2024.04.09,22:00,69213.83,69439.6,69144.59,69325.65,648
2024.04.09,23:00,69325.64,69332.0,68888.47,69146.0,935
2024.04.10,00:00,69146.0,69304.26,69025.97,69138.81,715
2024.04.10,01:00,69138.81,69269.76,68603.92,69269.75,1275
2024.04.10,02:00,69269.75,69594.15,68466.63,68651.98,1636
2024.04.10,03:00,68651.98,69180.0,68625.61,69150.18,913
2024.04.10,04:00,69150.18,69199.99,69005.55,69134.33,664
2024.04.10,05:00,69134.34,69414.2,69121.35,69255.82,860
2024.04.10,06:00,69255.82,69479.8,69227.62,69369.25,548
2024.04.10,07:00,69369.25,69515.0,69268.47,69336.28,570
2024.04.10,08:00,69336.27,69336.28,68800.0,69011.92,1650
2024.04.10,09:00,69011.92,69171.75,68902.43,69139.2,642
2024.04.10,10:00,69139.19,69180.0,68629.99,68932.01,1609
2024.04.10,11:00,68932.01,69132.61,68853.83,69043.0,906
2024.04.10,12:00,69043.0,69204.28,67559.99,67976.0,5516
2024.04.10,13:00,67975.99,68313.1,67518.0,68259.77,3072
2024.04.10,14:00,68259.77,68974.58,68009.94,68703.05,3478
2024.04.10,15:00,68703.04,68760.71,68264.0,68657.32,1682
2024.04.10,16:00,68657.31,69536.0,68556.0,69500.0,3187
2024.04.10,17:00,69499.99,69910.96,69142.81,69350.11,2312
2024.04.10,18:00,69350.1,69411.34,69071.0,69314.33,1412
2024.04.10,19:00,69314.33,70098.89,69219.14,70083.99,2385
2024.04.10,20:00,70084.0,70136.0,69740.0,69812.01,1217
2024.04.10,21:00,69812.01,70036.81,69581.03,70017.0,1101
2024.04.10,22:00,70017.01,71172.08,70017.0,70528.0,3828
2024.04.10,23:00,70528.0,70799.99,70488.38,70631.08,818
2024.04.11,00:00,70631.08,70663.21,70285.13,70520.01,1005
2024.04.11,01:00,70520.0,70760.0,70469.12,70553.28,1032
2024.04.11,02:00,70553.28,71062.0,70500.0,70995.66,1289
2024.04.11,03:00,70995.66,71027.99,70773.58,70851.67,685
2024.04.11,04:00,70851.66,70888.35,70378.11,70604.01,885
2024.04.11,05:00,70604.01,70680.0,70444.0,70583.99,564
2024.04.11,06:00,70583.99,70848.76,70564.0,70717.82,790
2024.04.11,07:00,70717.81,71305.89,70717.81,70735.99,1536
2024.04.11,08:00,70736.0,71256.27,70617.25,71039.39,1438
2024.04.11,09:00,71039.4,71053.61,70596.43,70604.0,1062
2024.04.11,10:00,70604.0,70785.05,70421.56,70459.99,930
2024.04.11,11:00,70460.0,70596.0,69881.31,69983.16,1719
2024.04.11,12:00,69983.16,71100.0,69867.76,70858.83,3246
2024.04.11,13:00,70858.82,70988.0,69669.75,70284.0,3997
2024.04.11,14:00,70284.01,70350.01,69584.0,69600.54,2570
2024.04.11,15:00,69600.55,70026.25,69567.21,70000.0,1533
2024.04.11,16:00,70000.0,70133.17,69574.88,70011.99,1332
2024.04.11,17:00,70011.99,70446.03,70000.0,70203.99,1215
2024.04.11,18:00,70203.99,70429.32,69951.18,70099.75,897
2024.04.11,19:00,70099.75,70529.73,70008.0,70459.67,1127
2024.04.11,20:00,70459.67,70746.09,70383.8,70499.62,1202
2024.04.11,21:00,70499.63,70504.99,70000.0,70115.41,814
2024.04.11,22:00,70115.41,70259.46,70033.52,70151.26,515
2024.04.11,23:00,70151.26,70196.0,69804.87,70006.23,520
2024.04.12,00:00,70006.22,70336.38,70002.22,70301.63,766
2024.04.12,01:00,70301.63,70367.29,70113.6,70280.01,420
2024.04.12,02:00,70280.01,70775.0,70208.73,70635.93,854
2024.04.12,03:00,70635.92,70996.91,70635.92,70977.27,2503
2024.04.12,04:00,70977.27,71227.46,70812.56,71115.99,981
2024.04.12,05:00,71116.0,71175.99,70887.72,70956.32,713
2024.04.12,06:00,70956.32,71012.0,70713.7,70871.05,643
2024.04.12,07:00,70871.04,70967.92,70566.02,70764.01,1348
2024.04.12,08:00,70764.0,70893.58,70582.52,70759.99,1004
2024.04.12,09:00,70759.99,70863.51,70509.58,70652.0,1217
2024.04.12,10:00,70652.0,70868.0,70601.23,70786.4,811
2024.04.12,11:00,70786.41,70972.0,70760.01,70904.01,894
2024.04.12,12:00,70904.0,70975.54,70323.96,70534.24,1640
2024.04.12,13:00,70534.23,70534.24,69631.06,69888.0,2931
2024.04.12,14:00,69888.0,70090.55,69236.95,69270.01,3664
2024.04.12,15:00,69270.02,69718.35,69248.33,69347.3,2431
2024.04.12,16:00,69347.3,69580.0,68679.61,68840.54,3977
2024.04.12,17:00,68840.54,68960.0,67444.0,68140.02,6511
2024.04.12,18:00,68140.01,68383.63,65086.86,66492.0,10945
2024.04.12,19:00,66492.0,67335.22,66329.19,66843.98,4771
2024.04.12,20:00,66843.98,67440.0,66700.0,67120.0,2773
2024.04.12,21:00,67119.99,67128.64,66680.84,66960.01,1632
2024.04.12,22:00,66960.0,67270.53,66828.01,67053.33,1301
2024.04.12,23:00,67053.33,67230.19,66812.0,67116.52,1329
2024.04.13,00:00,67116.52,67142.86,66737.64,66913.27,1313
2024.04.13,01:00,66913.27,66928.0,65731.27,65886.63,3105
2024.04.13,02:00,65886.64,66593.41,65871.49,66535.99,1855
2024.04.13,03:00,66536.0,67168.0,66483.87,67160.55,1472
2024.04.13,04:00,67160.55,67929.0,67012.67,67587.62,2173
2024.04.13,05:00,67587.63,67907.84,67300.3,67345.48,1872
2024.04.13,06:00,67345.48,67511.0,67258.63,67476.02,841
2024.04.13,07:00,67476.01,67563.66,67120.87,67446.52,988
2024.04.13,08:00,67446.53,67455.0,67090.83,67176.0,948
2024.04.13,09:00,67175.99,67475.0,67136.14,67393.85,839
2024.04.13,10:00,67393.84,67480.2,67311.77,67428.25,614
2024.04.13,11:00,67428.25,67825.91,67302.93,67360.0,973
2024.04.13,12:00,67360.01,67679.99,67169.97,67514.69,883
2024.04.13,13:00,67514.7,67774.2,67450.54,67552.03,798
2024.04.13,14:00,67552.02,67720.0,67369.67,67559.56,747
2024.04.13,15:00,67559.57,67926.0,67437.8,67676.0,1023
2024.04.13,16:00,67675.99,67752.85,67224.0,67432.37,1247
2024.04.13,17:00,67432.38,67437.56,66500.0,66730.87,2962
2024.04.13,18:00,66730.86,67243.47,66444.0,67156.27,2158
2024.04.13,19:00,67156.27,67241.55,63750.01,64788.01,5809
2024.04.13,20:00,64788.01,64853.9,60660.57,61816.02,20264
2024.04.13,21:00,61816.01,62959.48,61693.0,62928.01,6673
2024.04.13,22:00,62928.0,64615.38,62118.56,64293.46,6041
2024.04.13,23:00,64293.47,65608.09,63651.15,63924.51,5784
2024.04.14,00:00,63924.52,64303.87,62888.0,63672.18,4986
2024.04.14,01:00,63672.19,64085.7,63248.7,63743.11,2711
2024.04.14,02:00,63743.1,63953.75,63016.23,63084.18,2450
2024.04.14,03:00,63084.18,63576.36,62134.0,63437.55,4287
2024.04.14,04:00,63437.55,64176.46,63394.0,63956.99,2850
2024.04.14,05:00,63957.0,64466.0,63921.0,64383.99,2309
2024.04.14,06:00,64384.0,64872.96,64107.09,64649.96,2456
2024.04.14,07:00,64649.97,64837.07,64243.65,64464.3,2051
2024.04.14,08:00,64464.3,64887.99,64372.04,64530.67,1836
2024.04.14,09:00,64530.67,64721.65,63908.31,64134.19,2179
2024.04.14,10:00,64134.18,64659.8,64134.18,64457.23,1408
2024.04.14,11:00,64457.23,64591.44,63855.45,64166.05,1918
2024.04.14,12:00,64166.05,64848.49,64069.79,64525.25,1927
2024.04.14,13:00,64525.25,64845.37,64346.0,64373.42,1690
2024.04.14,14:00,64373.43,64400.0,63437.55,63918.01,5366
2024.04.14,15:00,63918.02,64475.37,63900.0,64180.97,1593
2024.04.14,16:00,64180.98,64747.25,64126.03,64412.37,1458
2024.04.14,17:00,64412.38,64580.01,62573.66,63868.58,5806
2024.04.14,18:00,63868.57,64695.4,63757.0,64397.67,2000
2024.04.14,19:00,64397.67,64474.23,63940.3,64168.62,1173
2024.04.14,20:00,64168.62,64350.0,63699.2,63842.36,1314
2024.04.14,21:00,63842.35,63848.49,63326.42,63682.15,1243
2024.04.14,22:00,63682.15,65463.56,63641.79,65330.3,4193
2024.04.14,23:00,65330.29,65840.0,65057.01,65661.84,2383
2024.04.15,00:00,65661.85,65867.45,65283.11,65485.23,2438
2024.04.15,01:00,65485.22,65706.53,65042.98,65275.62,1498
2024.04.15,02:00,65275.63,65361.47,64937.01,65129.74,1415
2024.04.15,03:00,65129.73,65323.77,65030.88,65138.19,868
2024.04.15,04:00,65138.2,65170.22,64683.01,64906.14,1243
2024.04.15,05:00,64906.13,65512.2,64903.6,65466.74,1223
2024.04.15,06:00,65466.73,66558.78,65355.45,66463.63,3993
2024.04.15,07:00,66463.63,66582.84,66151.41,66263.84,2429
2024.04.15,08:00,66263.84,66457.88,66064.48,66287.21,1624
2024.04.15,09:00,66287.22,66867.07,66119.12,66578.39,2117
2024.04.15,10:00,66578.39,66646.18,66378.03,66465.56,1177
2024.04.15,11:00,66465.57,66720.64,65807.25,65860.12,1675
2024.04.15,12:00,65860.12,66243.12,65797.73,66028.17,1298
2024.04.15,13:00,66028.17,66399.0,65684.65,65865.77,1931
2024.04.15,14:00,65865.78,65977.0,64183.99,64235.24,4647
2024.04.15,15:00,64235.25,64792.88,63810.0,64568.81,4020
2024.04.15,16:00,64568.8,64868.28,63892.88,64148.61,2858
2024.04.15,17:00,64148.61,64745.2,63310.99,63908.48,3464
2024.04.15,18:00,63908.48,64060.34,63111.0,63170.87,2962
2024.04.15,19:00,63170.86,63632.5,62274.4,63301.11,3914
2024.04.15,20:00,63301.11,63633.02,62942.82,63112.96,1584
2024.04.15,21:00,63112.96,63474.55,62632.0,63262.94,1529
2024.04.15,22:00,63262.94,63527.31,62700.0,63459.98,1505
2024.04.15,23:00,63459.98,63558.0,63179.21,63419.99,966
2024.04.16,00:00,63419.99,63719.98,62933.33,63254.74,1479
2024.04.16,01:00,63254.74,63899.69,63089.0,63147.5,1456
2024.04.16,02:00,63147.5,63500.0,62750.0,63401.55,1641
2024.04.16,03:00,63401.56,63554.99,62799.32,62956.0,2202
2024.04.16,04:00,62956.0,63029.13,61680.0,62487.0,5234
2024.04.16,05:00,62487.0,62888.0,62366.44,62700.41,2051
2024.04.16,06:00,62700.41,63254.88,62636.73,63195.12,1437
2024.04.16,07:00,63195.13,63800.0,63104.4,63516.19,2170
2024.04.16,08:00,63516.18,63660.0,63077.02,63288.48,1439
2024.04.16,09:00,63288.48,63578.34,63198.67,63242.19,1075
2024.04.16,10:00,63242.18,63340.66,61600.0,62559.23,4936
2024.04.16,11:00,62559.22,63269.95,62366.44,63094.77,2109
2024.04.16,12:00,63094.76,63422.97,62811.87,63047.89,1660
2024.04.16,13:00,63047.88,63342.52,62136.28,62692.41,3781
2024.04.16,14:00,62692.41,63100.0,62020.01,62092.13,3037
2024.04.16,15:00,62092.12,62415.0,61735.42,61762.2,2896
2024.04.16,16:00,61762.19,62730.9,61694.02,62730.9,3015
2024.04.16,17:00,62730.89,63280.75,62282.01,62490.36,3249
2024.04.16,18:00,62490.37,63041.85,62427.24,63003.92,2239
2024.04.16,19:00,63003.93,63094.8,62648.26,62721.43,1434
2024.04.16,20:00,62721.43,63050.0,62555.0,63019.72,837
2024.04.16,21:00,63019.73,64365.0,62973.83,64007.12,2427
2024.04.16,22:00,64007.11,64080.0,63613.71,63782.57,973
2024.04.16,23:00,63782.56,63876.64,63623.32,63793.39,646
2024.04.17,00:00,63793.4,64239.67,63581.16,64022.59,1510
2024.04.17,01:00,64022.6,64048.79,63615.0,64017.64,878
2024.04.17,02:00,64017.64,64295.0,63694.28,63840.08,1415
2024.04.17,03:00,63840.09,64067.41,63733.92,63842.02,603
2024.04.17,04:00,63842.03,64247.55,63672.26,64101.11,926
2024.04.17,05:00,64101.11,64499.0,63827.72,63928.01,1262
2024.04.17,06:00,63928.01,64000.0,63735.2,63880.92,1050
2024.04.17,07:00,63880.92,63935.56,63181.81,63297.84,1531
2024.04.17,08:00,63297.85,63587.88,63150.1,63325.75,1064
2024.04.17,09:00,63325.76,63539.99,63227.82,63320.16,849
2024.04.17,10:00,63320.16,63338.72,62752.31,62898.04,1568
2024.04.17,11:00,62898.05,63163.11,62541.13,62595.04,1045
2024.04.17,12:00,62595.04,62836.12,62061.44,62317.75,1955
2024.04.17,13:00,62317.76,62974.88,62128.99,62635.88,2169
2024.04.17,14:00,62635.88,62657.55,60741.0,61279.66,7363
2024.04.17,15:00,61279.65,61538.35,59888.0,60304.95,8213
2024.04.17,16:00,60304.95,61100.0,59678.16,60194.95,5775
2024.04.17,17:00,60194.96,61365.98,60119.11,61275.37,2521
2024.04.17,18:00,61275.36,61956.42,61159.42,61445.57,2900
2024.04.17,19:00,61445.57,61473.94,60727.38,61022.35,1892
2024.04.17,20:00,61022.36,61457.58,60777.0,60846.79,1207
2024.04.17,21:00,60846.79,61660.05,60846.78,61300.92,1247
2024.04.17,22:00,61300.93,61719.29,61160.34,61689.94,890
2024.04.17,23:00,61689.95,61763.07,61194.93,61277.37,765
2024.04.18,00:00,61277.38,61525.91,60939.92,61514.69,1644
2024.04.18,01:00,61514.68,61666.0,61382.92,61639.26,1116
2024.04.18,02:00,61639.26,61920.0,61457.73,61666.43,803
2024.04.18,03:00,61666.42,62229.9,61666.42,61988.0,1547
2024.04.18,04:00,61987.99,62075.46,61556.47,61640.06,1131
2024.04.18,05:00,61640.06,61814.61,60992.0,61072.02,1529
2024.04.18,06:00,61072.02,61320.0,60803.35,61147.83,1647
2024.04.18,07:00,61147.82,61362.32,60941.17,61178.08,1081
2024.04.18,08:00,61178.08,61550.0,60864.0,61335.99,1705
2024.04.18,09:00,61335.99,61710.14,61320.34,61636.5,1177
2024.04.18,10:00,61636.51,61925.63,61500.0,61821.75,1372
2024.04.18,11:00,61821.76,63072.27,61821.75,62597.92,4598
2024.04.18,12:00,62597.92,62730.18,61580.71,62232.96,2164
2024.04.18,13:00,62232.96,62833.34,61896.9,62810.0,2627
2024.04.18,14:00,62810.01,63970.81,62564.91,63816.57,5379
2024.04.18,15:00,63816.56,64117.09,63427.47,63498.7,3007
2024.04.18,16:00,63498.69,63866.19,63282.48,63536.72,1849
2024.04.18,17:00,63536.71,63624.38,62628.6,62782.75,1861
2024.04.18,18:00,62782.74,63219.0,62310.03,63104.68,1933
2024.04.18,19:00,63104.67,63576.0,63095.5,63477.04,1739
2024.04.18,20:00,63477.04,63637.5,63272.0,63490.98,1263
2024.04.18,21:00,63490.99,63825.74,63313.02,63473.28,908
2024.04.18,22:00,63473.27,63651.66,63162.77,63499.73,935
2024.04.18,23:00,63499.73,63665.5,63376.0,63470.08,575
2024.04.19,00:00,63470.09,63470.09,62654.56,62711.08,1323
2024.04.19,01:00,62711.08,62776.0,60618.97,61022.0,6396
2024.04.19,02:00,61021.99,61390.0,59600.01,61359.58,7291
2024.04.19,03:00,61359.57,62108.34,61140.0,61785.14,3912
2024.04.19,04:00,61785.14,62800.07,61766.79,62439.49,3215
2024.04.19,05:00,62439.49,62589.12,61739.68,62073.38,2031
2024.04.19,06:00,62073.39,64953.85,61809.93,64624.37,6553
2024.04.19,07:00,64624.37,65179.0,64184.61,64547.18,4500
2024.04.19,08:00,64547.18,65099.0,64098.13,64639.02,3896
2024.04.19,09:00,64639.02,64943.87,64490.0,64775.93,1792
2024.04.19,10:00,64775.94,65213.31,64420.0,64777.7,2164
2024.04.19,11:00,64777.7,65450.0,64691.28,64870.74,2906
2024.04.19,12:00,64870.73,65440.57,64770.0,64965.19,2461
2024.04.19,13:00,64965.19,65069.07,64436.51,64903.71,3432
2024.04.19,14:00,64903.71,64965.78,63820.57,64452.12,2961
2024.04.19,15:00,64452.12,64707.7,64333.33,64437.17,1840
2024.04.19,16:00,64437.18,64533.29,63506.57,64005.76,2949
2024.04.19,17:00,64005.76,64808.54,63929.18,64627.8,1885
2024.04.19,18:00,64627.8,64660.86,64084.86,64202.63,1325
2024.04.19,19:00,64202.63,64393.96,64085.44,64325.25,1178
2024.04.19,20:00,64325.26,64334.84,63677.36,64044.11,1255
2024.04.19,21:00,64044.12,64444.91,64044.11,64398.32,730
2024.04.19,22:00,64398.31,64494.03,64000.01,64012.5,944
2024.04.19,23:00,64012.49,64124.0,62953.9,63818.01,2825
2024.04.20,00:00,63818.01,64263.41,63418.0,63444.51,2107
2024.04.20,01:00,63444.51,63777.03,63090.07,63656.0,1283
2024.04.20,02:00,63656.0,64092.29,63530.0,63834.02,882
2024.04.20,03:00,63834.01,64040.67,63766.0,63956.0,634
2024.04.20,04:00,63956.01,64268.58,63815.53,64133.07,750
2024.04.20,05:00,64133.08,64250.08,63987.17,64159.0,747
2024.04.20,06:00,64159.01,64222.22,63939.0,64046.07,618
2024.04.20,07:00,64046.08,64159.99,63922.36,63961.22,571
2024.04.20,08:00,63961.22,63988.0,63661.54,63729.45,642
2024.04.20,09:00,63729.44,63778.32,63277.0,63615.01,1137
2024.04.20,10:00,63615.0,63781.82,63377.22,63567.28,711
2024.04.20,11:00,63567.29,63924.05,63557.74,63707.17,718
2024.04.20,12:00,63707.18,63935.32,63575.83,63824.08,576
2024.04.20,13:00,63824.08,64047.92,63798.92,63875.53,813
2024.04.20,14:00,63875.53,63984.79,63746.0,63935.33,491
2024.04.20,15:00,63935.33,64960.37,63790.0,64808.35,1851
2024.04.20,16:00,64808.35,64969.39,64456.54,64739.24,1476
2024.04.20,17:00,64739.24,65419.0,64739.23,65200.0,2102
2024.04.20,18:00,65199.99,65310.99,64837.19,64964.09,1284
2024.04.20,19:00,64964.1,65000.01,64791.79,64866.44,1574
2024.04.20,20:00,64866.45,65031.25,64622.12,64727.64,721
2024.04.20,21:00,64727.63,64825.39,64622.13,64725.98,417
2024.04.20,22:00,64725.98,64778.0,64555.0,64613.51,530
2024.04.20,23:00,64613.51,64988.92,64613.51,64940.59,489
2024.04.21,00:00,64940.58,64960.0,64608.0,64759.98,541
2024.04.21,01:00,64759.97,65100.0,64737.5,64946.0,610
2024.04.21,02:00,64946.0,65377.0,64921.0,65297.99,905
2024.04.21,03:00,65298.0,65695.56,65093.99,65170.0,1395
2024.04.21,04:00,65170.01,65195.98,64843.98,65056.0,841
2024.04.21,05:00,65055.99,65244.65,64984.44,65027.81,429
2024.04.21,06:00,65027.82,65200.0,64941.79,65048.01,542
2024.04.21,07:00,65048.01,65175.0,64899.84,65150.66,827
2024.04.21,08:00,65150.67,65222.07,64920.26,64926.83,916
2024.04.21,09:00,64926.83,64986.72,64763.15,64900.32,778
2024.04.21,10:00,64900.33,64986.0,64785.04,64954.51,507
2024.04.21,11:00,64954.51,65440.95,64954.5,65234.01,1247
2024.04.21,12:00,65234.02,65375.41,64934.0,65004.24,659
2024.04.21,13:00,65004.24,65244.9,64778.69,64882.0,898
2024.04.21,14:00,64882.0,65036.82,64790.0,64893.5,637
2024.04.21,15:00,64893.49,65132.07,64880.0,65043.69,500
2024.04.21,16:00,65043.7,65087.92,64237.5,64578.37,2654
2024.04.21,17:00,64578.37,64875.98,64530.89,64822.0,671
2024.04.21,18:00,64822.0,64862.5,64596.09,64772.0,450
2024.04.21,19:00,64772.0,64856.05,64528.38,64538.0,399
2024.04.21,20:00,64538.0,64722.04,64362.5,64646.17,717
2024.04.21,21:00,64646.16,65167.19,64646.16,64661.7,945
2024.04.21,22:00,64661.69,65110.0,64569.07,65030.42,818
2024.04.21,23:00,65030.41,65063.0,64866.0,64941.15,419
2024.04.22,00:00,64941.15,65158.08,64758.93,64908.96,689
2024.04.22,01:00,64908.96,65640.0,64604.56,64658.0,2790
2024.04.22,02:00,64657.99,64862.5,64500.0,64806.69,1034
2024.04.22,03:00,64806.69,66090.69,64754.0,65703.5,3405
2024.04.22,04:00,65703.49,65878.17,65509.24,65738.48,1663
2024.04.22,05:00,65738.48,66414.81,65701.99,66377.99,1747
2024.04.22,06:00,66377.99,66412.6,66150.8,66300.0,1341
2024.04.22,07:00,66300.01,66479.8,65979.33,65980.0,1346
2024.04.22,08:00,65980.01,66204.44,65905.73,65961.59,913
2024.04.22,09:00,65961.58,66055.17,65801.76,65938.0,798
2024.04.22,10:00,65938.0,66154.87,65890.0,66048.18,793
2024.04.22,11:00,66048.18,66108.0,65702.0,65877.47,899
2024.04.22,12:00,65877.47,65995.48,65626.87,65995.48,1032
2024.04.22,13:00,65995.48,66260.54,65693.98,66114.0,1532
2024.04.22,14:00,66113.48,66477.53,65962.16,66031.77,1705
2024.04.22,15:00,66031.78,66085.46,65665.86,65994.38,1190
2024.04.22,16:00,65994.39,66419.56,65913.52,66154.73,1019
2024.04.22,17:00,66154.73,66824.28,66133.35,66540.0,1831
2024.04.22,18:00,66540.01,66691.22,66293.05,66331.17,822
2024.04.22,19:00,66331.16,66609.33,66141.07,66524.77,900
2024.04.22,20:00,66524.77,66760.56,66394.52,66509.5,731
2024.04.22,21:00,66509.5,66558.91,66342.1,66526.94,481
2024.04.22,22:00,66526.94,67200.0,66526.94,67027.97,1601
2024.04.22,23:00,67027.98,67232.35,66790.0,66819.32,1123
2024.04.23,00:00,66819.32,67032.83,66712.96,67028.14,955
2024.04.23,01:00,67028.15,67183.01,66777.4,66780.0,938
2024.04.23,02:00,66780.0,66912.0,66558.31,66615.79,678
2024.04.23,03:00,66615.79,66756.0,66419.55,66435.01,670
2024.04.23,04:00,66435.01,66582.67,66181.1,66244.02,1001
2024.04.23,05:00,66244.02,66609.31,66192.0,66490.01,851
2024.04.23,06:00,66490.01,66646.0,66304.0,66378.16,580
2024.04.23,07:00,66378.15,66451.19,66020.0,66099.79,1071
2024.04.23,08:00,66099.79,66260.47,65963.4,66215.07,975
2024.04.23,09:00,66215.06,66309.3,66046.63,66058.99,745
2024.04.23,10:00,66059.0,66310.44,66058.99,66210.74,860
2024.04.23,11:00,66210.74,66236.13,65852.35,66043.99,1083
2024.04.23,12:00,66043.99,66165.0,65765.81,66134.91,1236
2024.04.23,13:00,66134.91,66590.92,66049.4,66509.29,1818
2024.04.23,14:00,66509.3,67130.0,66420.0,66909.78,2790
2024.04.23,15:00,66909.79,66930.47,66328.44,66419.56,1490
2024.04.23,16:00,66419.56,66807.91,66350.91,66747.36,806
2024.04.23,17:00,66747.35,66905.99,66584.61,66753.71,550
2024.04.23,18:00,66753.72,66846.0,66589.47,66783.56,670
2024.04.23,19:00,66783.57,66783.57,66390.0,66484.43,588
2024.04.23,20:00,66484.43,66484.96,65980.0,66352.94,1034
2024.04.23,21:00,66352.94,66464.0,66258.86,66352.01,344
2024.04.23,22:00,66352.0,66455.76,66278.59,66362.85,425
2024.04.23,23:00,66362.84,66433.31,66120.0,66414.0,430
2024.04.24,00:00,66414.0,66747.73,66390.0,66742.19,1061
2024.04.24,01:00,66742.18,66900.0,66682.33,66743.25,629
2024.04.24,02:00,66743.25,66766.0,66441.32,66530.01,725
2024.04.24,03:00,66530.01,66714.43,66514.44,66608.14,629
2024.04.24,04:00,66608.14,67065.0,66589.01,67008.0,952
2024.04.24,05:00,67008.0,67070.43,66633.0,66735.06,901
2024.04.24,06:00,66735.06,66792.0,66552.37,66778.26,600
2024.04.24,07:00,66778.25,66883.68,66588.0,66630.9,779
2024.04.24,08:00,66630.89,66743.01,66485.3,66533.99,858
2024.04.24,09:00,66533.98,66560.51,66272.0,66366.01,746
2024.04.24,10:00,66366.0,66517.85,66203.05,66432.25,774
2024.04.24,11:00,66432.26,66631.01,66361.73,66571.52,729
2024.04.24,12:00,66571.52,66737.0,66351.1,66353.02,964
2024.04.24,13:00,66353.01,66355.99,65834.28,66054.99,2408
2024.04.24,14:00,66055.0,66200.0,64732.34,65234.85,5091
2024.04.24,15:00,65234.86,65243.73,64519.03,64610.11,2853
2024.04.24,16:00,64610.1,64959.74,64348.0,64798.0,2314
2024.04.24,17:00,64797.99,65156.95,64766.33,64889.47,1511
2024.04.24,18:00,64889.47,64920.0,64070.15,64127.04,1692
2024.04.24,19:00,64127.04,64486.0,63736.7,63976.06,2143
2024.04.24,20:00,63976.05,64240.01,63606.06,64110.0,2421
2024.04.24,21:00,64110.01,64447.91,64000.0,64399.37,895
2024.04.24,22:00,64399.37,64404.0,63956.49,64096.0,872
2024.04.24,23:00,64096.0,64339.83,63825.72,64289.59,1036
2024.04.25,00:00,64289.58,64741.47,64226.6,64557.25,1141
2024.04.25,01:00,64557.25,64657.15,64046.74,64067.98,968
2024.04.25,02:00,64067.99,64338.58,63860.0,64299.98,902
2024.04.25,03:00,64299.98,64464.29,64128.3,64282.01,688
2024.04.25,04:00,64282.02,64397.78,64058.0,64337.99,664
2024.04.25,05:00,64338.0,64377.6,64025.5,64223.36,653
2024.04.25,06:00,64223.36,64391.99,64195.7,64288.0,363
2024.04.25,07:00,64288.0,64379.85,63824.07,64017.99,951
2024.04.25,08:00,64017.99,64176.86,63708.2,63948.78,1329
2024.04.25,09:00,63948.78,64192.0,63809.13,63966.02,833
2024.04.25,10:00,63966.03,63966.03,63337.25,63462.01,2418
2024.04.25,11:00,63462.0,63994.23,63447.37,63861.23,1202
2024.04.25,12:00,63861.24,64302.99,63267.03,63429.82,2594
2024.04.25,13:00,63429.83,63571.95,62794.0,63428.97,3722
2024.04.25,14:00,63428.97,63867.74,63215.99,63384.96,1611
2024.04.25,15:00,63384.96,64198.4,63265.95,64135.94,1612
2024.04.25,16:00,64135.93,64503.46,63971.48,64445.45,1744
2024.04.25,17:00,64445.45,64856.85,64374.95,64704.0,2216
2024.04.25,18:00,64703.99,64975.0,64452.21,64712.1,1267
2024.04.25,19:00,64712.11,64786.0,64561.29,64747.11,665
2024.04.25,20:00,64747.12,64992.0,64489.3,64794.29,1065
2024.04.25,21:00,64794.28,65297.94,64681.34,64710.01,1312
2024.04.25,22:00,64710.01,64740.0,64556.0,64602.99,641
2024.04.25,23:00,64602.99,64747.12,64447.75,64498.34,768
2024.04.26,00:00,64498.33,64557.03,64111.01,64307.03,1135
2024.04.26,01:00,64307.03,64662.5,63890.82,64402.97,1576
2024.04.26,02:00,64402.98,64662.53,64304.88,64499.91,899
2024.04.26,03:00,64499.92,64506.25,64294.78,64381.24,889
2024.04.26,04:00,64381.25,64391.37,64175.32,64210.85,651
2024.04.26,05:00,64210.84,64574.32,64000.02,64553.99,1159
2024.04.26,06:00,64553.99,64576.26,64256.25,64377.57,587
2024.04.26,07:00,64377.56,64610.82,64240.21,64276.95,1422
2024.04.26,08:00,64276.94,64468.92,64234.19,64412.5,905
2024.04.26,09:00,64412.5,64581.52,64329.42,64474.99,853
2024.04.26,10:00,64474.99,64556.45,64059.8,64100.01,1213
2024.04.26,11:00,64100.01,64264.74,64070.0,64244.02,590
2024.04.26,12:00,64244.03,64517.99,63950.0,64142.79,1299
2024.04.26,13:00,64142.78,64582.93,63685.94,64500.01,2512
2024.04.26,14:00,64500.0,64820.01,63791.91,63854.16,3167
2024.04.26,15:00,63854.15,64030.0,63297.48,63503.22,2711
2024.04.26,16:00,63503.22,63786.31,63318.75,63662.51,1374
2024.04.26,17:00,63662.5,64115.12,63550.97,64008.4,1185
2024.04.26,18:00,64008.4,64162.5,63943.82,64060.0,586
2024.04.26,19:00,64060.01,64131.25,63727.89,63742.05,566
2024.04.26,20:00,63742.07,64107.32,63742.05,63966.39,591
2024.04.26,21:00,63966.39,64080.56,63830.0,64059.97,378
2024.04.26,22:00,64059.96,64059.97,63689.22,63821.93,558
2024.04.26,23:00,63821.94,63913.46,63756.25,63770.01,268
2024.04.27,00:00,63770.0,63923.41,62851.0,63181.99,2114
2024.04.27,01:00,63182.0,63272.72,62391.24,62593.28,2785
2024.04.27,02:00,62593.28,63325.12,62471.52,62929.97,1179
2024.04.27,03:00,62929.98,63153.06,62808.0,63082.01,578
2024.04.27,04:00,63082.0,63175.0,62943.75,63048.57,635
2024.04.27,05:00,63048.57,63091.82,62808.0,62988.25,662
2024.04.27,06:00,62988.25,63147.88,62865.46,63028.0,547
2024.04.27,07:00,63028.0,63160.71,62946.0,62966.83,397
2024.04.27,08:00,62966.84,63060.0,62913.48,63016.01,454
2024.04.27,09:00,63016.01,63055.49,62878.78,62984.45,434
2024.04.27,10:00,62984.45,62991.54,62730.0,62796.0,675
2024.04.27,11:00,62795.99,62950.0,62673.37,62862.14,515
2024.04.27,12:00,62862.13,63174.0,62810.29,63034.62,1448
2024.04.27,13:00,63034.62,63271.79,63006.21,63227.09,733
2024.04.27,14:00,63227.09,63408.53,63063.82,63131.65,837
2024.04.27,15:00,63131.65,63212.09,62860.0,62951.75,485
2024.04.27,16:00,62951.75,63111.89,62750.0,62750.0,948
2024.04.27,17:00,62750.0,63650.0,62750.0,63416.21,1543
2024.04.27,18:00,63416.22,63619.96,62821.82,63339.05,1908
2024.04.27,19:00,63339.06,63388.42,63192.07,63352.11,513
2024.04.27,20:00,63352.11,63461.53,63160.0,63277.99,409
2024.04.27,21:00,63277.99,63357.32,63157.98,63289.57,272
2024.04.27,22:00,63289.57,63474.99,63233.81,63259.99,466
2024.04.27,23:00,63260.0,63555.56,63259.99,63461.98,386
2024.04.28,00:00,63461.98,63748.55,63456.86,63616.57,637
2024.04.28,01:00,63616.58,63698.74,63523.45,63603.6,405
2024.04.28,02:00,63603.6,64050.0,63552.68,63950.0,868
2024.04.28,03:00,63950.01,64370.0,63932.78,64021.62,1474
2024.04.28,04:00,64021.62,64049.99,63827.88,63843.14,645
2024.04.28,05:00,63843.14,64000.0,63810.0,63953.99,498
2024.04.28,06:00,63954.0,64017.29,63800.0,63967.14,642
2024.04.28,07:00,63967.14,64060.0,63894.21,63915.5,518
2024.04.28,08:00,63915.5,63979.27,63639.17,63709.98,820
2024.04.28,09:00,63709.99,63823.79,63676.0,63759.33,403
2024.04.28,10:00,63759.34,63792.6,63345.55,63694.5,935
2024.04.28,11:00,63694.5,63710.87,63394.68,63484.01,593
2024.04.28,12:00,63484.0,63673.0,63415.6,63590.03,584
2024.04.28,13:00,63590.03,63869.09,63534.0,63775.43,721
2024.04.28,14:00,63775.42,63783.6,63488.0,63607.19,631
2024.04.28,15:00,63607.2,63652.0,63460.0,63540.0,484
2024.04.28,16:00,63540.0,63800.4,63483.18,63705.38,581
2024.04.28,17:00,63705.38,63814.0,63570.3,63768.47,356
2024.04.28,18:00,63768.47,63976.0,63694.5,63923.99,516
2024.04.28,19:00,63924.0,63928.0,63715.36,63730.49,333
2024.04.28,20:00,63730.49,63745.91,63588.72,63686.0,297
2024.04.28,21:00,63686.0,63745.86,63609.0,63661.99,302
2024.04.28,22:00,63662.0,63714.76,62870.0,63151.05,2240
2024.04.28,23:00,63151.06,63164.7,62781.0,63118.62,1452
2024.04.29,00:00,63118.62,63321.9,63002.86,63257.43,639
2024.04.29,01:00,63257.42,63367.05,63084.18,63232.0,538
2024.04.29,02:00,63231.99,63285.08,62570.0,62706.33,1267
2024.04.29,03:00,62706.34,62764.84,62150.52,62279.67,1735
2024.04.29,04:00,62279.68,62639.4,62200.03,62542.0,968
2024.04.29,05:00,62542.0,62542.0,62059.27,62444.88,916
2024.04.29,06:00,62444.88,62473.8,61923.13,62199.69,1730
2024.04.29,07:00,62199.69,62417.85,61942.38,62399.98,1363
2024.04.29,08:00,62399.98,62498.61,62220.01,62398.0,810
2024.04.29,09:00,62397.99,62660.01,62276.73,62536.01,676
2024.04.29,10:00,62536.01,62673.18,62388.96,62388.97,758
2024.04.29,11:00,62388.96,62421.66,62179.99,62256.0,787
2024.04.29,12:00,62256.0,62653.44,62049.0,62602.33,1426
2024.04.29,13:00,62602.32,62698.55,61765.53,62014.0,2539
2024.04.29,14:00,62014.0,63014.67,61878.61,62834.99,2963
2024.04.29,15:00,62834.99,63112.29,62735.55,63039.07,1282
2024.04.29,16:00,63039.07,63158.8,62754.0,62792.02,1229
2024.04.29,17:00,62792.01,63221.74,62774.38,63033.23,779
2024.04.29,18:00,63033.24,63050.0,62705.88,62870.0,612
2024.04.29,19:00,62870.0,62988.0,62546.37,62987.37,882
2024.04.29,20:00,62987.37,63134.12,62894.85,62968.82,540
2024.04.29,21:00,62968.83,63172.58,62820.0,63092.24,479
2024.04.29,22:00,63092.23,63935.91,63041.04,63890.0,1736
2024.04.29,23:00,63890.01,64228.35,63810.0,63866.0,1483
2024.04.30,00:00,63866.0,64734.0,63688.04,64580.0,2057
2024.04.30,01:00,64579.99,64614.0,63560.5,63606.01,1516
2024.04.30,02:00,63606.01,63896.12,62995.7,63780.91,2440
2024.04.30,03:00,63780.92,63820.58,63561.32,63647.99,626
2024.04.30,04:00,63647.99,63708.7,63343.47,63403.98,599
2024.04.30,05:00,63403.98,63491.59,63069.68,63330.0,968
2024.04.30,06:00,63330.0,63465.1,63227.47,63412.0,482
2024.04.30,07:00,63412.0,63461.96,63135.7,63148.74,984
2024.04.30,08:00,63148.74,63244.0,61816.46,61919.32,4286
2024.04.30,09:00,61919.32,62148.0,61600.0,61688.01,2706
2024.04.30,10:00,61688.01,61788.05,61451.01,61782.19,1881
2024.04.30,11:00,61782.18,61782.19,61000.0,61204.42,5194
2024.04.30,12:00,61204.41,61337.78,60737.45,61230.16,3012
2024.04.30,13:00,61230.16,61313.94,60779.79,60820.57,1823
2024.04.30,14:00,60820.58,61559.36,60546.22,61247.87,3223
2024.04.30,15:00,61247.87,61395.66,60600.72,60796.85,2445
2024.04.30,16:00,60796.86,60947.55,60158.86,60336.68,3340
2024.04.30,17:00,60336.68,60514.72,60080.0,60368.81,2543
2024.04.30,18:00,60368.82,60538.38,60018.0,60403.67,1792
2024.04.30,19:00,60403.68,60503.87,59191.6,59292.95,5586
2024.04.30,20:00,59292.95,60177.46,59274.75,59958.62,3414
2024.04.30,21:00,59958.62,60400.0,59952.49,60180.0,1151
2024.04.30,22:00,60180.0,61070.71,60156.0,60589.79,1945
2024.04.30,23:00,60589.79,60924.16,60401.06,60672.0,923
2024.05.01,00:00,60672.01,60841.63,60078.52,60240.57,1687
2024.05.01,01:00,60240.58,60408.29,59850.06,60133.78,1900
2024.05.01,02:00,60133.79,60177.68,59590.0,59927.99,2096
2024.05.01,03:00,59927.99,60317.88,59903.17,60246.03,844
2024.05.01,04:00,60246.02,60361.09,60190.0,60283.99,837
2024.05.01,05:00,60283.99,60334.76,59931.59,60050.0,891
2024.05.01,06:00,60049.99,60113.24,59500.55,59529.94,1347
2024.05.01,07:00,59529.94,59569.23,57100.0,57499.99,12661
2024.05.01,08:00,57500.0,57596.63,56552.82,57169.69,10517
2024.05.01,09:00,57169.7,57653.34,57042.0,57115.61,3511
2024.05.01,10:00,57115.61,57770.0,56888.0,57768.68,2656
2024.05.01,11:00,57768.68,57909.0,57455.58,57898.47,1920
2024.05.01,12:00,57898.46,58275.87,57729.89,57969.98,3130
2024.05.01,13:00,57969.99,57999.06,57223.29,57301.29,2703
2024.05.01,14:00,57301.29,57586.2,57101.1,57482.0,2591
2024.05.01,15:00,57482.01,57511.1,56674.51,56886.0,3260
2024.05.01,16:00,56886.0,57456.92,56750.1,57043.99,2281
2024.05.01,17:00,57044.0,57700.86,56625.09,57424.65,2103
2024.05.01,18:00,57424.64,59468.0,57331.1,58913.99,8929
2024.05.01,19:00,58913.98,59264.16,56897.27,56954.47,7193
2024.05.01,20:00,56954.46,57531.1,56760.02,57361.7,2355
2024.05.01,21:00,57361.71,58203.34,57257.99,57909.03,1636
2024.05.01,22:00,57909.03,58209.72,57857.71,57880.58,1333
2024.05.01,23:00,57880.58,58575.32,57828.0,58364.97,2770
2024.05.02,00:00,58364.97,58610.55,57641.73,57767.29,3568
2024.05.02,01:00,57767.3,57900.02,56911.84,57112.37,5530
2024.05.02,02:00,57112.37,57641.04,57109.01,57463.87,1214
2024.05.02,03:00,57463.88,57705.08,57377.32,57442.88,898
2024.05.02,04:00,57442.88,57647.4,57301.11,57396.22,740
2024.05.02,05:00,57396.23,57537.73,57202.49,57484.57,1008
2024.05.02,06:00,57484.57,57725.98,57404.08,57628.56,1076
2024.05.02,07:00,57628.57,57945.19,57618.07,57681.08,1204
2024.05.02,08:00,57681.08,57981.46,57612.73,57834.82,1318
2024.05.02,09:00,57834.82,57892.52,57626.89,57804.36,944
2024.05.02,10:00,57804.37,57898.01,57561.14,57801.41,1395
2024.05.02,11:00,57801.41,58689.55,57783.04,58559.66,3611
2024.05.02,12:00,58559.66,59117.68,58446.18,58556.59,6043
2024.05.02,13:00,58556.58,58788.75,58222.0,58450.22,2104
2024.05.02,14:00,58450.22,59300.0,58300.0,59055.25,3644
2024.05.02,15:00,59055.26,59455.0,58972.44,59264.15,3236
2024.05.02,16:00,59264.16,59315.32,58943.38,59017.54,1660
2024.05.02,17:00,59017.53,59301.1,58955.31,59190.24,1256
2024.05.02,18:00,59190.24,59575.29,58987.49,59383.52,1289
2024.05.02,19:00,59383.52,59385.57,59025.51,59351.11,969
2024.05.02,20:00,59351.1,59431.1,58637.62,58727.45,1774
2024.05.02,21:00,58727.45,59625.0,58701.1,59112.58,1413
2024.05.02,22:00,59112.59,59454.17,59083.33,59328.0,1011
2024.05.02,23:00,59328.0,59377.36,59057.73,59060.61,667
2024.05.03,00:00,59060.6,59131.1,58811.32,59031.81,1076
2024.05.03,01:00,59031.81,59498.0,59004.0,59311.11,1001
2024.05.03,02:00,59311.1,59916.12,59255.22,59543.76,1463
2024.05.03,03:00,59543.75,59999.0,59504.0,59720.3,1567
2024.05.03,04:00,59720.3,59844.94,59548.0,59604.0,781
2024.05.03,05:00,59604.0,59627.9,59468.89,59522.67,819
2024.05.03,06:00,59522.68,59574.6,59233.3,59254.74,941
2024.05.03,07:00,59254.75,59423.0,59061.63,59190.74,1367
2024.05.03,08:00,59190.74,59388.0,59136.49,59225.99,591
2024.05.03,09:00,59225.99,59575.48,59196.11,59481.12,748
2024.05.03,10:00,59481.11,59486.63,58849.94,59040.0,1218
2024.05.03,11:00,59040.01,59438.08,58867.92,59291.09,1082
2024.05.03,12:00,59291.1,60779.29,58991.99,60641.0,5944
2024.05.03,13:00,60641.0,61836.6,60523.34,61689.94,7023
2024.05.03,14:00,61689.95,62115.64,61347.1,61618.17,3790
2024.05.03,15:00,61618.16,61800.0,61335.69,61690.74,2433
2024.05.03,16:00,61690.74,62179.99,61538.7,61681.99,1826
2024.05.03,17:00,61682.0,61953.8,61533.2,61805.85,919
2024.05.03,18:00,61805.84,61986.0,61695.0,61829.16,722
2024.05.03,19:00,61829.15,62103.0,61597.14,62067.32,1125
2024.05.03,20:00,62067.32,63202.97,61974.0,62900.0,3397
2024.05.03,21:00,62899.99,62950.0,62361.96,62738.0,1319
2024.05.03,22:00,62738.0,63005.47,62637.76,62782.43,1144
2024.05.03,23:00,62782.42,63333.0,62769.86,62882.01,1321
2024.05.04,00:00,62882.01,63171.16,62765.41,63083.99,1013
2024.05.04,01:00,63083.99,63595.14,62797.18,62856.03,1868
2024.05.04,02:00,62856.03,62900.0,62541.03,62699.07,1116
2024.05.04,03:00,62699.07,62884.62,62662.0,62724.0,743
2024.05.04,04:00,62724.0,63188.0,62686.0,63057.99,1066
2024.05.04,05:00,63057.99,63450.0,62956.0,63384.01,886
2024.05.04,06:00,63384.01,63390.06,62905.65,62966.93,706
2024.05.04,07:00,62966.92,63132.57,62851.96,62959.03,609
2024.05.04,08:00,62959.03,63226.43,62924.37,63160.95,620
2024.05.04,09:00,63160.95,63300.0,63055.55,63179.8,576
2024.05.04,10:00,63179.8,64497.99,63110.66,64420.91,2955
2024.05.04,11:00,64420.9,64540.0,63658.79,63873.31,2394
2024.05.04,12:00,63873.3,64098.63,63758.51,64066.35,1062
2024.05.04,13:00,64066.34,64158.19,63434.53,63730.01,1239
2024.05.04,14:00,63730.0,63956.0,63550.28,63819.09,653
2024.05.04,15:00,63819.08,63846.0,63439.56,63609.17,856
2024.05.04,16:00,63609.17,63731.86,63386.01,63683.01,843
2024.05.04,17:00,63683.02,63774.6,63300.58,63463.3,1498
2024.05.04,18:00,63463.3,63744.69,63388.12,63643.63,555
2024.05.04,19:00,63643.63,64019.83,63540.41,63921.18,720
2024.05.04,20:00,63921.17,64240.76,63853.74,63867.73,614
2024.05.04,21:00,63867.74,64112.51,63550.0,63903.91,677
2024.05.04,22:00,63903.91,63945.92,63569.99,63613.92,636
2024.05.04,23:00,63613.92,63932.61,63606.62,63892.04,451
2024.05.05,00:00,63892.03,64188.0,63418.53,63509.52,1260
2024.05.05,01:00,63509.52,63580.0,62822.17,63315.47,1694
2024.05.05,02:00,63315.47,63432.4,63140.0,63141.71,566
2024.05.05,03:00,63141.7,63271.81,63001.0,63235.93,502
2024.05.05,04:00,63235.93,63426.01,63234.24,63345.2,369
2024.05.05,05:00,63345.19,63493.55,63119.32,63211.67,401
2024.05.05,06:00,63211.66,63457.51,63162.0,63382.84,351
2024.05.05,07:00,63382.83,63959.0,63362.0,63736.87,862
2024.05.05,08:00,63736.86,63932.57,63539.53,63668.0,1001
2024.05.05,09:00,63668.0,63743.43,63550.28,63673.42,440
2024.05.05,10:00,63673.41,63844.33,63555.39,63688.48,421
2024.05.05,11:00,63688.49,63937.17,63609.48,63859.63,567
2024.05.05,12:00,63859.63,63884.0,63633.01,63725.33,534
2024.05.05,13:00,63725.32,64279.99,63618.91,64119.92,1786
2024.05.05,14:00,64119.91,64148.08,63751.02,64100.0,739
2024.05.05,15:00,64100.01,64646.0,63989.23,64428.65,2345
2024.05.05,16:00,64428.64,64554.68,64196.73,64321.99,972
2024.05.05,17:00,64322.0,64476.0,64155.77,64218.0,656
2024.05.05,18:00,64218.0,64249.42,63811.01,63932.6,911
2024.05.05,19:00,63932.61,63999.99,63843.99,63879.94,332
2024.05.05,20:00,63879.94,63879.95,63582.08,63738.78,499
2024.05.05,21:00,63738.77,63868.41,63600.0,63868.41,343
2024.05.05,22:00,63868.41,63891.22,63704.32,63860.01,290
2024.05.05,23:00,63860.01,64227.51,63825.35,64012.0,676
2024.05.06,00:00,64012.0,64346.24,64011.01,64218.02,560
2024.05.06,01:00,64218.02,64465.0,64058.82,64147.22,854
2024.05.06,02:00,64147.22,64227.51,63826.08,63826.09,1099
2024.05.06,03:00,63826.08,63935.31,63708.58,63866.59,647
2024.05.06,04:00,63866.59,64185.58,63768.72,64166.0,1003
2024.05.06,05:00,64166.01,64331.58,64036.0,64186.93,811
2024.05.06,06:00,64186.93,64473.78,64137.92,64230.02,945
2024.05.06,07:00,64230.02,64588.0,64150.0,64540.75,1368
2024.05.06,08:00,64540.75,65500.0,64462.48,65143.04,3758
2024.05.06,09:00,65143.04,65360.12,65111.1,65166.2,1065
2024.05.06,10:00,65166.2,65275.0,63815.38,64007.17,3241
2024.05.06,11:00,64007.16,64359.39,64003.49,64203.56,1289
2024.05.06,12:00,64203.55,64319.86,63343.86,63593.99,3239
2024.05.06,13:00,63593.99,63998.47,63450.0,63870.0,1925
2024.05.06,14:00,63870.01,64261.08,63211.66,63271.97,2546
2024.05.06,15:00,63271.97,63760.0,62909.61,63632.01,3071
2024.05.06,16:00,63632.01,63747.59,63079.6,63192.43,1310
2024.05.06,17:00,63192.42,63511.84,62968.57,63169.93,1326
2024.05.06,18:00,63169.92,63532.05,62965.4,63400.0,967
2024.05.06,19:00,63400.0,63404.8,62700.0,63220.0,1434
2024.05.06,20:00,63220.0,63405.61,63051.94,63308.28,631
2024.05.06,21:00,63308.28,63611.85,63308.27,63550.29,501
2024.05.06,22:00,63550.29,63570.0,63406.13,63495.67,386
2024.05.06,23:00,63495.67,63495.67,63134.85,63165.19,687
2024.05.07,00:00,63165.18,63667.0,62960.0,63545.45,928
2024.05.07,01:00,63545.44,63967.19,63480.0,63895.72,1085
2024.05.07,02:00,63895.72,63953.34,63620.03,63702.76,515
2024.05.07,03:00,63702.76,63733.16,62832.6,63239.49,1476
2024.05.07,04:00,63239.5,63470.58,63092.76,63466.26,660
2024.05.07,05:00,63466.27,63725.0,63243.92,63563.48,863
2024.05.07,06:00,63563.47,63719.2,63394.28,63623.81,670
2024.05.07,07:00,63623.81,63853.12,63549.99,63669.69,675
2024.05.07,08:00,63669.69,64422.41,63596.13,64232.0,1813
2024.05.07,09:00,64231.99,64362.7,64064.34,64119.98,876
2024.05.07,10:00,64119.98,64171.83,63746.69,64086.37,1107
2024.05.07,11:00,64086.37,64124.05,63358.0,63490.43,1203
2024.05.07,12:00,63490.43,63772.45,63473.73,63663.02,808
2024.05.07,13:00,63663.03,63712.86,63112.57,63213.16,1114
2024.05.07,14:00,63213.17,64088.53,63050.77,64024.47,1473
2024.05.07,15:00,64024.47,64320.0,63584.28,63740.48,2024
2024.05.07,16:00,63740.48,63895.46,63455.56,63634.0,834
2024.05.07,17:00,63633.99,63657.4,63310.84,63391.79,634
2024.05.07,18:00,63391.79,63393.52,62789.89,63169.99,1486
2024.05.07,19:00,63169.99,63269.2,62961.81,63060.01,626
2024.05.07,20:00,63060.0,63197.58,62888.68,62974.94,554
2024.05.07,21:00,62974.94,63162.28,62835.0,63074.01,577
2024.05.07,22:00,63074.01,63123.6,62738.8,62850.92,1499
2024.05.07,23:00,62850.92,62880.0,62261.0,62312.08,2084
2024.05.08,00:00,62312.07,62729.77,62111.0,62586.01,1290
2024.05.08,01:00,62586.01,62718.38,62430.0,62530.31,791
2024.05.08,02:00,62530.31,62849.03,62530.3,62756.01,608
2024.05.08,03:00,62756.0,62973.18,62588.0,62893.99,646
2024.05.08,04:00,62894.0,63020.22,62358.09,62520.15,950
2024.05.08,05:00,62520.15,62760.0,62361.51,62617.71,564
2024.05.08,06:00,62617.71,62709.63,62135.48,62505.98,1299
2024.05.08,07:00,62505.99,62603.64,62020.09,62208.0,1045
2024.05.08,08:00,62208.0,62427.97,62042.0,62375.99,1032
2024.05.08,09:00,62375.99,62428.0,62082.3,62302.01,1000
2024.05.08,10:00,62302.0,62519.7,62264.19,62450.05,809
2024.05.08,11:00,62450.06,62507.0,62131.41,62243.4,670
2024.05.08,12:00,62243.4,62450.14,62093.75,62238.29,730
2024.05.08,13:00,62238.29,62461.28,61761.0,62447.61,2047
2024.05.08,14:00,62447.6,62828.0,62160.72,62560.01,1703
2024.05.08,15:00,62560.0,62604.35,61886.86,62273.08,1676
2024.05.08,16:00,62273.07,62444.45,62000.0,62444.45,800
2024.05.08,17:00,62444.45,62685.7,62368.06,62594.18,721
2024.05.08,18:00,62594.19,62760.0,62450.0,62515.46,605
2024.05.08,19:00,62515.46,62548.71,61949.42,62179.45,1173
2024.05.08,20:00,62179.45,62248.84,61429.62,61570.01,1896
2024.05.08,21:00,61570.0,61763.37,61382.0,61485.94,938
2024.05.08,22:00,61485.95,61568.85,61103.26,61251.01,1500
2024.05.08,23:00,61251.02,61280.46,60888.0,61193.03,1615
2024.05.09,00:00,61193.03,61468.14,61144.33,61400.0,669
2024.05.09,01:00,61400.01,61567.41,61380.54,61551.0,607
2024.05.09,02:00,61550.99,61694.91,61490.34,61664.64,656
2024.05.09,03:00,61664.64,61806.98,61423.24,61680.4,788
2024.05.09,04:00,61680.4,61760.6,61420.0,61511.12,848
2024.05.09,05:00,61511.13,61727.58,61444.44,61580.01,686
2024.05.09,06:00,61580.01,61780.6,61530.69,61616.01,524
2024.05.09,07:00,61616.0,61648.0,61129.0,61253.16,846
2024.05.09,08:00,61253.16,61447.06,61139.79,61310.0,927
2024.05.09,09:00,61309.99,61361.94,60923.22,61289.99,1553
2024.05.09,10:00,61289.99,61321.76,60774.67,60805.99,1272
2024.05.09,11:00,60805.99,61177.94,60630.0,61053.99,1608
2024.05.09,12:00,61053.99,61631.03,61025.42,61516.66,1514
2024.05.09,13:00,61516.66,61538.73,60882.19,61182.33,1609
2024.05.09,14:00,61182.32,61571.42,61119.1,61540.61,1537
2024.05.09,15:00,61540.6,62285.0,61465.36,62159.06,3626
2024.05.09,16:00,62159.06,62668.67,61820.77,61859.81,3589
2024.05.09,17:00,61859.8,62211.45,61750.0,61946.29,1125
2024.05.09,18:00,61946.3,62260.0,61890.0,62259.69,640
2024.05.09,19:00,62259.68,62550.0,62180.0,62454.92,926
2024.05.09,20:00,62454.92,62659.51,62346.36,62624.7,1263
2024.05.09,21:00,62624.7,62822.64,62426.82,62543.34,1306
2024.05.09,22:00,62543.34,63429.03,62493.0,63280.47,1525
2024.05.09,23:00,63280.46,63330.01,62862.72,63074.01,1006
2024.05.10,00:00,63074.0,63094.01,62742.0,62840.73,768
2024.05.10,01:00,62840.72,62968.0,62662.07,62883.5,776
2024.05.10,02:00,62883.5,63043.29,62771.76,62910.61,605
2024.05.10,03:00,62910.62,62932.15,62793.94,62916.16,586
2024.05.10,04:00,62916.16,63008.0,62793.04,62929.99,607
2024.05.10,05:00,62930.0,62973.49,62660.42,62767.99,608
2024.05.10,06:00,62768.0,63236.96,62743.88,63166.0,828
2024.05.10,07:00,63166.0,63380.0,62990.44,63078.02,2785
2024.05.10,08:00,63078.01,63136.06,62839.67,63039.99,866
2024.05.10,09:00,63040.0,63214.63,62850.0,63126.98,690
2024.05.10,10:00,63126.97,63139.19,62860.0,63025.45,630
2024.05.10,11:00,63025.44,63320.0,62800.0,63299.63,984
2024.05.10,12:00,63299.63,63469.13,62939.0,63007.92,1387
2024.05.10,13:00,63007.91,63107.17,62812.26,63004.0,838
2024.05.10,14:00,63004.0,63090.33,60690.0,61063.87,7058
2024.05.10,15:00,61063.87,61326.01,60703.0,60928.02,4160
2024.05.10,16:00,60928.02,61294.82,60255.0,61071.54,3344
2024.05.10,17:00,61071.55,61071.55,60187.12,60383.72,2970
2024.05.10,18:00,60383.71,60788.0,60220.87,60717.07,1476
2024.05.10,19:00,60717.08,60922.29,60538.7,60716.97,1657
2024.05.10,20:00,60716.96,60977.17,60456.91,60516.92,1289
2024.05.10,21:00,60516.91,60777.7,60466.52,60710.0,602
2024.05.10,22:00,60709.99,60931.8,60610.0,60854.01,577
2024.05.10,23:00,60854.0,61003.0,60776.0,60799.99,428
2024.05.11,00:00,60799.99,60930.0,60650.0,60779.99,746
2024.05.11,01:00,60779.99,61096.27,60764.0,60876.69,783
2024.05.11,02:00,60876.7,60977.77,60753.54,60895.23,495
2024.05.11,03:00,60895.22,60918.86,60699.92,60731.9,337
2024.05.11,04:00,60731.89,60880.26,60712.0,60766.01,569
2024.05.11,05:00,60766.0,60939.18,60766.0,60922.0,446
2024.05.11,06:00,60921.99,61080.0,60900.94,60953.01,549
2024.05.11,07:00,60953.0,61018.53,60861.88,61018.52,393
2024.05.11,08:00,61018.53,61058.75,60780.0,60790.0,504
2024.05.11,09:00,60790.01,60904.43,60662.0,60904.43,1137
2024.05.11,10:00,60904.42,60904.43,60692.0,60745.99,321
2024.05.11,11:00,60745.99,60790.0,60487.09,60684.01,658
2024.05.11,12:00,60684.0,60818.14,60643.94,60710.01,421
2024.05.11,13:00,60710.01,60986.11,60666.88,60972.0,515
2024.05.11,14:00,60972.01,61000.01,60783.94,60840.01,435
2024.05.11,15:00,60840.01,61515.0,60840.0,61174.18,1610
2024.05.11,16:00,61174.18,61410.09,61091.84,61201.19,895
2024.05.11,17:00,61201.2,61257.99,61016.0,61099.05,467
2024.05.11,18:00,61099.04,61300.0,61016.0,61214.54,324
2024.05.11,19:00,61214.55,61217.0,61058.31,61144.0,270
2024.05.11,20:00,61144.01,61154.21,60784.39,61016.58,631
2024.05.11,21:00,61016.57,61016.58,60840.0,60919.55,241
2024.05.11,22:00,60919.55,60990.0,60899.26,60909.99,278
2024.05.11,23:00,60909.99,60986.41,60743.51,60825.99,337
2024.05.12,00:00,60825.99,61104.05,60804.0,60978.0,437
2024.05.12,01:00,60977.99,61080.0,60860.3,60867.99,319
2024.05.12,02:00,60868.0,60979.99,60833.99,60929.85,268
2024.05.12,03:00,60929.86,60970.0,60863.81,60930.0,241
2024.05.12,04:00,60930.01,61120.0,60919.33,61100.0,356
2024.05.12,05:00,61100.01,61100.01,60978.64,61050.01,206
2024.05.12,06:00,61050.01,61062.0,60945.04,60946.49,186
2024.05.12,07:00,60946.49,60996.0,60610.0,60820.0,664
2024.05.12,08:00,60819.99,61110.0,60790.94,61049.97,542
2024.05.12,09:00,61049.97,61083.32,60960.0,61000.0,428
2024.05.12,10:00,61000.01,61366.59,60950.0,61159.99,1003
2024.05.12,11:00,61159.99,61233.06,61110.0,61146.0,367
2024.05.12,12:00,61145.99,61236.25,61090.0,61155.75,385
2024.05.12,13:00,61155.75,61245.94,61097.89,61191.29,273
2024.05.12,14:00,61191.29,61313.82,61124.77,61168.82,438
2024.05.12,15:00,61168.83,61587.12,61146.01,61419.0,950
2024.05.12,16:00,61419.01,61888.0,61346.77,61346.77,1686
2024.05.12,17:00,61346.77,61685.5,61109.67,61616.3,1222
2024.05.12,18:00,61616.3,61652.7,61355.0,61373.94,465
2024.05.12,19:00,61373.95,61442.67,61209.59,61406.1,446
2024.05.12,20:00,61406.11,61432.0,61283.24,61284.03,301
2024.05.12,21:00,61284.03,61316.67,60910.58,61236.0,735
2024.05.12,22:00,61236.0,61420.0,61203.36,61326.0,389
2024.05.12,23:00,61326.0,61551.43,61280.0,61483.99,435
2024.05.13,00:00,61484.0,61812.0,61483.99,61512.89,628
2024.05.13,01:00,61512.9,61545.77,61168.86,61415.87,863
2024.05.13,02:00,61415.88,61500.0,60944.71,61044.26,1697
2024.05.13,03:00,61044.26,61220.79,60749.21,61170.0,2162
2024.05.13,04:00,61170.0,61170.01,60894.24,60976.96,859
2024.05.13,05:00,60976.96,61016.0,60802.0,60858.97,556
2024.05.13,06:00,60858.96,61560.0,60797.79,61504.1,1137
2024.05.13,07:00,61504.09,62450.0,61460.0,62334.37,2210
2024.05.13,08:00,62334.36,63080.0,62334.36,62767.18,4637
2024.05.13,09:00,62767.19,63295.48,62767.18,63060.6,1765
2024.05.13,10:00,63060.61,63087.11,62378.84,62674.7,1960
2024.05.13,11:00,62674.69,62770.94,62480.57,62738.0,849
2024.05.13,12:00,62737.99,62913.3,62399.35,62844.04,1946
2024.05.13,13:00,62844.03,63048.05,62600.79,62779.66,1400
2024.05.13,14:00,62779.66,63100.0,62729.12,62747.87,1221
2024.05.13,15:00,62747.88,63200.0,62703.42,63002.0,1273
2024.05.13,16:00,63002.0,63450.0,62917.55,63178.89,2043
2024.05.13,17:00,63178.89,63189.48,62610.0,62810.51,1332
2024.05.13,18:00,62810.51,62827.31,62566.36,62786.9,709
2024.05.13,19:00,62786.9,63188.76,62786.9,63172.69,1427
2024.05.13,20:00,63172.7,63193.59,62990.84,63091.89,528
2024.05.13,21:00,63091.88,63120.0,62840.0,62901.75,422
2024.05.13,22:00,62901.76,62952.2,62715.57,62770.0,605
2024.05.13,23:00,62770.0,62980.15,62716.13,62940.08,492
2024.05.14,00:00,62940.09,63118.36,62721.98,62815.03,964
2024.05.14,01:00,62815.02,63019.8,62577.99,62652.02,805
2024.05.14,02:00,62652.01,62711.06,62500.0,62541.99,1160
2024.05.14,03:00,62541.99,62696.42,62403.22,62488.46,1256
2024.05.14,04:00,62488.46,62669.48,62401.07,62550.22,678
2024.05.14,05:00,62550.22,62780.73,62487.18,62717.22,664
2024.05.14,06:00,62717.22,62717.22,61404.34,62042.0,3558
2024.05.14,07:00,62041.99,62116.8,61820.24,62035.39,1227
2024.05.14,08:00,62035.39,62045.8,61697.05,61861.0,1125
2024.05.14,09:00,61861.01,61954.9,61755.57,61797.85,451
2024.05.14,10:00,61797.84,61822.19,61520.89,61719.01,781
2024.05.14,11:00,61719.0,61895.83,61696.96,61798.57,620
2024.05.14,12:00,61798.57,62108.0,61151.0,61566.52,2759
2024.05.14,13:00,61566.53,62054.77,61452.16,61695.98,1274
2024.05.14,14:00,61695.98,62300.0,61142.77,61803.74,3353
2024.05.14,15:00,61803.74,62063.56,61650.0,61787.61,1984
2024.05.14,16:00,61787.6,61816.34,61201.1,61427.54,1837
2024.05.14,17:00,61427.54,61535.28,61159.34,61314.98,1680
2024.05.14,18:00,61314.99,61463.15,61224.07,61429.99,587
2024.05.14,19:00,61430.0,61680.0,61397.2,61596.52,566
2024.05.14,20:00,61596.51,61710.0,61561.14,61610.04,353
2024.05.14,21:00,61610.04,61789.99,61472.41,61694.56,560
2024.05.14,22:00,61694.57,61766.28,61570.0,61708.79,514
2024.05.14,23:00,61708.78,61726.62,61540.0,61577.49,321
2024.05.15,00:00,61577.49,61800.0,61319.47,61438.35,723
2024.05.15,01:00,61438.35,61760.04,61432.01,61696.0,520
2024.05.15,02:00,61695.99,61908.47,61690.21,61774.01,452
2024.05.15,03:00,61774.01,62033.48,61772.44,61949.99,454
2024.05.15,04:00,61949.99,61982.0,61818.18,61900.0,467
2024.05.15,05:00,61900.0,62082.64,61880.0,61928.68,585
2024.05.15,06:00,61928.67,61986.0,61829.96,61962.75,521
2024.05.15,07:00,61962.75,62280.01,61889.52,62195.04,926
2024.05.15,08:00,62195.04,62265.98,62044.8,62143.51,724
2024.05.15,09:00,62143.51,62919.12,61923.2,62649.98,1736
2024.05.15,10:00,62649.98,62999.44,62355.71,62674.71,2222
2024.05.15,11:00,62674.7,62824.3,62242.42,62467.18,1159
2024.05.15,12:00,62467.18,64200.93,62402.03,63757.56,6238
2024.05.15,13:00,63757.57,64663.56,63535.89,64145.99,5375
2024.05.15,14:00,64146.0,64500.0,63990.62,64500.0,3056
2024.05.15,15:00,64499.99,65057.26,64367.14,64725.11,3812
2024.05.15,16:00,64725.12,65150.0,64720.0,64759.27,2048
2024.05.15,17:00,64759.26,65127.64,64759.26,65046.56,1641
2024.05.15,18:00,65046.56,65791.12,64960.99,65717.28,2962
2024.05.15,19:00,65717.28,66419.15,65302.44,66006.23,3137
2024.05.15,20:00,66006.23,66085.5,65738.0,65930.87,1413
2024.05.15,21:00,65930.88,66200.0,65779.88,65859.99,851
2024.05.15,22:00,65859.99,66290.32,65842.61,66116.3,1204
2024.05.15,23:00,66116.31,66444.16,66072.0,66206.5,1322
2024.05.16,00:00,66206.51,66666.0,65942.1,66083.9,1814
2024.05.16,01:00,66083.9,66209.74,65838.66,65985.99,1018
2024.05.16,02:00,65985.99,66115.2,65746.42,65909.51,965
2024.05.16,03:00,65909.51,66074.03,65807.45,65975.39,746
2024.05.16,04:00,65975.39,66006.42,65800.0,65813.33,675
2024.05.16,05:00,65813.34,65900.0,65746.12,65781.99,546
2024.05.16,06:00,65781.99,66000.0,65652.92,65958.14,1012
2024.05.16,07:00,65958.14,66278.04,65936.57,66142.62,1305
2024.05.16,08:00,66142.62,66460.71,66094.34,66297.12,1039
2024.05.16,09:00,66297.12,66390.02,66100.0,66364.69,987
2024.05.16,10:00,66364.69,66364.69,66100.0,66169.99,747
2024.05.16,11:00,66170.0,66585.7,66000.0,66503.8,933
2024.05.16,12:00,66503.81,66752.01,65904.76,66011.01,2444
2024.05.16,13:00,66011.01,66367.92,65759.99,66328.05,1698
2024.05.16,14:00,66328.06,66393.29,65555.0,65598.7,2406
2024.05.16,15:00,65598.7,65900.0,65361.51,65818.88,1867
2024.05.16,16:00,65818.89,65827.47,65110.0,65154.99,3290
2024.05.16,17:00,65154.98,65389.95,64602.77,64994.99,2511
2024.05.16,18:00,64995.0,65205.85,64831.63,65122.18,1630
2024.05.16,19:00,65122.19,65580.0,65090.17,65186.85,1033
2024.05.16,20:00,65186.84,65290.0,65050.0,65273.9,581
2024.05.16,21:00,65273.9,65500.0,65242.09,65461.99,579
2024.05.16,22:00,65461.99,65480.35,65140.61,65418.97,580
2024.05.16,23:00,65418.98,65422.03,65187.5,65235.21,688
2024.05.17,00:00,65235.21,65508.7,65235.2,65508.69,591
2024.05.17,01:00,65508.7,65510.22,65106.38,65340.84,520
2024.05.17,02:00,65340.83,65450.07,65188.0,65386.01,370
2024.05.17,03:00,65386.0,65901.46,65354.23,65584.53,1533
2024.05.17,04:00,65584.53,65630.7,65367.51,65451.81,567
2024.05.17,05:00,65451.81,65700.0,65436.0,65700.0,472
2024.05.17,06:00,65699.99,66148.0,65580.66,65955.56,1212
2024.05.17,07:00,65955.56,66500.0,65955.56,66386.94,2713
2024.05.17,08:00,66386.93,66457.28,66068.79,66146.01,1162
2024.05.17,09:00,66146.0,66390.0,66072.43,66344.44,712
2024.05.17,10:00,66344.43,66537.19,66182.77,66500.48,892
2024.05.17,11:00,66500.47,66564.23,66197.91,66218.0,787
2024.05.17,12:00,66217.99,66548.0,66120.0,66379.97,1169
2024.05.17,13:00,66379.97,66458.63,65828.03,65944.02,1330
2024.05.17,14:00,65944.02,66850.0,65914.81,66806.66,1594
2024.05.17,15:00,66806.67,67451.2,66552.53,67195.1,3797
2024.05.17,16:00,67195.09,67300.0,66910.0,66929.99,1380
2024.05.17,17:00,66930.0,66998.57,66660.78,66702.52,1144
2024.05.17,18:00,66702.51,66849.0,66214.67,66821.98,1439
2024.05.17,19:00,66821.98,67070.0,66650.75,67047.99,1059
2024.05.17,20:00,67047.99,67048.0,66765.33,66890.0,487
2024.05.17,21:00,66890.0,66916.78,66740.42,66810.65,338
2024.05.17,22:00,66810.64,66810.65,66669.72,66771.6,334
2024.05.17,23:00,66771.6,67089.72,66700.0,67024.0,679
2024.05.18,00:00,67024.0,67095.88,66725.53,66891.59,1097
2024.05.18,01:00,66891.59,67017.99,66765.33,66980.0,383
2024.05.18,02:00,66979.99,67055.3,66797.61,66907.84,523
2024.05.18,03:00,66907.85,67006.49,66854.38,66945.05,476
2024.05.18,04:00,66945.06,67008.41,66800.0,66883.61,434
2024.05.18,05:00,66883.6,66885.99,66810.0,66854.71,270
2024.05.18,06:00,66854.7,66963.86,66730.0,66920.03,507
2024.05.18,07:00,66920.03,67240.69,66829.0,66887.0,869
2024.05.18,08:00,66887.01,67085.19,66840.0,67027.59,459
2024.05.18,09:00,67027.59,67138.99,66999.99,67125.04,597
2024.05.18,10:00,67125.03,67300.0,67029.37,67222.22,1373
2024.05.18,11:00,67222.21,67400.01,67116.36,67190.82,1139
2024.05.18,12:00,67190.81,67227.97,66900.0,66948.0,637
2024.05.18,13:00,66947.99,67072.9,66800.0,66863.17,723
2024.05.18,14:00,66863.18,67061.2,66600.09,66793.66,1441
2024.05.18,15:00,66793.66,66896.19,66600.0,66823.63,710
2024.05.18,16:00,66823.63,66992.53,66722.0,66888.17,458
2024.05.18,17:00,66888.17,66970.0,66750.0,66866.51,501
2024.05.18,18:00,66866.52,66910.0,66779.95,66796.36,230
2024.05.18,19:00,66796.35,66942.94,66771.76,66912.62,224
2024.05.18,20:00,66912.62,67014.88,66880.0,66964.01,285
2024.05.18,21:00,66964.01,66984.0,66810.0,66899.29,246
2024.05.18,22:00,66899.29,67005.07,66828.59,66932.01,505
2024.05.18,23:00,66932.0,67039.92,66914.58,66915.2,341
2024.05.19,00:00,66915.2,66980.84,66837.39,66906.53,234
2024.05.19,01:00,66906.52,66970.0,66885.55,66920.01,188
2024.05.19,02:00,66920.0,67250.0,66920.0,67211.61,961
2024.05.19,03:00,67211.6,67294.35,67090.0,67170.21,583
2024.05.19,04:00,67170.2,67180.0,66994.22,67151.75,332
2024.05.19,05:00,67151.74,67170.0,67090.53,67097.62,250
2024.05.19,06:00,67097.63,67150.0,66930.4,67022.65,362
2024.05.19,07:00,67022.64,67329.45,66981.1,67324.44,825
2024.05.19,08:00,67324.44,67339.91,67100.0,67160.01,453
2024.05.19,09:00,67160.0,67186.67,66990.01,67180.01,449
2024.05.19,10:00,67180.01,67700.0,67116.35,67269.99,1871
2024.05.19,11:00,67270.0,67388.0,66950.0,67330.0,1381
2024.05.19,12:00,67330.01,67330.01,66789.75,66832.99,1186
2024.05.19,13:00,66832.99,67179.03,66677.0,67049.99,987
2024.05.19,14:00,67049.99,67149.85,66847.02,66928.0,755
2024.05.19,15:00,66928.0,66988.22,66739.13,66889.88,646
2024.05.19,16:00,66889.88,66990.0,66521.38,66662.01,1053
2024.05.19,17:00,66662.0,66830.71,66548.17,66720.01,636
2024.05.19,18:00,66720.01,66757.21,66522.3,66586.21,400
2024.05.19,19:00,66586.21,66646.2,65857.25,66034.01,2461
2024.05.19,20:00,66034.01,66300.0,66019.99,66163.99,650
2024.05.19,21:00,66164.0,66360.0,66000.0,66280.0,458
2024.05.19,22:00,66280.0,66463.0,66252.0,66363.61,508
2024.05.19,23:00,66363.61,66363.61,66211.87,66274.01,384
2024.05.20,00:00,66274.0,66492.5,66149.43,66459.99,623
2024.05.20,01:00,66459.99,66589.63,66060.31,66520.4,1006
2024.05.20,02:00,66520.4,66763.0,66503.0,66674.02,695
2024.05.20,03:00,66674.02,66768.87,66563.95,66675.22,484
2024.05.20,04:00,66675.21,67143.75,66626.0,67132.43,1205
2024.05.20,05:00,67132.44,67295.99,67050.61,67136.36,1024
2024.05.20,06:00,67136.36,67160.0,66279.64,66410.0,1219
2024.05.20,07:00,66410.01,66899.99,66352.23,66825.14,1068
2024.05.20,08:00,66825.15,67057.97,66750.0,66762.0,771
2024.05.20,09:00,66762.01,66999.0,66753.18,66894.01,643
2024.05.20,10:00,66894.01,67349.0,66860.26,67109.99,1583
2024.05.20,11:00,67110.0,67300.0,66907.23,66994.2,927
2024.05.20,12:00,66994.2,67087.63,66789.16,66936.39,935
2024.05.20,13:00,66936.4,67184.71,66774.53,67099.98,1342
2024.05.20,14:00,67099.98,67110.0,66753.42,67006.01,1386
2024.05.20,15:00,67006.0,67487.0,66902.0,67419.99,2145
2024.05.20,16:00,67420.0,68266.08,67374.42,68190.06,4146
2024.05.20,17:00,68190.06,68649.98,68030.77,68331.51,2594
2024.05.20,18:00,68331.51,68766.0,68292.6,68728.41,1729
2024.05.20,19:00,68728.42,70000.0,68596.0,69999.99,7908
2024.05.20,20:00,70000.0,70421.24,69153.61,69500.0,5989
2024.05.20,21:00,69499.99,69767.43,68905.67,69717.79,3221
2024.05.20,22:00,69717.8,69949.0,69540.0,69590.77,2326
2024.05.20,23:00,69590.77,71515.56,69589.5,71446.62,5834
2024.05.21,00:00,71446.62,71979.0,71125.37,71312.32,4404
2024.05.21,01:00,71312.32,71462.48,70706.0,71089.96,3747
2024.05.21,02:00,71089.96,71426.19,70903.85,71283.8,2981
2024.05.21,03:00,71283.81,71401.68,71136.84,71284.0,1955
2024.05.21,04:00,71283.99,71289.89,70834.0,70910.0,1389
2024.05.21,05:00,70910.01,71222.0,70826.92,71209.86,1759
2024.05.21,06:00,71209.87,71394.2,71096.01,71205.41,1634
2024.05.21,07:00,71205.41,71230.13,70878.29,70878.29,1818
2024.05.21,08:00,70878.3,71060.0,70839.63,70916.0,1452
2024.05.21,09:00,70916.01,71076.65,70880.68,70990.02,1391
2024.05.21,10:00,70990.02,71290.0,70960.02,71056.0,1809
2024.05.21,11:00,71055.99,71474.92,70980.0,71130.0,2640
2024.05.21,12:00,71130.0,71455.09,71060.0,71349.99,2434
2024.05.21,13:00,71349.99,71349.99,70539.91,70595.92,3352
2024.05.21,14:00,70595.92,70927.48,70187.76,70213.2,2657
2024.05.21,15:00,70213.21,70487.82,69685.01,69826.99,2745
2024.05.21,16:00,69827.0,70263.03,69642.8,69668.03,2707
2024.05.21,17:00,69668.04,69942.72,69550.0,69857.05,2370
2024.05.21,18:00,69857.05,69950.19,69500.0,69829.74,896
2024.05.21,19:00,69829.74,69944.4,69162.94,69285.99,1708
2024.05.21,20:00,69285.99,69766.66,69240.57,69727.01,1055
2024.05.21,21:00,69727.0,69806.12,69460.38,69727.76,638
2024.05.21,22:00,69727.75,70222.22,69720.18,70222.22,1279
2024.05.21,23:00,70222.21,70377.77,70100.0,70148.34,777
2024.05.22,00:00,70148.34,70279.99,70049.99,70120.01,1023
2024.05.22,01:00,70120.0,70209.1,70007.73,70159.58,811
2024.05.22,02:00,70159.57,70368.6,69922.77,70003.01,1132
2024.05.22,03:00,70003.01,70050.0,69822.76,69955.72,744
2024.05.22,04:00,69955.72,70000.0,69165.0,69599.98,1368
2024.05.22,05:00,69599.97,69923.48,69528.49,69898.12,733
2024.05.22,06:00,69898.12,70059.89,69784.47,69854.08,664
2024.05.22,07:00,69854.08,69889.07,69587.62,69715.0,795
2024.05.22,08:00,69715.0,70200.0,69636.01,70010.27,1162
2024.05.22,09:00,70010.26,70087.1,69837.45,69987.44,558
2024.05.22,10:00,69987.45,70233.0,69928.05,70190.0,716
2024.05.22,11:00,70190.0,70275.14,69736.13,69736.13,901
2024.05.22,12:00,69736.14,70093.34,69505.65,69643.88,1403
2024.05.22,13:00,69643.88,69892.63,69436.63,69586.87,1317
2024.05.22,14:00,69586.88,70180.0,69435.3,70114.63,1967
2024.05.22,15:00,70114.63,70591.0,69922.37,70455.9,1427
2024.05.22,16:00,70455.89,70666.0,70179.58,70229.88,1054
2024.05.22,17:00,70229.87,70459.91,69669.19,69863.52,1661
2024.05.22,18:00,69863.52,69901.66,69228.64,69574.6,2501
2024.05.22,19:00,69574.6,69800.91,69453.13,69637.47,1056
2024.05.22,20:00,69637.48,69976.0,69397.25,69442.01,1467
2024.05.22,21:00,69442.02,69665.61,68842.19,69497.77,1531
2024.05.22,22:00,69497.77,69550.0,69054.01,69141.28,953
2024.05.22,23:00,69141.28,69233.69,69023.56,69166.62,718
2024.05.23,00:00,69166.62,69621.51,69166.61,69499.81,859
2024.05.23,01:00,69499.81,69626.87,69260.15,69483.16,601
2024.05.23,02:00,69483.15,69562.0,69362.62,69505.86,441
2024.05.23,03:00,69505.85,69524.86,69311.76,69446.14,615
2024.05.23,04:00,69446.14,69590.0,69422.2,69550.01,663
2024.05.23,05:00,69550.0,69562.04,69347.17,69478.89,540
2024.05.23,06:00,69478.89,69675.0,69382.73,69561.4,605
2024.05.23,07:00,69561.4,69862.44,69470.0,69734.04,831
2024.05.23,08:00,69734.05,69849.94,69577.86,69687.99,628
2024.05.23,09:00,69687.99,69830.0,69580.9,69645.06,786
2024.05.23,10:00,69645.05,69794.92,69520.02,69537.21,713
2024.05.23,11:00,69537.22,70061.0,69537.21,69982.72,1592
2024.05.23,12:00,69982.72,70096.12,68946.17,69428.53,2387
2024.05.23,13:00,69428.53,69558.07,67716.42,68036.14,5195
2024.05.23,14:00,68036.14,68345.39,67610.95,67748.63,3287
2024.05.23,15:00,67748.62,68313.79,67709.84,68076.0,1910
2024.05.23,16:00,68075.99,68167.97,67799.3,67822.78,1012
2024.05.23,17:00,67822.78,68119.26,67618.98,67639.25,1108
2024.05.23,18:00,67639.25,67684.36,66764.7,67393.06,3242
2024.05.23,19:00,67393.05,67690.0,67110.18,67199.98,1507
2024.05.23,20:00,67199.98,67952.39,66312.16,67802.89,4844
2024.05.23,21:00,67802.89,68365.81,66958.4,67992.77,5227
2024.05.23,22:00,67992.78,67999.98,67540.0,67686.47,935
2024.05.23,23:00,67686.48,67994.1,67480.0,67969.65,972
2024.05.24,00:00,67969.66,68000.0,67628.01,67852.0,1148
2024.05.24,01:00,67851.99,67852.0,67657.55,67742.01,587
2024.05.24,02:00,67742.01,68000.95,67634.15,67978.37,868
2024.05.24,03:00,67978.38,68017.56,67822.05,67891.83,923
2024.05.24,04:00,67891.83,67922.79,67651.04,67708.23,968
2024.05.24,05:00,67708.23,67708.23,67080.99,67299.99,1412
2024.05.24,06:00,67299.99,67603.6,66816.21,66887.01,2121
2024.05.24,07:00,66887.01,67311.54,66828.23,67155.93,1407
2024.05.24,08:00,67155.93,67228.84,66600.12,67190.15,1338
2024.05.24,09:00,67190.15,67449.36,67039.52,67375.26,855
2024.05.24,10:00,67375.25,67523.78,67311.12,67353.43,586
2024.05.24,11:00,67353.43,67472.89,67277.58,67349.99,702
2024.05.24,12:00,67350.0,67571.81,67343.0,67490.0,742
2024.05.24,13:00,67490.0,67607.0,66921.97,67077.12,2224
2024.05.24,14:00,67077.12,68031.62,67000.0,67869.48,2203
2024.05.24,15:00,67869.49,68420.0,67869.48,68326.46,2033
2024.05.24,16:00,68326.46,68473.85,67924.39,68394.33,1656
2024.05.24,17:00,68394.32,68931.31,68394.32,68919.02,1870
2024.05.24,18:00,68919.02,69220.0,68840.0,68970.43,1735
2024.05.24,19:00,68970.43,69250.0,68738.33,69115.98,861
2024.05.24,20:00,69115.98,69214.0,68836.96,68836.96,700
2024.05.24,21:00,68836.96,68995.77,68800.0,68876.0,401
2024.05.24,22:00,68875.99,68876.0,68674.39,68787.99,320
2024.05.24,23:00,68788.0,68788.0,68524.94,68549.99,423
2024.05.25,00:00,68549.99,68679.48,68500.0,68530.89,353
2024.05.25,01:00,68530.88,68700.38,68530.88,68613.46,366
2024.05.25,02:00,68613.45,68830.0,68606.1,68817.22,381
2024.05.25,03:00,68817.22,68910.0,68652.59,68757.85,539
2024.05.25,04:00,68757.84,68831.88,68688.0,68784.37,458
2024.05.25,05:00,68784.37,68808.0,68696.0,68718.21,260
2024.05.25,06:00,68718.21,68746.4,68615.56,68660.4,373
2024.05.25,07:00,68660.39,68811.89,68639.69,68753.92,326
2024.05.25,08:00,68753.93,69059.35,68749.2,68876.69,621
2024.05.25,09:00,68876.69,69156.28,68850.0,69095.27,540
2024.05.25,10:00,69095.27,69453.57,69025.87,69387.99,768
2024.05.25,11:00,69388.0,69610.0,69104.67,69104.67,1143
2024.05.25,12:00,69104.68,69299.99,69018.56,69116.3,899
2024.05.25,13:00,69116.31,69240.77,68882.43,69025.98,1120
2024.05.25,14:00,69025.99,69088.67,68958.0,69021.65,634
2024.05.25,15:00,69021.65,69212.58,68847.65,68930.4,707
2024.05.25,16:00,68930.39,69044.0,68849.5,68936.62,490
2024.05.25,17:00,68936.61,69100.0,68925.0,69065.14,335
2024.05.25,18:00,69065.15,69234.0,69065.14,69213.2,373
2024.05.25,19:00,69213.2,69266.66,69115.94,69155.32,260
2024.05.25,20:00,69155.32,69221.39,69071.47,69100.01,228
2024.05.25,21:00,69100.0,69170.72,69050.01,69139.01,232
2024.05.25,22:00,69139.02,69159.54,69050.95,69129.0,237
2024.05.25,23:00,69128.99,69356.6,69128.99,69290.57,475
2024.05.26,00:00,69290.56,69319.31,69151.5,69156.0,318
2024.05.26,01:00,69156.01,69256.09,69156.0,69161.44,244
2024.05.26,02:00,69161.44,69176.91,68808.37,68904.01,573
2024.05.26,03:00,68904.0,69137.84,68880.6,69073.62,467
2024.05.26,04:00,69073.62,69073.62,68936.21,68974.0,270
2024.05.26,05:00,68973.99,69139.6,68928.22,69139.6,219
2024.05.26,06:00,69139.59,69184.0,69052.0,69105.63,273
2024.05.26,07:00,69105.64,69435.36,69101.63,69340.15,620
2024.05.26,08:00,69340.16,69562.23,69063.13,69160.33,844
2024.05.26,09:00,69160.32,69254.0,68974.55,69086.54,540
2024.05.26,10:00,69086.54,69222.93,69086.54,69222.92,504
2024.05.26,11:00,69222.93,69229.92,69054.1,69134.91,542
2024.05.26,12:00,69134.91,69146.92,68951.0,68993.22,497
2024.05.26,13:00,68993.21,69136.15,68950.0,69136.14,376
2024.05.26,14:00,69136.15,69312.3,69042.26,69287.12,685
2024.05.26,15:00,69287.11,69399.0,68668.6,68847.99,1131
2024.05.26,16:00,68847.98,68973.15,68692.11,68808.62,833
2024.05.26,17:00,68808.61,68906.96,68731.36,68778.14,418
2024.05.26,18:00,68778.14,68842.8,68717.61,68800.16,364
2024.05.26,19:00,68800.15,68916.22,68800.15,68903.54,240
2024.05.26,20:00,68903.53,68911.56,68720.66,68720.84,177
2024.05.26,21:00,68720.85,68720.85,68128.01,68518.02,873
2024.05.26,22:00,68518.02,68700.65,68464.0,68560.0,369
2024.05.26,23:00,68560.01,68569.88,68344.0,68507.67,483
2024.05.27,00:00,68507.67,68821.72,68481.31,68821.71,491
2024.05.27,01:00,68821.72,69298.0,68740.75,69074.01,742
2024.05.27,02:00,69074.02,69288.44,69020.49,69111.35,756
2024.05.27,03:00,69111.34,69212.0,68826.91,68873.43,1083
2024.05.27,04:00,68873.43,68901.74,68764.71,68770.01,470
2024.05.27,05:00,68770.0,68784.4,68321.95,68524.61,845
2024.05.27,06:00,68524.6,68621.54,68393.23,68393.23,600
2024.05.27,07:00,68393.23,68721.02,68341.84,68643.36,676
2024.05.27,08:00,68643.36,68944.2,68521.52,68624.0,825
2024.05.27,09:00,68624.01,68660.09,68430.95,68595.37,640
2024.05.27,10:00,68595.36,68598.48,68422.08,68577.79,606
2024.05.27,11:00,68577.79,68679.8,68250.0,68434.26,863
2024.05.27,12:00,68434.26,68643.25,68384.0,68621.42,656
2024.05.27,13:00,68621.43,69045.8,68601.3,68919.24,1108
2024.05.27,14:00,68919.24,69500.0,68828.8,69500.0,1583
2024.05.27,15:00,69500.0,70520.3,69499.99,70373.85,3706
2024.05.27,16:00,70373.86,70687.56,70153.45,70161.22,1957
2024.05.27,17:00,70161.21,70350.0,70029.93,70184.01,867
2024.05.27,18:00,70184.0,70250.0,69882.11,69985.5,702
2024.05.27,19:00,69985.49,70113.35,69069.0,69260.01,1481
2024.05.27,20:00,69260.02,69724.21,69177.01,69660.01,863
2024.05.27,21:00,69660.0,69887.9,69589.99,69805.0,433
2024.05.27,22:00,69805.01,69805.01,69555.81,69591.58,535
2024.05.27,23:00,69591.59,69591.59,69324.0,69436.43,634
2024.05.28,00:00,69436.43,69472.99,69100.0,69377.41,860
2024.05.28,01:00,69377.4,69591.81,68515.86,68614.11,1600
2024.05.28,02:00,68614.11,68842.36,68420.03,68680.0,1772
2024.05.28,03:00,68680.01,68738.48,67753.0,68050.3,2602
2024.05.28,04:00,68050.3,68134.0,67486.65,67797.29,1618
2024.05.28,05:00,67797.28,68049.67,67660.0,68049.67,1062
2024.05.28,06:00,68049.67,68093.49,67787.0,67972.8,913
2024.05.28,07:00,67972.79,68030.0,67658.24,67694.0,1330
2024.05.28,08:00,67694.01,68250.0,67582.13,68159.99,1523
2024.05.28,09:00,68160.0,68523.99,68024.57,68336.24,1328
2024.05.28,10:00,68336.24,68902.71,68249.99,68592.01,1934
2024.05.28,11:00,68592.01,68665.59,68265.01,68389.87,966
2024.05.28,12:00,68389.87,68559.99,68154.21,68208.63,1003
2024.05.28,13:00,68208.64,68478.45,67659.93,67792.0,2595
2024.05.28,14:00,67792.0,68253.99,67529.62,67969.0,2270
2024.05.28,15:00,67968.99,68460.53,67728.78,68374.08,1446
2024.05.28,16:00,68374.08,68457.19,67713.02,67713.22,1367
2024.05.28,17:00,67713.22,68159.54,67640.46,67782.67,1142
2024.05.28,18:00,67782.68,67992.78,67277.91,67879.43,1577
2024.05.28,19:00,67879.42,68598.33,67864.01,68424.29,1698
2024.05.28,20:00,68424.28,68538.92,68124.04,68325.86,571
2024.05.28,21:00,68325.86,68550.0,68257.81,68401.47,437
2024.05.28,22:00,68401.47,68661.28,68383.77,68615.4,627
2024.05.28,23:00,68615.39,68620.92,68346.78,68398.39,373
2024.05.29,00:00,68398.4,68605.1,68266.04,68496.0,516
2024.05.29,01:00,68495.99,68707.58,68310.0,68570.0,677
2024.05.29,02:00,68570.0,68923.0,68454.97,68684.6,878
2024.05.29,03:00,68684.6,68884.82,68681.38,68829.42,867
2024.05.29,04:00,68829.41,68935.68,68760.0,68843.53,790
2024.05.29,05:00,68843.53,68843.53,68572.66,68584.73,541
2024.05.29,06:00,68584.72,68667.72,68465.6,68513.33,572
2024.05.29,07:00,68513.32,68534.35,67936.35,67946.9,1532
2024.05.29,08:00,67946.89,67999.92,67602.34,67872.41,1494
2024.05.29,09:00,67872.41,68033.33,67685.45,67905.72,1084
2024.05.29,10:00,67905.72,68024.0,67802.95,67989.89,660
2024.05.29,11:00,67989.9,68001.25,67736.23,67763.59,696
2024.05.29,12:00,67763.59,68023.97,67567.21,67898.15,1328
2024.05.29,13:00,67898.14,68280.0,67569.55,67879.99,2334
2024.05.29,14:00,67879.99,67952.39,67500.0,67635.01,1510
2024.05.29,15:00,67635.01,67855.69,67262.34,67379.13,1921
2024.05.29,16:00,67379.13,67720.0,67124.65,67555.18,1592
2024.05.29,17:00,67555.18,67680.0,67329.99,67611.12,806
2024.05.29,18:00,67611.12,67623.1,67222.22,67392.83,729
2024.05.29,19:00,67392.82,67742.0,67216.01,67266.78,642
2024.05.29,20:00,67266.78,67494.57,67151.35,67485.76,563
2024.05.29,21:00,67485.76,67810.0,67325.08,67700.42,568
2024.05.29,22:00,67700.42,67826.09,67605.94,67680.01,395
2024.05.29,23:00,67680.01,67731.59,67576.06,67652.42,454
2024.05.30,00:00,67652.41,67843.32,67551.46,67583.0,555
2024.05.30,01:00,67582.99,67862.2,67471.67,67800.0,612
2024.05.30,02:00,67800.0,68199.97,67788.95,67949.1,958
2024.05.30,03:00,67949.11,68182.42,67924.0,68118.2,556
2024.05.30,04:00,68118.2,68422.89,67984.01,68163.0,835
2024.05.30,05:00,68163.0,68195.0,67967.66,68134.14,493
2024.05.30,06:00,68134.13,68180.46,67728.2,67831.25,1589
2024.05.30,07:00,67831.24,68037.22,67508.42,67584.56,1515
2024.05.30,08:00,67584.57,67769.11,67128.0,67688.96,1932
2024.05.30,09:00,67688.96,67759.99,67459.96,67745.94,882
2024.05.30,10:00,67745.94,67991.0,67541.82,67942.08,962
2024.05.30,11:00,67942.08,68100.0,67815.0,67817.01,808
2024.05.30,12:00,67817.01,68305.55,67755.0,68133.34,1631
2024.05.30,13:00,68133.34,68678.76,68050.0,68623.99,1849
2024.05.30,14:00,68623.99,68826.31,68256.29,68359.6,2033
2024.05.30,15:00,68359.6,68612.0,68144.0,68530.76,1549
2024.05.30,16:00,68530.77,68691.64,68384.0,68676.0,988
2024.05.30,17:00,68676.0,69500.0,68664.0,69315.1,3039
2024.05.30,18:00,69315.1,69420.0,69084.0,69360.13,1377
2024.05.30,19:00,69360.13,69366.46,68435.0,68653.02,1632
2024.05.30,20:00,68653.02,68657.41,68050.01,68475.99,1459
2024.05.30,21:00,68475.99,68534.0,68324.0,68416.76,402
2024.05.30,22:00,68416.75,68438.99,68241.79,68314.93,393
2024.05.30,23:00,68314.93,68518.86,68251.0,68352.17,418
2024.05.31,00:00,68352.17,68465.39,68274.0,68460.0,444
2024.05.31,01:00,68460.01,68626.2,68314.35,68440.0,624
2024.05.31,02:00,68439.99,68729.73,68430.0,68539.99,739
2024.05.31,03:00,68539.99,68628.39,68487.95,68535.81,323
2024.05.31,04:00,68535.81,68654.33,68486.0,68516.59,617
2024.05.31,05:00,68516.59,68516.59,68290.0,68442.72,633
2024.05.31,06:00,68442.72,68456.23,68225.52,68272.0,544
2024.05.31,07:00,68272.0,68431.88,68075.99,68174.99,957
2024.05.31,08:00,68175.0,68310.9,68130.77,68136.0,558
2024.05.31,09:00,68136.01,68184.4,67876.0,67950.0,931
2024.05.31,10:00,67950.0,68333.33,67930.0,68333.33,860
2024.05.31,11:00,68333.33,68461.0,68280.0,68349.73,945
2024.05.31,12:00,68349.73,69044.1,68320.77,68643.59,2494
2024.05.31,13:00,68643.59,68821.01,68025.02,68078.34,2141
2024.05.31,14:00,68078.34,68078.34,67264.46,67501.76,3540
2024.05.31,15:00,67501.76,67548.38,67200.0,67215.58,1662
2024.05.31,16:00,67215.58,67352.41,66670.0,67200.01,2882
2024.05.31,17:00,67200.01,67459.66,67160.3,67342.77,885
2024.05.31,18:00,67342.77,67444.47,67170.0,67414.88,952
2024.05.31,19:00,67414.88,67999.0,67342.24,67681.0,1643
2024.05.31,20:00,67681.0,67798.0,67600.0,67709.04,526
2024.05.31,21:00,67709.04,67710.0,67500.0,67564.91,552
2024.05.31,22:00,67564.91,67668.0,67509.51,67509.52,379
2024.05.31,23:00,67509.52,67602.6,67239.19,67540.01,846
2024.06.01,00:00,67540.01,67703.89,67507.39,67655.66,569
2024.06.01,01:00,67655.66,67710.29,67428.44,67560.0,566
2024.06.01,02:00,67560.0,67740.0,67546.52,67729.05,327
2024.06.01,03:00,67729.05,67757.14,67623.24,67715.31,313
2024.06.01,04:00,67715.31,67763.81,67656.0,67680.01,315
2024.06.01,05:00,67680.01,67810.0,67603.0,67686.35,316
2024.06.01,06:00,67686.35,67729.87,67607.94,67693.32,266
2024.06.01,07:00,67693.32,67733.01,67575.23,67632.08,351
2024.06.01,08:00,67632.07,67741.06,67611.61,67704.0,376
2024.06.01,09:00,67704.0,67760.0,67635.0,67706.69,349
2024.06.01,10:00,67706.69,67750.0,67627.32,67627.33,317
2024.06.01,11:00,67627.33,67694.0,67627.32,67660.57,249
2024.06.01,12:00,67660.57,67872.5,67640.0,67717.76,408
2024.06.01,13:00,67717.76,67837.0,67714.28,67720.01,419
2024.06.01,14:00,67720.01,67870.0,67673.0,67803.34,379
2024.06.01,15:00,67803.33,67824.0,67668.01,67691.28,321
2024.06.01,16:00,67691.28,67719.99,67612.0,67700.01,304
2024.06.01,17:00,67700.01,67900.0,67556.72,67791.02,1177
2024.06.01,18:00,67791.02,67821.73,67726.32,67750.71,277
2024.06.01,19:00,67750.7,67782.64,67685.72,67753.76,174
2024.06.01,20:00,67753.76,67796.54,67700.0,67796.54,337
2024.06.01,21:00,67796.54,67820.2,67713.23,67760.01,290
2024.06.01,22:00,67760.01,67885.0,67710.0,67765.4,263
2024.06.01,23:00,67765.41,67819.78,67723.0,67766.85,163
2024.06.02,00:00,67766.84,67910.55,67744.0,67889.0,298
2024.06.02,01:00,67888.99,67900.0,67710.0,67755.0,408
2024.06.02,02:00,67755.0,67815.0,67643.33,67733.26,340
2024.06.02,03:00,67733.25,67807.99,67726.31,67789.47,240
2024.06.02,04:00,67789.48,67852.63,67745.18,67852.62,179
2024.06.02,05:00,67852.62,67867.6,67728.4,67728.4,208
2024.06.02,06:00,67728.41,67852.33,67724.6,67841.09,326
2024.06.02,07:00,67841.09,67842.91,67720.41,67721.0,342
2024.06.02,08:00,67721.01,67812.57,67671.81,67750.67,357
2024.06.02,09:00,67750.68,67772.65,67377.79,67529.99,1006
2024.06.02,10:00,67530.0,67581.97,67367.2,67529.99,381
2024.06.02,11:00,67530.0,68320.08,67492.6,68251.52,1213
2024.06.02,12:00,68251.53,68305.0,67852.24,67934.99,941
2024.06.02,13:00,67934.99,68214.66,67800.0,68165.98,722
2024.06.02,14:00,68165.97,68460.0,68073.65,68252.5,2085
2024.06.02,15:00,68252.51,68297.12,68016.19,68142.17,465
2024.06.02,16:00,68142.18,68200.0,67980.0,68103.63,440
2024.06.02,17:00,68103.63,68103.64,67808.66,67879.28,1181
2024.06.02,18:00,67879.27,67879.28,67456.88,67697.14,1480
2024.06.02,19:00,67697.14,67798.0,67257.47,67736.95,1565
2024.06.02,20:00,67736.95,67831.21,67577.65,67831.2,365
2024.06.02,21:00,67831.21,67902.12,67755.0,67816.14,263
2024.06.02,22:00,67816.13,67984.01,67809.96,67927.99,330
2024.06.02,23:00,67928.0,67984.01,67765.62,67765.63,281
2024.06.03,00:00,67765.62,67873.87,67612.48,67823.99,545
2024.06.03,01:00,67824.0,68553.67,67823.8,68476.01,1377
2024.06.03,02:00,68476.01,68793.97,68404.51,68416.08,1163
2024.06.03,03:00,68416.09,68518.7,68201.0,68382.81,722
2024.06.03,04:00,68382.8,68600.0,68285.29,68510.0,809
2024.06.03,05:00,68510.0,68780.0,68441.16,68700.0,803
2024.06.03,06:00,68699.99,69221.0,68632.01,69038.94,2491
2024.06.03,07:00,69038.94,69179.62,68804.0,68906.7,1420
2024.06.03,08:00,68906.7,69333.0,68906.69,69142.55,1257
2024.06.03,09:00,69142.54,69187.06,68913.72,69014.88,669
2024.06.03,10:00,69014.89,69186.79,68876.98,68907.99,1001
2024.06.03,11:00,68908.0,69248.99,68824.0,69080.0,897
2024.06.03,12:00,69080.0,69769.3,69075.4,69746.23,1886
2024.06.03,13:00,69746.23,70288.0,69521.04,69795.34,2750
2024.06.03,14:00,69795.33,70079.67,68500.0,68776.01,3731
2024.06.03,15:00,68776.01,69631.16,68760.0,69615.28,1863
2024.06.03,16:00,69615.27,69715.61,68899.89,69080.02,1608
2024.06.03,17:00,69080.02,69389.92,68800.0,69268.97,786
2024.06.03,18:00,69268.98,69444.49,69162.98,69288.41,653
2024.06.03,19:00,69288.41,69296.68,69021.77,69204.0,668
2024.06.03,20:00,69204.0,69509.38,69101.27,69101.28,924
2024.06.03,21:00,69101.28,69191.86,68899.51,69081.17,561
2024.06.03,22:00,69081.17,69144.33,68810.0,69042.51,569
2024.06.03,23:00,69042.51,69062.19,68730.51,68809.9,469
2024.06.04,00:00,68809.89,69090.9,68629.9,69001.41,885
2024.06.04,01:00,69001.4,69215.41,68900.6,69215.4,495
2024.06.04,02:00,69215.41,69306.67,69080.8,69139.57,426
2024.06.04,03:00,69139.58,69370.01,69114.98,69170.22,388
2024.06.04,04:00,69170.22,69268.27,69057.12,69061.22,385
2024.06.04,05:00,69061.22,69156.16,68914.28,68956.01,450
2024.06.04,06:00,68956.01,69039.71,68745.68,68905.43,1152
2024.06.04,07:00,68905.43,69074.82,68894.21,69013.63,562
2024.06.04,08:00,69013.62,69191.99,68827.0,68836.54,719
2024.06.04,09:00,68836.54,68890.01,68567.32,68717.92,1253
2024.06.04,10:00,68717.92,68958.0,68701.83,68890.66,651
2024.06.04,11:00,68890.66,69030.0,68841.87,68955.85,518
2024.06.04,12:00,68955.84,69155.5,68843.73,68946.56,981
2024.06.04,13:00,68946.56,69830.75,68946.55,69527.99,2310
2024.06.04,14:00,69527.99,70089.99,69319.79,69651.49,3400
2024.06.04,15:00,69651.49,70480.0,69463.83,70445.0,3308
2024.06.04,16:00,70445.0,70999.0,70388.17,70800.0,3577
2024.06.04,17:00,70800.0,70833.52,70360.4,70564.0,1477
2024.06.04,18:00,70564.01,71063.45,70564.0,70693.67,2685
2024.06.04,19:00,70693.67,70727.76,70092.5,70423.6,1513
2024.06.04,20:00,70423.61,70550.0,70168.67,70402.69,676
2024.06.04,21:00,70402.69,70630.08,70340.41,70620.0,560
2024.06.04,22:00,70620.01,70736.0,70510.0,70561.3,756
2024.06.04,23:00,70561.31,70610.0,70414.9,70537.84,482
2024.06.05,00:00,70537.83,70900.0,70423.51,70776.0,1036
2024.06.05,01:00,70775.99,71275.0,70646.16,70986.3,1527
2024.06.05,02:00,70986.29,71140.3,70672.08,70837.96,1397
2024.06.05,03:00,70837.96,70991.73,70768.0,70947.58,786
2024.06.05,04:00,70947.58,71260.0,70826.15,71168.53,1358
2024.06.05,05:00,71168.54,71196.0,70884.61,70999.99,804
2024.06.05,06:00,70999.99,71150.0,70850.0,71119.05,1231
2024.06.05,07:00,71119.06,71379.21,71032.6,71200.0,1297
2024.06.05,08:00,71199.99,71243.6,70880.4,70927.57,1095
2024.06.05,09:00,70927.57,71032.08,70825.0,70894.19,758
2024.06.05,10:00,70894.2,70908.59,70725.03,70800.33,860
2024.06.05,11:00,70800.33,71093.96,70694.61,70971.71,740
2024.06.05,12:00,70971.7,71120.0,70652.6,70940.01,1417
2024.06.05,13:00,70940.01,71169.99,70588.0,70730.7,1685
2024.06.05,14:00,70730.7,71080.0,70383.66,70867.99,1853
2024.06.05,15:00,70867.99,71731.35,70775.0,71580.0,2767
2024.06.05,16:00,71580.01,71758.0,71268.0,71312.77,1520
2024.06.05,17:00,71312.78,71704.0,71231.48,71628.98,1367
2024.06.05,18:00,71628.98,71748.22,70895.15,71096.81,1778
2024.06.05,19:00,71096.8,71398.73,70871.2,71279.95,937
2024.06.05,20:00,71279.95,71357.68,71160.0,71196.02,699
2024.06.05,21:00,71196.02,71211.34,71036.31,71138.42,363
2024.06.05,22:00,71138.43,71274.11,71090.0,71144.86,381
2024.06.05,23:00,71144.85,71294.47,70700.0,71108.0,1034
2024.06.06,00:00,71108.0,71183.99,70955.99,71018.06,470
2024.06.06,01:00,71018.06,71189.97,70900.0,71124.0,491
2024.06.06,02:00,71124.01,71237.02,71103.7,71160.0,454
2024.06.06,03:00,71160.01,71188.0,71012.34,71050.0,421
2024.06.06,04:00,71050.0,71106.46,70909.7,71054.52,591
2024.06.06,05:00,71054.51,71084.4,70800.0,70895.45,668
2024.06.06,06:00,70895.45,71037.72,70804.0,70887.99,577
2024.06.06,07:00,70888.0,71069.62,70853.23,71021.47,603
2024.06.06,08:00,71021.46,71039.5,70862.5,70904.01,518
2024.06.06,09:00,70904.01,71147.28,70904.0,70978.88,567
2024.06.06,10:00,70978.89,71000.0,70892.5,70988.0,426
2024.06.06,11:00,70988.01,71204.59,70935.01,71170.01,798
2024.06.06,12:00,71170.01,71443.6,71052.97,71187.17,1387
2024.06.06,13:00,71187.18,71535.95,71000.0,71123.09,1918
2024.06.06,14:00,71123.1,71520.0,71020.57,71464.57,1587
2024.06.06,15:00,71464.56,71700.0,71250.61,71300.0,1524
2024.06.06,16:00,71300.0,71379.93,70825.0,70948.95,2206
2024.06.06,17:00,70948.95,71225.01,70800.0,71098.31,1300
2024.06.06,18:00,71098.3,71158.87,70871.57,71075.0,591
2024.06.06,19:00,71075.0,71078.73,70450.0,70479.49,1416
2024.06.06,20:00,70479.49,70742.49,70117.64,70720.01,1649
2024.06.06,21:00,70720.01,70859.81,70667.0,70740.51,409
2024.06.06,22:00,70740.51,70920.76,70664.0,70901.01,656
2024.06.06,23:00,70901.01,70958.89,70748.8,70799.06,603
2024.06.07,00:00,70799.06,70883.6,70740.0,70883.05,403
2024.06.07,01:00,70883.05,70900.0,70670.48,70840.01,493
2024.06.07,02:00,70840.0,70872.06,70663.59,70824.08,469
2024.06.07,03:00,70824.09,71015.2,70741.2,70989.68,456
2024.06.07,04:00,70989.69,71274.7,70989.68,71226.52,1041
2024.06.07,05:00,71226.52,71449.98,71170.0,71290.6,1688
2024.06.07,06:00,71290.6,71353.06,71162.38,71265.7,589
2024.06.07,07:00,71265.7,71310.8,71068.16,71110.0,854
2024.06.07,08:00,71110.01,71192.4,71048.12,71117.2,754
2024.06.07,09:00,71117.2,71307.28,71060.5,71302.07,605
2024.06.07,10:00,71302.06,71434.86,71202.4,71377.38,577
2024.06.07,11:00,71377.37,71700.0,71303.4,71699.99,1238
2024.06.07,12:00,71700.0,71997.02,70633.21,71234.09,5660
2024.06.07,13:00,71234.09,71655.04,71056.7,71534.6,1555
2024.06.07,14:00,71534.6,71544.06,71170.58,71430.94,991
2024.06.07,15:00,71430.93,71430.93,70850.0,71111.54,1650
2024.06.07,16:00,71111.55,71208.89,70779.0,70873.47,1125
2024.06.07,17:00,70873.48,70873.48,69800.37,69803.59,2585
2024.06.07,18:00,69803.59,69887.99,68420.0,69154.43,8271
2024.06.07,19:00,69154.44,69448.0,68800.0,69255.0,1934
2024.06.07,20:00,69255.01,69318.3,68978.52,69307.99,1132
2024.06.07,21:00,69308.0,69377.85,69203.08,69250.01,496
2024.06.07,22:00,69250.01,69585.96,69184.0,69499.0,583
2024.06.07,23:00,69499.0,69499.0,69323.54,69355.6,440
2024.06.08,00:00,69355.6,69482.75,69296.41,69401.5,575
2024.06.08,01:00,69401.5,69475.04,69287.28,69465.25,531
2024.06.08,02:00,69465.24,69465.25,69387.6,69422.11,300
2024.06.08,03:00,69422.11,69525.0,69411.3,69432.0,385
2024.06.08,04:00,69432.0,69466.92,69277.96,69316.73,426
2024.06.08,05:00,69316.74,69342.79,69232.15,69319.99,353
2024.06.08,06:00,69320.0,69414.89,69296.26,69333.45,401
2024.06.08,07:00,69333.44,69582.2,69333.44,69582.2,540
2024.06.08,08:00,69582.2,69582.2,69381.81,69436.42,364
2024.06.08,09:00,69436.43,69495.99,69382.8,69443.24,329
2024.06.08,10:00,69443.25,69495.98,69360.01,69453.4,384
2024.06.08,11:00,69453.39,69515.0,69318.19,69365.93,547
2024.06.08,12:00,69365.94,69430.0,69265.0,69360.22,436
2024.06.08,13:00,69360.22,69430.01,69168.02,69430.0,801
2024.06.08,14:00,69430.01,69462.25,69309.82,69461.69,538
2024.06.08,15:00,69461.68,69491.36,69421.17,69430.01,341
2024.06.08,16:00,69430.01,69470.16,69292.22,69387.15,570
2024.06.08,17:00,69387.16,69470.0,69336.01,69439.99,489
2024.06.08,18:00,69440.0,69480.0,69427.98,69454.89,269
2024.06.08,19:00,69454.88,69490.0,69427.88,69460.01,249
2024.06.08,20:00,69460.0,69475.18,69313.31,69372.73,304
2024.06.08,21:00,69372.74,69424.47,69327.04,69404.91,179
2024.06.08,22:00,69404.9,69404.91,69290.28,69338.15,201
2024.06.08,23:00,69338.15,69340.0,69292.99,69310.46,253
2024.06.09,00:00,69310.46,69327.99,69225.84,69268.7,279
2024.06.09,01:00,69268.7,69346.9,69230.0,69285.0,207
2024.06.09,02:00,69285.01,69298.0,69139.93,69174.93,386
2024.06.09,03:00,69174.92,69298.0,69130.24,69259.38,311
2024.06.09,04:00,69259.38,69306.22,69244.64,69304.44,215
2024.06.09,05:00,69304.44,69360.4,69234.73,69293.47,201
2024.06.09,06:00,69293.48,69400.0,69276.95,69391.01,246
2024.06.09,07:00,69391.02,69425.7,69273.47,69295.64,368
2024.06.09,08:00,69295.64,69356.0,69283.45,69352.15,210
2024.06.09,09:00,69352.15,69397.19,69341.95,69369.98,195
2024.06.09,10:00,69369.99,69373.24,69333.07,69346.49,236
2024.06.09,11:00,69346.5,69389.0,69333.0,69367.69,225
2024.06.09,12:00,69367.68,69760.0,69351.11,69712.95,864
2024.06.09,13:00,69712.96,69777.0,69250.01,69467.03,1517
2024.06.09,14:00,69467.04,69559.0,69264.01,69490.12,679
2024.06.09,15:00,69490.13,69590.37,69420.42,69508.64,716
2024.06.09,16:00,69508.64,69636.98,69500.0,69622.88,386
2024.06.09,17:00,69622.88,69698.48,69570.0,69660.51,281
2024.06.09,18:00,69660.52,69848.32,69611.26,69738.1,755
2024.06.09,19:00,69738.09,69857.14,69660.03,69710.26,559
2024.06.09,20:00,69710.26,69730.81,69590.33,69686.85,315
2024.06.09,21:00,69686.86,69821.53,69610.0,69749.96,275
2024.06.09,22:00,69749.95,69787.13,69621.2,69634.35,283
2024.06.09,23:00,69634.36,69684.93,69596.01,69648.14,171
2024.06.10,00:00,69648.15,69655.11,69426.0,69559.99,450
2024.06.10,01:00,69559.99,69686.42,69516.0,69625.52,475
2024.06.10,02:00,69625.52,69801.34,69608.4,69716.0,723
2024.06.10,03:00,69716.01,69767.41,69574.8,69613.2,336
2024.06.10,04:00,69613.2,69677.5,69530.95,69674.33,286
2024.06.10,05:00,69674.33,69674.33,69530.0,69580.48,338
2024.06.10,06:00,69580.47,69618.76,69301.0,69429.87,802
2024.06.10,07:00,69429.87,69500.0,69249.99,69303.99,684
2024.06.10,08:00,69304.0,69494.99,69279.35,69387.5,544
2024.06.10,09:00,69387.5,69474.39,69172.29,69449.99,762
2024.06.10,10:00,69450.0,69470.93,69357.38,69439.99,440
2024.06.10,11:00,69439.99,69550.0,69337.02,69473.89,470
2024.06.10,12:00,69473.89,69520.01,69331.55,69363.99,455
2024.06.10,13:00,69364.0,69512.9,69201.59,69408.21,839
2024.06.10,14:00,69408.21,69662.1,69300.01,69662.09,818
2024.06.10,15:00,69662.1,70195.94,69612.26,70066.12,2090
2024.06.10,16:00,70066.12,70105.82,69722.0,69972.17,1157
2024.06.10,17:00,69972.18,70060.0,69761.89,70043.0,591
2024.06.10,18:00,70043.01,70141.1,69737.56,69860.01,1199
2024.06.10,19:00,69860.01,69860.01,69386.81,69490.8,1347
2024.06.10,20:00,69490.81,69700.51,69334.46,69632.51,1256
2024.06.10,21:00,69632.51,69694.68,69530.0,69585.48,333
2024.06.10,22:00,69585.49,69592.0,69424.28,69495.99,371
2024.06.10,23:00,69495.99,69563.38,69400.01,69540.0,344
2024.06.11,00:00,69540.0,69590.01,69400.0,69410.85,441
2024.06.11,01:00,69410.86,69523.71,68500.0,68724.01,2101
2024.06.11,02:00,68724.0,68922.29,67900.0,68268.62,4237
2024.06.11,03:00,68268.62,68488.0,68170.0,68464.0,1288
2024.06.11,04:00,68464.0,68464.0,67617.0,68024.04,3130
2024.06.11,05:00,68024.03,68056.28,67657.03,67903.57,1529
2024.06.11,06:00,67903.58,67974.49,67325.0,67692.0,1795
2024.06.11,07:00,67691.99,67844.76,67526.95,67570.18,1342
2024.06.11,08:00,67570.18,67641.03,67284.38,67516.74,1502
2024.06.11,09:00,67516.75,67662.49,66900.0,67084.34,2014
2024.06.11,10:00,67084.33,67303.46,66732.0,66961.99,2002
2024.06.11,11:00,66961.99,67123.13,66762.58,66890.01,1762
2024.06.11,12:00,66890.0,67194.31,66790.8,67019.99,1589
2024.06.11,13:00,67020.0,67278.88,66568.35,66812.0,2543
2024.06.11,14:00,66812.01,67103.42,66776.81,66851.26,1417
2024.06.11,15:00,66851.27,67076.0,66051.0,66244.48,3798
2024.06.11,16:00,66244.48,66738.78,66161.26,66487.47,1997
2024.06.11,17:00,66487.48,66805.98,66175.0,66770.99,1527
2024.06.11,18:00,66771.0,67229.93,66652.39,67117.3,1607
2024.06.11,19:00,67117.31,67586.64,67070.51,67407.01,1419
2024.06.11,20:00,67407.02,67500.0,67173.92,67290.07,840
2024.06.11,21:00,67290.07,67396.62,67202.26,67396.61,414
2024.06.11,22:00,67396.61,67572.54,67311.42,67360.22,500
2024.06.11,23:00,67360.22,67588.22,67309.91,67314.24,631
2024.06.12,00:00,67314.23,67436.53,67183.47,67199.99,565
2024.06.12,01:00,67199.99,67240.0,66905.0,67180.01,889
2024.06.12,02:00,67180.0,67596.15,67128.08,67415.25,877
2024.06.12,03:00,67415.26,67496.25,67317.77,67407.0,589
2024.06.12,04:00,67407.01,67624.89,67350.01,67481.59,973
2024.06.12,05:00,67481.6,67505.13,67195.97,67243.21,577
2024.06.12,06:00,67243.21,67382.81,67243.2,67281.64,520
2024.06.12,07:00,67281.63,67500.01,67229.78,67453.63,640
2024.06.12,08:00,67453.64,67532.64,67376.1,67393.46,530
2024.06.12,09:00,67393.47,67804.0,67353.02,67753.32,905
2024.06.12,10:00,67753.33,68059.01,67753.32,67991.98,1156
2024.06.12,11:00,67991.99,68015.4,67716.22,67778.43,766
2024.06.12,12:00,67778.43,69488.0,67736.0,69339.29,5379
2024.06.12,13:00,69339.29,69649.8,69084.0,69320.0,2735
2024.06.12,14:00,69320.01,69980.0,69300.01,69960.57,2435
2024.06.12,15:00,69960.56,69999.0,69539.54,69734.0,1853
2024.06.12,16:00,69734.0,69786.46,69289.5,69616.0,1321
2024.06.12,17:00,69616.01,69862.4,69492.0,69799.99,1193
2024.06.12,18:00,69800.0,69808.47,68575.0,68828.01,4588
2024.06.12,19:00,68828.0,69226.14,67250.0,67532.92,4783
2024.06.12,20:00,67532.92,68312.0,67413.51,68103.97,1909
2024.06.12,21:00,68103.96,68667.44,68097.91,68536.0,963
2024.06.12,22:00,68536.0,68539.99,68270.92,68345.82,591
2024.06.12,23:00,68345.81,68347.0,68124.0,68263.99,425
2024.06.13,00:00,68263.98,68393.63,68005.85,68330.02,653
2024.06.13,01:00,68330.02,68363.35,67910.0,67979.63,644
2024.06.13,02:00,67979.63,68177.0,67690.95,67734.81,1421
2024.06.13,03:00,67734.8,67850.08,66969.98,67474.94,2449
2024.06.13,04:00,67474.95,67729.41,67328.0,67328.01,1050
2024.06.13,05:00,67328.01,67680.0,67328.01,67604.04,641
2024.06.13,06:00,67604.04,67614.55,67300.3,67518.57,618
2024.06.13,07:00,67518.58,67724.81,67399.99,67724.81,653
2024.06.13,08:00,67724.8,67752.06,67508.0,67565.56,609
2024.06.13,09:00,67565.57,67569.67,67168.0,67419.86,1062
2024.06.13,10:00,67419.86,67971.2,67230.94,67820.4,1099
2024.06.13,11:00,67820.4,67961.07,67648.49,67739.99,990
2024.06.13,12:00,67740.0,68449.3,67439.43,67749.54,2656
2024.06.13,13:00,67749.54,68272.0,67521.55,67589.99,1896
2024.06.13,14:00,67590.0,67739.28,67150.0,67365.62,2241
2024.06.13,15:00,67365.62,67537.87,66368.76,66470.01,3376
2024.06.13,16:00,66470.01,67019.42,66251.78,66976.0,2330
2024.06.13,17:00,66976.01,67080.13,66639.47,66920.0,1129
2024.06.13,18:00,66919.99,66976.87,66693.43,66862.99,808
2024.06.13,19:00,66862.99,66884.0,66588.83,66604.01,822
2024.06.13,20:00,66604.01,66810.48,66530.84,66712.98,599
2024.06.13,21:00,66712.97,66969.99,66680.14,66969.99,532
2024.06.13,22:00,66969.99,66980.0,66840.07,66896.0,416
2024.06.13,23:00,66895.99,66909.26,66681.4,66773.01,372
2024.06.14,00:00,66773.01,66897.96,66604.6,66727.73,762
2024.06.14,01:00,66727.73,66833.1,66480.0,66806.17,665
2024.06.14,02:00,66806.17,67027.32,66713.5,66952.0,732
2024.06.14,03:00,66952.01,66982.98,66676.28,66744.0,545
2024.06.14,04:00,66744.0,66833.33,66717.0,66717.39,359
2024.06.14,05:00,66717.38,67221.32,66707.76,67052.49,894
2024.06.14,06:00,67052.5,67124.29,66876.0,66962.41,731
2024.06.14,07:00,66962.4,67110.1,66885.68,66904.98,957
2024.06.14,08:00,66904.98,67256.32,66863.46,67152.04,1185
2024.06.14,09:00,67152.04,67152.04,66899.39,66920.01,824
2024.06.14,10:00,66920.01,67015.92,66836.54,66873.14,620
2024.06.14,11:00,66873.15,67101.0,66746.4,67036.0,753
2024.06.14,12:00,67035.99,67288.0,66960.58,67083.3,927
2024.06.14,13:00,67083.31,67370.24,66950.0,67070.5,1248
2024.06.14,14:00,67070.49,67115.25,66561.3,66982.98,1941
2024.06.14,15:00,66982.98,67059.46,66344.67,66392.0,1612
2024.06.14,16:00,66392.0,66520.0,65200.87,65293.4,5528
2024.06.14,17:00,65293.39,65753.23,65078.31,65416.01,1609
2024.06.14,18:00,65416.01,65537.31,65078.0,65524.86,1647
2024.06.14,19:00,65524.85,65684.0,65299.99,65520.02,897
2024.06.14,20:00,65520.02,65970.23,65480.0,65766.41,901
2024.06.14,21:00,65766.41,66627.52,65725.77,66196.01,1843
2024.06.14,22:00,66196.01,66252.0,65882.35,66014.01,869
2024.06.14,23:00,66014.01,66081.39,65916.0,66043.99,348
2024.06.15,00:00,66043.99,66287.76,65967.5,66185.62,835
2024.06.15,01:00,66185.62,66290.0,66064.88,66076.01,380
2024.06.15,02:00,66076.0,66253.29,66050.32,66215.35,310
2024.06.15,03:00,66215.34,66273.88,66192.0,66267.87,481
2024.06.15,04:00,66267.87,66380.58,66210.0,66246.85,509
2024.06.15,05:00,66246.84,66389.1,66215.29,66231.82,459
2024.06.15,06:00,66231.81,66416.66,66127.0,66168.57,848
2024.06.15,07:00,66168.57,66200.0,66065.8,66076.99,1073
2024.06.15,08:00,66076.99,66221.31,66076.98,66221.31,285
2024.06.15,09:00,66221.31,66280.8,66086.51,66227.0,339
2024.06.15,10:00,66227.0,66306.31,66195.91,66300.01,361
2024.06.15,11:00,66300.01,66348.0,66264.01,66319.95,507
2024.06.15,12:00,66319.94,66360.0,66222.7,66348.01,342
2024.06.15,13:00,66348.01,66354.82,66240.11,66313.47,340
2024.06.15,14:00,66313.47,66313.47,66153.84,66220.52,564
2024.06.15,15:00,66220.51,66478.48,66210.83,66316.02,853
