Date,Time,Open,High,Low,Close,Volume
2024.01.01,00:00,2281.87,2297.18,2281.27,2295.51,10771
2024.01.01,01:00,2295.52,2306.6,2292.9,2303.72,8413
2024.01.01,02:00,2303.72,2304.72,2291.2,2293.02,5808
2024.01.01,03:00,2293.03,2294.5,2271.0,2273.81,10745
2024.01.01,04:00,2273.8,2279.86,2265.24,2279.55,9681
2024.01.01,05:00,2279.54,2283.36,2272.62,2275.89,6705
2024.01.01,06:00,2275.89,2283.31,2274.16,2281.9,6056
2024.01.01,07:00,2281.9,2287.88,2281.51,2284.67,5664
2024.01.01,08:00,2284.68,2287.38,2280.0,2287.01,5571
2024.01.01,09:00,2287.01,2300.0,2287.0,2299.8,8083
2024.01.01,10:00,2299.8,2303.0,2297.4,2302.04,8188
2024.01.01,11:00,2302.04,2305.05,2299.0,2304.47,6050
2024.01.01,12:00,2304.47,2307.24,2299.04,2299.43,7257
2024.01.01,13:00,2299.42,2308.2,2298.07,2304.16,5288
2024.01.01,14:00,2304.16,2305.11,2294.84,2300.99,7316
2024.01.01,15:00,2300.99,2318.34,2299.2,2314.7,12303
2024.01.01,16:00,2314.69,2319.55,2306.53,2309.89,11755
2024.01.01,17:00,2309.89,2317.09,2306.48,2313.76,8560
2024.01.01,18:00,2313.77,2331.77,2313.76,2326.9,15349
2024.01.01,19:00,2326.9,2340.98,2322.0,2337.26,11136
2024.01.01,20:00,2337.27,2348.78,2335.25,2340.98,17493
2024.01.01,21:00,2340.98,2346.55,2332.2,2337.83,10238
2024.01.01,22:00,2337.83,2339.1,2323.66,2334.21,6444
2024.01.01,23:00,2334.22,2352.37,2334.17,2352.04,11817
2024.01.02,00:00,2352.05,2391.43,2346.95,2387.58,40687
2024.01.02,01:00,2387.59,2397.56,2370.38,2378.08,29424
2024.01.02,02:00,2378.09,2382.96,2373.65,2382.95,13292
2024.01.02,03:00,2382.96,2388.61,2371.47,2386.43,16262
2024.01.02,04:00,2386.42,2390.44,2378.58,2387.66,12124
2024.01.02,05:00,2387.66,2392.4,2377.18,2377.48,14852
2024.01.02,06:00,2377.47,2383.68,2373.86,2373.86,10223
2024.01.02,07:00,2373.86,2388.93,2373.69,2385.84,13341
2024.01.02,08:00,2385.84,2431.3,2380.09,2426.49,48568
2024.01.02,09:00,2426.49,2428.43,2411.74,2413.77,21469
2024.01.02,10:00,2413.77,2416.4,2392.85,2398.14,19010
2024.01.02,11:00,2398.15,2402.91,2380.36,2391.24,17120
2024.01.02,12:00,2391.24,2404.68,2382.73,2386.85,15110
2024.01.02,13:00,2386.85,2400.78,2382.22,2398.0,13619
2024.01.02,14:00,2398.01,2402.65,2354.92,2367.28,33817
2024.01.02,15:00,2367.27,2371.14,2352.04,2357.48,25617
2024.01.02,16:00,2357.48,2369.6,2350.19,2367.91,18916
2024.01.02,17:00,2367.92,2368.14,2350.95,2357.43,11178
2024.01.02,18:00,2357.43,2369.6,2355.54,2365.7,8386
2024.01.02,19:00,2365.7,2372.75,2354.79,2369.19,18480
2024.01.02,20:00,2369.19,2380.0,2358.32,2359.87,15536
2024.01.02,21:00,2359.86,2366.34,2341.0,2366.34,16682
2024.01.02,22:00,2366.33,2372.5,2357.53,2359.03,9548
2024.01.02,23:00,2359.02,2363.24,2351.0,2355.34,14769
2024.01.03,00:00,2355.35,2367.0,2347.4,2361.39,14703
2024.01.03,01:00,2361.39,2375.0,2360.04,2373.08,10216
2024.01.03,02:00,2373.08,2384.66,2367.33,2368.75,14123
2024.01.03,03:00,2368.75,2370.31,2364.21,2368.51,7666
2024.01.03,04:00,2368.51,2373.9,2363.21,2370.5,11719
2024.01.03,05:00,2370.51,2379.61,2367.99,2376.94,9631
2024.01.03,06:00,2376.94,2380.9,2373.6,2375.34,9648
2024.01.03,07:00,2375.35,2379.68,2356.99,2361.64,15554
2024.01.03,08:00,2361.65,2371.4,2361.26,2370.5,11377
2024.01.03,09:00,2370.5,2385.45,2370.29,2376.01,17937
2024.01.03,10:00,2376.02,2380.84,2360.88,2364.58,20258
2024.01.03,11:00,2364.58,2365.62,2294.01,2307.68,59133
2024.01.03,12:00,2307.99,2308.6,2100.0,2248.55,209264
2024.01.03,13:00,2248.55,2248.8,2206.96,2223.79,65271
2024.01.03,14:00,2223.79,2224.0,2191.0,2193.77,48027
2024.01.03,15:00,2193.76,2241.0,2190.0,2240.4,47153
2024.01.03,16:00,2240.39,2245.33,2222.11,2231.4,55308
2024.01.03,17:00,2231.41,2235.0,2212.0,2223.3,31364
2024.01.03,18:00,2223.3,2227.99,2188.0,2198.23,35399
2024.01.03,19:00,2198.23,2229.11,2197.26,2206.53,30235
2024.01.03,20:00,2206.54,2223.63,2205.28,2218.28,21326
2024.01.03,21:00,2218.29,2227.87,2211.93,2226.03,18373
2024.01.03,22:00,2226.02,2226.45,2200.0,2205.39,20334
2024.01.03,23:00,2205.38,2210.26,2196.23,2209.72,14697
2024.01.04,00:00,2209.72,2219.92,2206.44,2210.64,13776
2024.01.04,01:00,2210.64,2214.24,2201.91,2205.92,17337
2024.01.04,02:00,2205.92,2232.89,2204.63,2231.59,13022
2024.01.04,03:00,2231.6,2239.79,2225.23,2231.08,15194
2024.01.04,04:00,2231.07,2239.3,2227.8,2237.88,11737
2024.01.04,05:00,2237.89,2244.04,2232.78,2235.93,15376
2024.01.04,06:00,2235.93,2244.93,2235.0,2238.8,17678
2024.01.04,07:00,2238.79,2241.83,2220.0,2221.85,24228
2024.01.04,08:00,2221.85,2226.64,2211.13,2215.95,23815
2024.01.04,09:00,2215.96,2229.71,2214.6,2223.4,10324
2024.01.04,10:00,2223.41,2226.12,2205.0,2222.39,15301
2024.01.04,11:00,2222.38,2230.71,2215.0,2228.14,11585
2024.01.04,12:00,2228.13,2245.19,2222.7,2235.99,29830
2024.01.04,13:00,2235.99,2247.36,2231.8,2238.29,15912
2024.01.04,14:00,2238.29,2274.48,2230.66,2273.25,32621
2024.01.04,15:00,2273.26,2285.99,2261.93,2276.87,35027
2024.01.04,16:00,2276.88,2280.97,2259.1,2269.58,29449
2024.01.04,17:00,2269.59,2289.26,2267.35,2274.72,29583
2024.01.04,18:00,2274.72,2279.96,2268.28,2273.76,13302
2024.01.04,19:00,2273.76,2294.08,2271.01,2274.27,19089
2024.01.04,20:00,2274.27,2294.69,2272.68,2273.4,18305
2024.01.04,21:00,2273.4,2288.46,2268.51,2273.17,15060
2024.01.04,22:00,2273.17,2286.75,2261.57,2270.0,13156
2024.01.04,23:00,2270.01,2275.76,2266.57,2267.11,8126
2024.01.05,00:00,2267.11,2274.76,2261.0,2267.62,11988
2024.01.05,01:00,2267.62,2271.12,2212.0,2237.93,36936
2024.01.05,02:00,2237.94,2251.2,2231.71,2240.4,19014
2024.01.05,03:00,2240.41,2250.47,2238.92,2242.28,8943
2024.01.05,04:00,2242.29,2247.63,2234.3,2243.85,12945
2024.01.05,05:00,2243.86,2248.0,2241.42,2246.45,9594
2024.01.05,06:00,2246.45,2257.87,2240.48,2255.34,18363
2024.01.05,07:00,2255.34,2265.72,2252.74,2252.75,17584
2024.01.05,08:00,2252.75,2259.2,2250.0,2252.24,15264
2024.01.05,09:00,2252.24,2269.0,2252.23,2264.59,26133
2024.01.05,10:00,2264.6,2265.89,2233.23,2240.31,14816
2024.01.05,11:00,2240.32,2249.77,2238.96,2241.97,13474
2024.01.05,12:00,2241.97,2253.64,2234.29,2242.03,13639
2024.01.05,13:00,2242.04,2251.9,2237.28,2247.41,17264
2024.01.05,14:00,2247.41,2252.77,2221.0,2226.79,29039
2024.01.05,15:00,2226.8,2242.27,2218.0,2224.99,27168
2024.01.05,16:00,2225.0,2233.34,2210.01,2211.82,18457
2024.01.05,17:00,2211.82,2232.79,2206.17,2232.1,19964
2024.01.05,18:00,2232.1,2238.6,2224.2,2233.84,9113
2024.01.05,19:00,2233.85,2240.67,2229.89,2234.26,8570
2024.01.05,20:00,2234.26,2261.0,2234.25,2248.36,15134
2024.01.05,21:00,2248.36,2248.74,2234.18,2246.39,8384
2024.01.05,22:00,2246.4,2249.4,2238.22,2247.75,5201
2024.01.05,23:00,2247.76,2277.21,2247.75,2268.78,28570
2024.01.06,00:00,2268.78,2270.0,2257.87,2262.95,10606
2024.01.06,01:00,2262.94,2263.29,2253.28,2254.91,7665
2024.01.06,02:00,2254.92,2258.01,2251.0,2255.17,7072
2024.01.06,03:00,2255.18,2256.2,2250.4,2252.99,4062
2024.01.06,04:00,2253.0,2255.66,2245.42,2246.79,5548
2024.01.06,05:00,2246.79,2249.72,2229.63,2235.19,14871
2024.01.06,06:00,2235.2,2235.6,2216.4,2219.34,18707
2024.01.06,07:00,2219.35,2233.13,2216.4,2233.12,11531
2024.01.06,08:00,2233.13,2238.05,2228.58,2237.54,7452
2024.01.06,09:00,2237.54,2240.0,2233.8,2234.6,7160
2024.01.06,10:00,2234.6,2239.2,2229.92,2235.94,6977
2024.01.06,11:00,2235.95,2239.13,2231.03,2238.67,6223
2024.01.06,12:00,2238.67,2241.76,2228.37,2232.2,6699
2024.01.06,13:00,2232.2,2238.99,2228.4,2237.01,10627
2024.01.06,14:00,2237.0,2248.27,2236.4,2240.94,15596
2024.01.06,15:00,2240.93,2248.32,2237.79,2246.4,8155
2024.01.06,16:00,2246.41,2249.84,2243.36,2245.55,5908
2024.01.06,17:00,2245.54,2252.45,2243.02,2248.67,6037
2024.01.06,18:00,2248.67,2254.77,2245.0,2246.91,5357
2024.01.06,19:00,2246.92,2247.66,2237.5,2244.63,4931
2024.01.06,20:00,2244.64,2247.5,2233.0,2241.76,6925
2024.01.06,21:00,2241.77,2242.51,2235.47,2240.15,4274
2024.01.06,22:00,2240.15,2241.01,2231.0,2237.45,4496
2024.01.06,23:00,2237.45,2240.78,2230.62,2240.78,7178
2024.01.07,00:00,2240.77,2254.0,2238.52,2249.61,8349
2024.01.07,01:00,2249.61,2254.03,2241.2,2241.2,7214
2024.01.07,02:00,2241.2,2248.78,2235.58,2240.2,6665
2024.01.07,03:00,2240.19,2246.45,2240.19,2242.2,5402
2024.01.07,04:00,2242.19,2248.76,2242.19,2248.69,5703
2024.01.07,05:00,2248.68,2250.67,2241.2,2242.99,4707
2024.01.07,06:00,2242.99,2250.9,2241.0,2249.59,5520
2024.01.07,07:00,2249.59,2251.44,2246.06,2249.15,5428
2024.01.07,08:00,2249.15,2253.0,2238.73,2239.76,7777
2024.01.07,09:00,2239.76,2242.2,2230.26,2233.54,8730
2024.01.07,10:00,2233.55,2239.81,2232.86,2237.4,5826
2024.01.07,11:00,2237.39,2243.03,2234.41,2237.04,6774
2024.01.07,12:00,2237.05,2241.94,2231.6,2237.84,7508
2024.01.07,13:00,2237.85,2258.01,2237.6,2252.09,16850
2024.01.07,14:00,2252.1,2255.0,2243.46,2249.44,7833
2024.01.07,15:00,2249.44,2249.9,2222.46,2230.83,17307
2024.01.07,16:00,2230.83,2235.7,2221.8,2226.51,10099
2024.01.07,17:00,2226.52,2243.0,2221.0,2239.23,9388
2024.01.07,18:00,2239.23,2249.07,2236.71,2245.18,6053
2024.01.07,19:00,2245.18,2249.98,2241.73,2248.6,5084
2024.01.07,20:00,2248.6,2251.27,2239.04,2239.05,8492
2024.01.07,21:00,2239.05,2244.37,2234.48,2239.76,4930
2024.01.07,22:00,2239.76,2239.76,2208.17,2216.39,19412
2024.01.07,23:00,2216.4,2224.9,2203.46,2221.42,16076
2024.01.08,00:00,2221.42,2224.41,2188.88,2194.6,23597
2024.01.08,01:00,2194.6,2209.78,2192.9,2203.97,12644
2024.01.08,02:00,2203.98,2208.0,2171.54,2183.78,25726
2024.01.08,03:00,2183.79,2196.45,2166.38,2190.87,28249
2024.01.08,04:00,2190.88,2198.4,2188.0,2196.47,11224
2024.01.08,05:00,2196.48,2197.92,2188.89,2196.59,11097
2024.01.08,06:00,2196.59,2223.99,2194.67,2213.22,24182
2024.01.08,07:00,2213.22,2230.0,2212.37,2224.08,16001
2024.01.08,08:00,2224.07,2234.0,2220.79,2221.88,13324
2024.01.08,09:00,2221.88,2225.19,2204.47,2211.06,12675
2024.01.08,10:00,2211.06,2229.46,2208.08,2226.47,11709
2024.01.08,11:00,2226.46,2242.0,2220.33,2240.61,18520
2024.01.08,12:00,2240.61,2269.64,2239.81,2265.19,45465
2024.01.08,13:00,2265.2,2275.0,2259.31,2265.47,24139
2024.01.08,14:00,2265.48,2272.71,2256.07,2261.18,18441
2024.01.08,15:00,2261.18,2283.02,2256.03,2269.59,25079
2024.01.08,16:00,2269.59,2285.0,2259.39,2263.63,19796
2024.01.08,17:00,2263.63,2307.69,2261.24,2306.82,33148
2024.01.08,18:00,2306.82,2340.32,2305.3,2335.99,62013
2024.01.08,19:00,2335.98,2358.2,2323.29,2354.56,44381
2024.01.08,20:00,2354.57,2357.79,2334.23,2336.4,21333
2024.01.08,21:00,2336.39,2347.39,2332.71,2337.08,13486
2024.01.08,22:00,2337.08,2342.57,2332.9,2337.63,8332
2024.01.08,23:00,2337.63,2337.63,2325.36,2330.44,14834
2024.01.09,00:00,2330.43,2336.7,2289.98,2306.9,33340
2024.01.09,01:00,2306.89,2315.18,2296.56,2309.36,19092
2024.01.09,02:00,2309.35,2316.6,2306.0,2312.1,9560
2024.01.09,03:00,2312.09,2314.69,2307.02,2309.13,9382
2024.01.09,04:00,2309.12,2318.0,2300.4,2315.2,8726
2024.01.09,05:00,2315.2,2319.01,2301.4,2308.77,9108
2024.01.09,06:00,2308.77,2309.08,2297.26,2302.0,8630
2024.01.09,07:00,2302.0,2310.64,2298.58,2306.05,8529
2024.01.09,08:00,2306.05,2311.3,2290.26,2291.28,11885
2024.01.09,09:00,2291.28,2297.22,2285.4,2291.37,14051
2024.01.09,10:00,2291.37,2301.73,2289.0,2292.4,9995
2024.01.09,11:00,2292.4,2303.09,2289.14,2298.76,9746
2024.01.09,12:00,2298.77,2304.21,2226.78,2264.2,28207
2024.01.09,13:00,2264.2,2283.38,2260.7,2275.25,36739
2024.01.09,14:00,2275.25,2283.02,2241.0,2247.4,24287
2024.01.09,15:00,2247.39,2268.64,2241.58,2257.18,21766
2024.01.09,16:00,2257.18,2265.89,2243.41,2264.43,21806
2024.01.09,17:00,2264.43,2270.57,2256.07,2264.0,11924
2024.01.09,18:00,2264.0,2278.03,2258.69,2275.94,10444
2024.01.09,19:00,2275.93,2277.78,2258.22,2270.91,10069
2024.01.09,20:00,2270.91,2273.91,2247.72,2250.61,17897
2024.01.09,21:00,2250.6,2371.0,2247.74,2317.66,131930
2024.01.09,22:00,2317.65,2371.72,2314.61,2340.9,59998
2024.01.09,23:00,2340.91,2346.75,2316.22,2344.29,24329
2024.01.10,00:00,2344.3,2400.0,2339.59,2398.63,58178
2024.01.10,01:00,2398.64,2400.53,2365.51,2376.77,33219
2024.01.10,02:00,2376.77,2377.2,2345.0,2347.33,21371
2024.01.10,03:00,2347.34,2368.96,2343.78,2361.51,18411
2024.01.10,04:00,2361.5,2388.68,2358.0,2380.37,27527
2024.01.10,05:00,2380.38,2393.22,2371.64,2386.8,17652
2024.01.10,06:00,2386.8,2388.54,2372.28,2380.51,14380
2024.01.10,07:00,2380.51,2385.56,2366.1,2368.75,14626
2024.01.10,08:00,2368.75,2383.44,2362.64,2364.81,19530
2024.01.10,09:00,2364.81,2431.0,2364.71,2425.62,69497
2024.01.10,10:00,2425.62,2427.17,2400.0,2400.58,23802
2024.01.10,11:00,2400.58,2409.06,2381.0,2402.21,22874
2024.01.10,12:00,2402.21,2417.9,2342.0,2359.61,61829
2024.01.10,13:00,2359.61,2391.0,2350.33,2377.83,36869
2024.01.10,14:00,2377.84,2395.75,2369.61,2386.3,24974
2024.01.10,15:00,2386.31,2456.0,2382.96,2449.3,84828
2024.01.10,16:00,2449.3,2457.6,2406.06,2407.15,37057
2024.01.10,17:00,2407.15,2444.81,2400.71,2436.69,34909
2024.01.10,18:00,2436.69,2443.0,2415.0,2435.04,24033
2024.01.10,19:00,2435.05,2481.59,2425.67,2477.9,55178
2024.01.10,20:00,2477.9,2488.56,2411.0,2484.63,76041
2024.01.10,21:00,2484.63,2534.64,2472.0,2528.14,109201
2024.01.10,22:00,2528.13,2556.58,2510.17,2547.6,55072
2024.01.10,23:00,2547.59,2643.1,2542.83,2584.38,97319
2024.01.11,00:00,2584.37,2608.0,2568.91,2606.43,40621
2024.01.11,01:00,2606.42,2607.32,2566.01,2568.2,32942
2024.01.11,02:00,2568.21,2586.21,2566.22,2580.41,21186
2024.01.11,03:00,2580.42,2614.76,2571.55,2613.01,29129
2024.01.11,04:00,2613.0,2630.0,2605.0,2615.01,50501
2024.01.11,05:00,2615.01,2615.8,2584.0,2596.72,29096
2024.01.11,06:00,2596.72,2598.45,2573.01,2577.23,29061
2024.01.11,07:00,2577.22,2591.8,2576.0,2589.15,16944
2024.01.11,08:00,2589.15,2616.96,2586.66,2615.59,18711
2024.01.11,09:00,2615.59,2620.0,2604.8,2608.68,16253
2024.01.11,10:00,2608.68,2649.96,2607.55,2636.79,33088
2024.01.11,11:00,2636.79,2665.74,2626.99,2657.9,39262
2024.01.11,12:00,2657.89,2662.44,2636.1,2647.02,36689
2024.01.11,13:00,2647.03,2656.6,2622.4,2635.98,35353
2024.01.11,14:00,2635.97,2686.6,2616.98,2681.86,86952
2024.01.11,15:00,2681.87,2689.39,2593.6,2613.19,107554
2024.01.11,16:00,2613.19,2625.13,2570.0,2588.0,63843
2024.01.11,17:00,2588.01,2615.03,2574.23,2602.45,34495
2024.01.11,18:00,2602.46,2618.2,2589.67,2613.45,24347
2024.01.11,19:00,2613.45,2622.46,2597.77,2622.07,19696
2024.01.11,20:00,2622.07,2632.28,2587.48,2593.93,30649
2024.01.11,21:00,2593.93,2621.0,2592.23,2603.79,17232
2024.01.11,22:00,2603.79,2615.9,2595.81,2615.42,12571
2024.01.11,23:00,2615.43,2624.81,2610.41,2618.01,12526
2024.01.12,00:00,2618.01,2624.29,2593.15,2599.74,17384
2024.01.12,01:00,2599.73,2603.72,2580.0,2593.02,14571
2024.01.12,02:00,2593.01,2616.02,2591.38,2607.72,13425
2024.01.12,03:00,2607.72,2608.16,2588.09,2589.81,13641
2024.01.12,04:00,2589.81,2605.62,2585.62,2594.02,14033
2024.01.12,05:00,2594.02,2610.0,2590.32,2608.79,10426
2024.01.12,06:00,2608.8,2626.43,2607.24,2617.64,21783
2024.01.12,07:00,2617.65,2621.5,2590.66,2595.73,31522
2024.01.12,08:00,2595.72,2604.18,2584.11,2601.93,18252
2024.01.12,09:00,2601.93,2618.35,2585.34,2614.77,27408
2024.01.12,10:00,2614.78,2622.63,2611.37,2620.93,17822
2024.01.12,11:00,2620.93,2667.99,2618.61,2647.59,53751
2024.01.12,12:00,2647.58,2680.0,2634.0,2650.52,48622
2024.01.12,13:00,2650.52,2691.49,2644.92,2673.78,46883
2024.01.12,14:00,2673.78,2712.78,2662.5,2705.75,66302
2024.01.12,15:00,2705.75,2717.32,2637.58,2647.02,78920
2024.01.12,16:00,2647.02,2688.83,2602.27,2620.44,88912
2024.01.12,17:00,2620.45,2631.79,2560.71,2603.05,64194
2024.01.12,18:00,2603.06,2611.78,2580.0,2595.71,31292
2024.01.12,19:00,2595.71,2613.96,2582.67,2584.43,20691
2024.01.12,20:00,2584.44,2598.2,2565.78,2569.36,26809
2024.01.12,21:00,2569.35,2576.29,2501.18,2526.05,52999
2024.01.12,22:00,2526.06,2528.52,2458.0,2498.6,75075
2024.01.12,23:00,2498.6,2530.9,2496.93,2522.54,32731
2024.01.13,00:00,2522.55,2538.01,2516.8,2517.45,23049
2024.01.13,01:00,2517.45,2528.12,2497.5,2525.39,30061
2024.01.13,02:00,2525.39,2553.77,2519.48,2545.97,37973
2024.01.13,03:00,2545.98,2557.15,2537.09,2548.53,18942
2024.01.13,04:00,2548.53,2549.3,2539.2,2547.21,11600
2024.01.13,05:00,2547.21,2556.02,2540.35,2554.33,10559
2024.01.13,06:00,2554.34,2554.52,2542.66,2552.01,14396
2024.01.13,07:00,2552.01,2561.68,2547.6,2550.99,12406
2024.01.13,08:00,2550.99,2560.55,2549.4,2555.59,12746
2024.01.13,09:00,2555.6,2557.54,2537.94,2540.78,17839
2024.01.13,10:00,2540.78,2541.92,2521.18,2531.15,20787
2024.01.13,11:00,2531.14,2545.61,2529.5,2542.5,18399
2024.01.13,12:00,2542.5,2551.86,2535.8,2542.7,16973
2024.01.13,13:00,2542.69,2549.82,2537.82,2542.08,12255
2024.01.13,14:00,2542.08,2545.37,2531.15,2539.54,21189
2024.01.13,15:00,2539.54,2566.19,2539.49,2563.83,18387
2024.01.13,16:00,2563.83,2572.2,2551.0,2557.25,24748
2024.01.13,17:00,2557.25,2566.63,2550.0,2555.63,24845
2024.01.13,18:00,2555.63,2573.6,2552.01,2560.89,15741
2024.01.13,19:00,2560.89,2580.0,2559.96,2571.91,19842
2024.01.13,20:00,2571.91,2580.95,2566.82,2568.76,11706
2024.01.13,21:00,2568.75,2574.59,2562.8,2573.28,7013
2024.01.13,22:00,2573.29,2578.18,2566.61,2578.17,6670
2024.01.13,23:00,2578.18,2590.0,2573.37,2578.19,13924
2024.01.14,00:00,2578.18,2578.69,2561.08,2564.04,11669
2024.01.14,01:00,2564.04,2574.4,2562.32,2569.4,6757
2024.01.14,02:00,2569.41,2571.2,2554.88,2560.5,10260
2024.01.14,03:00,2560.51,2564.52,2549.72,2550.99,19228
2024.01.14,04:00,2551.0,2555.88,2541.8,2543.94,24093
2024.01.14,05:00,2543.95,2555.64,2543.22,2552.64,10220
2024.01.14,06:00,2552.64,2555.79,2548.2,2552.85,6821
2024.01.14,07:00,2552.85,2554.37,2543.65,2550.83,9052
2024.01.14,08:00,2550.84,2553.13,2544.89,2553.12,5587
2024.01.14,09:00,2553.13,2553.71,2539.49,2553.71,11568
2024.01.14,10:00,2553.7,2553.8,2540.0,2542.28,6980
2024.01.14,11:00,2542.27,2547.14,2534.58,2538.0,10073
2024.01.14,12:00,2538.01,2546.58,2533.39,2537.17,11582
2024.01.14,13:00,2537.18,2538.34,2524.39,2533.81,12026
2024.01.14,14:00,2533.8,2542.79,2530.95,2540.93,10770
2024.01.14,15:00,2540.93,2544.93,2535.01,2537.68,5848
2024.01.14,16:00,2537.68,2543.97,2521.35,2527.46,13488
2024.01.14,17:00,2527.46,2538.65,2524.24,2530.95,11218
2024.01.14,18:00,2530.95,2538.0,2522.02,2531.6,8413
2024.01.14,19:00,2531.6,2532.85,2500.0,2501.0,18346
2024.01.14,20:00,2500.99,2519.12,2480.41,2508.94,18767
2024.01.14,21:00,2508.94,2527.53,2498.6,2527.2,13329
2024.01.14,22:00,2527.21,2531.93,2503.46,2508.84,9524
2024.01.14,23:00,2508.83,2511.17,2470.0,2472.87,40576
2024.01.15,00:00,2472.87,2502.4,2470.92,2495.6,29818
2024.01.15,01:00,2495.6,2512.64,2487.43,2506.11,25428
2024.01.15,02:00,2506.11,2506.88,2491.96,2506.03,22457
2024.01.15,03:00,2506.03,2513.91,2501.71,2503.32,16428
2024.01.15,04:00,2503.32,2512.48,2502.97,2509.89,7359
2024.01.15,05:00,2509.89,2519.29,2509.82,2518.49,8938
2024.01.15,06:00,2518.49,2521.0,2510.85,2513.0,6786
2024.01.15,07:00,2513.0,2517.09,2503.46,2513.29,8547
2024.01.15,08:00,2513.29,2518.0,2506.88,2513.19,5526
2024.01.15,09:00,2513.19,2533.63,2509.87,2528.16,11665
2024.01.15,10:00,2528.15,2541.0,2526.05,2535.22,12068
2024.01.15,11:00,2535.22,2542.86,2532.0,2539.35,7799
2024.01.15,12:00,2539.36,2548.0,2533.0,2540.74,16750
2024.01.15,13:00,2540.75,2549.02,2534.52,2538.78,14493
2024.01.15,14:00,2538.79,2540.0,2505.8,2508.01,24680
2024.01.15,15:00,2508.01,2524.73,2508.0,2514.49,15199
2024.01.15,16:00,2514.49,2527.36,2514.05,2523.74,8851
2024.01.15,17:00,2523.74,2536.76,2523.72,2532.38,10112
2024.01.15,18:00,2532.38,2553.82,2532.38,2539.99,21248
2024.01.15,19:00,2539.99,2546.15,2531.0,2534.7,9218
2024.01.15,20:00,2534.69,2539.38,2525.11,2530.61,5800
2024.01.15,21:00,2530.6,2530.61,2521.33,2522.13,5092
2024.01.15,22:00,2522.13,2525.12,2500.33,2513.98,11667
2024.01.15,23:00,2513.97,2519.9,2510.88,2511.78,9306
2024.01.16,00:00,2511.79,2516.12,2506.08,2509.2,9356
2024.01.16,01:00,2509.21,2522.4,2505.0,2514.16,9840
2024.01.16,02:00,2514.16,2528.86,2512.03,2517.5,8351
2024.01.16,03:00,2517.51,2538.23,2516.4,2537.6,10801
2024.01.16,04:00,2537.6,2539.36,2528.0,2530.5,8642
2024.01.16,05:00,2530.49,2542.14,2528.0,2531.04,8403
2024.01.16,06:00,2531.03,2536.84,2525.43,2534.89,9400
2024.01.16,07:00,2534.88,2536.89,2522.3,2528.26,9364
2024.01.16,08:00,2528.25,2547.18,2523.6,2544.02,14482
2024.01.16,09:00,2544.02,2549.38,2538.5,2542.86,18841
2024.01.16,10:00,2542.86,2544.12,2529.69,2533.92,8579
2024.01.16,11:00,2533.92,2537.94,2521.98,2530.77,11451
2024.01.16,12:00,2530.78,2547.95,2529.16,2547.01,9824
2024.01.16,13:00,2547.0,2547.8,2524.1,2525.81,13898
2024.01.16,14:00,2525.8,2538.32,2500.05,2534.31,42934
2024.01.16,15:00,2534.31,2570.79,2524.99,2559.44,42845
2024.01.16,16:00,2559.44,2579.62,2548.63,2575.92,36310
2024.01.16,17:00,2575.93,2578.93,2562.09,2564.05,14107
2024.01.16,18:00,2564.05,2569.44,2554.8,2559.2,11237
2024.01.16,19:00,2559.2,2576.09,2555.4,2574.06,9020
2024.01.16,20:00,2574.06,2588.97,2571.79,2586.87,18420
2024.01.16,21:00,2586.87,2614.43,2584.89,2607.29,24490
2024.01.16,22:00,2607.3,2611.6,2593.09,2593.55,14054
2024.01.16,23:00,2593.56,2604.8,2585.31,2587.4,16415
2024.01.17,00:00,2587.41,2592.06,2580.02,2589.09,15482
2024.01.17,01:00,2589.09,2592.97,2576.91,2578.57,12529
2024.01.17,02:00,2578.58,2581.78,2573.35,2576.64,11303
2024.01.17,03:00,2576.65,2578.89,2571.17,2571.43,8722
2024.01.17,04:00,2571.43,2575.57,2561.95,2568.81,10399
2024.01.17,05:00,2568.81,2573.31,2561.29,2562.73,9147
2024.01.17,06:00,2562.73,2570.66,2561.4,2563.01,10517
2024.01.17,07:00,2563.0,2566.11,2551.81,2552.52,15498
2024.01.17,08:00,2552.53,2554.06,2534.4,2546.84,18418
2024.01.17,09:00,2546.84,2551.96,2542.73,2544.36,11531
2024.01.17,10:00,2544.36,2553.0,2540.28,2553.0,12396
2024.01.17,11:00,2553.0,2553.67,2541.63,2542.85,12535
2024.01.17,12:00,2542.86,2552.9,2532.67,2552.38,25697
2024.01.17,13:00,2552.38,2552.86,2541.33,2543.77,12544
2024.01.17,14:00,2543.77,2574.75,2538.12,2550.16,34492
2024.01.17,15:00,2550.16,2563.74,2535.69,2539.46,35414
2024.01.17,16:00,2539.47,2544.75,2522.0,2534.76,22880
2024.01.17,17:00,2534.76,2537.28,2523.1,2529.69,13441
2024.01.17,18:00,2529.69,2534.08,2517.22,2532.9,15278
2024.01.17,19:00,2532.91,2539.84,2529.19,2533.29,11437
2024.01.17,20:00,2533.29,2543.13,2530.59,2539.87,14557
2024.01.17,21:00,2539.88,2544.81,2524.17,2526.58,9675
2024.01.17,22:00,2526.59,2531.17,2506.75,2528.61,14905
2024.01.17,23:00,2528.62,2532.0,2521.16,2530.19,7472
2024.01.18,00:00,2530.2,2531.94,2524.13,2530.12,12065
2024.01.18,01:00,2530.11,2533.44,2510.03,2522.69,11156
2024.01.18,02:00,2522.68,2531.99,2522.26,2528.57,9106
2024.01.18,03:00,2528.57,2531.96,2525.46,2529.94,11549
2024.01.18,04:00,2529.95,2540.69,2526.52,2529.86,27605
2024.01.18,05:00,2529.86,2531.43,2524.72,2529.69,8838
2024.01.18,06:00,2529.68,2536.0,2528.24,2533.33,8111
2024.01.18,07:00,2533.33,2539.0,2532.05,2538.99,11023
2024.01.18,08:00,2538.99,2542.5,2536.1,2537.48,10160
2024.01.18,09:00,2537.47,2550.0,2535.46,2539.49,32722
2024.01.18,10:00,2539.5,2541.26,2514.04,2516.24,15622
2024.01.18,11:00,2516.25,2524.19,2515.25,2522.41,13135
2024.01.18,12:00,2522.42,2522.86,2505.6,2512.7,14556
2024.01.18,13:00,2512.7,2523.31,2503.77,2515.55,17890
2024.01.18,14:00,2515.55,2533.95,2513.91,2533.74,15053
2024.01.18,15:00,2533.73,2535.27,2523.8,2525.64,11161
2024.01.18,16:00,2525.65,2526.15,2480.0,2488.29,42993
2024.01.18,17:00,2488.29,2499.0,2467.17,2481.3,36463
2024.01.18,18:00,2481.31,2485.38,2455.24,2463.59,29942
2024.01.18,19:00,2463.6,2476.15,2430.0,2439.5,38254
2024.01.18,20:00,2439.5,2462.28,2428.56,2446.45,32524
2024.01.18,21:00,2446.44,2464.61,2442.15,2457.35,20546
2024.01.18,22:00,2457.36,2472.86,2455.37,2470.53,13271
2024.01.18,23:00,2470.53,2471.32,2465.12,2470.81,8335
2024.01.19,00:00,2470.81,2474.59,2461.93,2467.97,13073
2024.01.19,01:00,2467.98,2468.77,2457.31,2463.15,11678
2024.01.19,02:00,2463.16,2465.2,2451.32,2452.79,11318
2024.01.19,03:00,2452.79,2462.98,2443.13,2460.4,20917
2024.01.19,04:00,2460.4,2465.93,2456.63,2461.9,8781
2024.01.19,05:00,2461.91,2468.22,2459.33,2464.58,6886
2024.01.19,06:00,2464.58,2473.46,2462.22,2471.36,10565
2024.01.19,07:00,2471.36,2474.82,2465.35,2465.51,13351
2024.01.19,08:00,2465.5,2477.23,2460.44,2473.5,9702
2024.01.19,09:00,2473.5,2483.87,2472.8,2482.4,11875
2024.01.19,10:00,2482.41,2496.62,2481.58,2490.7,19616
2024.01.19,11:00,2490.7,2493.4,2485.59,2488.97,8315
2024.01.19,12:00,2488.98,2489.43,2481.23,2485.82,8795
2024.01.19,13:00,2485.82,2497.17,2483.4,2497.16,10588
2024.01.19,14:00,2497.16,2499.87,2470.0,2474.62,27108
2024.01.19,15:00,2474.62,2481.75,2460.37,2462.98,28926
2024.01.19,16:00,2462.98,2467.87,2415.2,2428.41,61310
2024.01.19,17:00,2428.4,2471.8,2416.67,2471.37,38036
2024.01.19,18:00,2471.37,2504.0,2461.87,2496.17,40524
2024.01.19,19:00,2496.17,2498.42,2481.41,2493.37,20938
2024.01.19,20:00,2493.37,2504.2,2481.8,2484.6,18161
2024.01.19,21:00,2484.59,2492.79,2481.0,2489.12,10125
2024.01.19,22:00,2489.13,2493.74,2483.6,2490.9,6025
2024.01.19,23:00,2490.9,2497.96,2486.64,2492.0,7583
2024.01.20,00:00,2491.99,2492.0,2475.0,2476.12,8256
2024.01.20,01:00,2476.11,2490.9,2475.3,2489.8,5921
2024.01.20,02:00,2489.8,2489.8,2481.29,2486.5,5003
2024.01.20,03:00,2486.5,2486.75,2475.1,2481.22,8512
2024.01.20,04:00,2481.22,2484.75,2478.21,2483.0,4204
2024.01.20,05:00,2483.01,2484.22,2475.29,2477.54,5272
2024.01.20,06:00,2477.54,2484.29,2477.02,2482.46,4032
2024.01.20,07:00,2482.47,2486.27,2478.2,2478.47,3945
2024.01.20,08:00,2478.48,2480.07,2471.71,2474.63,7894
2024.01.20,09:00,2474.62,2477.32,2463.31,2465.95,8418
2024.01.20,10:00,2465.95,2474.51,2465.75,2470.53,5663
2024.01.20,11:00,2470.54,2472.42,2465.26,2470.59,4295
2024.01.20,12:00,2470.58,2475.91,2466.84,2467.9,5298
2024.01.20,13:00,2467.9,2474.03,2467.15,2471.87,4600
2024.01.20,14:00,2471.87,2472.62,2460.0,2466.65,7170
2024.01.20,15:00,2466.65,2473.99,2458.33,2463.83,7421
2024.01.20,16:00,2463.83,2467.81,2456.24,2458.72,7376
2024.01.20,17:00,2458.71,2464.07,2457.08,2462.08,4787
2024.01.20,18:00,2462.08,2462.59,2454.2,2457.83,5313
2024.01.20,19:00,2457.83,2463.8,2457.72,2461.52,3445
2024.01.20,20:00,2461.52,2472.48,2460.2,2466.94,6313
2024.01.20,21:00,2466.94,2472.79,2465.6,2465.61,4273
2024.01.20,22:00,2465.6,2473.68,2465.6,2471.85,3969
2024.01.20,23:00,2471.85,2474.88,2468.44,2472.01,5230
2024.01.21,00:00,2472.02,2472.12,2465.0,2465.78,4991
2024.01.21,01:00,2465.77,2472.97,2465.2,2469.53,4536
2024.01.21,02:00,2469.53,2477.12,2469.41,2477.11,4577
2024.01.21,03:00,2477.11,2481.0,2473.22,2475.42,5203
2024.01.21,04:00,2475.43,2475.83,2472.42,2474.0,2211
2024.01.21,05:00,2474.01,2475.74,2472.46,2473.18,3043
2024.01.21,06:00,2473.17,2475.0,2468.89,2469.82,3596
2024.01.21,07:00,2469.81,2476.07,2466.64,2476.06,4565
2024.01.21,08:00,2476.06,2479.36,2472.38,2474.2,5273
2024.01.21,09:00,2474.21,2477.51,2473.2,2477.42,3739
2024.01.21,10:00,2477.41,2482.18,2476.02,2479.98,5127
2024.01.21,11:00,2479.97,2481.19,2471.98,2473.65,5202
2024.01.21,12:00,2473.65,2475.22,2471.27,2471.9,5597
2024.01.21,13:00,2471.91,2480.8,2471.9,2479.36,7951
2024.01.21,14:00,2479.36,2481.05,2475.0,2478.13,8647
2024.01.21,15:00,2478.12,2480.74,2464.08,2468.01,8551
2024.01.21,16:00,2468.01,2473.92,2464.16,2471.8,6804
2024.01.21,17:00,2471.81,2476.66,2471.37,2474.52,4534
2024.01.21,18:00,2474.52,2478.49,2471.17,2474.31,3627
2024.01.21,19:00,2474.31,2475.06,2470.73,2474.26,3106
2024.01.21,20:00,2474.27,2475.4,2466.77,2467.3,4300
2024.01.21,21:00,2467.3,2474.1,2465.51,2473.42,3129
2024.01.21,22:00,2473.42,2473.72,2460.0,2462.18,5242
2024.01.21,23:00,2462.18,2464.06,2452.13,2457.05,9007
2024.01.22,00:00,2457.06,2464.49,2452.2,2462.12,7488
2024.01.22,01:00,2462.12,2466.1,2435.47,2439.38,21340
2024.01.22,02:00,2439.39,2446.44,2432.24,2436.25,10520
2024.01.22,03:00,2436.24,2439.4,2424.0,2437.56,12446
2024.01.22,04:00,2437.56,2438.69,2416.02,2416.61,27092
2024.01.22,05:00,2416.6,2431.2,2402.5,2427.14,22071
2024.01.22,06:00,2427.14,2436.16,2420.82,2430.17,12403
2024.01.22,07:00,2430.17,2430.72,2417.94,2420.8,8261
2024.01.22,08:00,2420.8,2420.8,2395.23,2411.07,28001
2024.01.22,09:00,2411.07,2416.05,2385.0,2389.32,24961
2024.01.22,10:00,2389.31,2392.8,2361.6,2381.35,41215
2024.01.22,11:00,2381.35,2390.88,2376.46,2381.34,18283
2024.01.22,12:00,2381.34,2383.68,2367.65,2377.35,19118
2024.01.22,13:00,2377.36,2404.97,2376.9,2387.85,21580
2024.01.22,14:00,2387.85,2391.17,2356.0,2370.57,29415
2024.01.22,15:00,2370.56,2384.97,2353.61,2379.61,30455
2024.01.22,16:00,2379.6,2385.08,2362.5,2366.04,17688
2024.01.22,17:00,2366.04,2381.98,2358.35,2376.6,16406
2024.01.22,18:00,2376.59,2381.62,2352.25,2366.81,21601
2024.01.22,19:00,2366.8,2377.5,2305.27,2321.87,54718
2024.01.22,20:00,2321.88,2351.53,2319.2,2340.49,28187
2024.01.22,21:00,2340.48,2340.49,2323.65,2327.41,12407
2024.01.22,22:00,2327.41,2335.48,2303.59,2320.62,18572
2024.01.22,23:00,2320.61,2327.33,2308.53,2314.2,22097
2024.01.23,00:00,2314.19,2330.45,2312.67,2326.36,19206
2024.01.23,01:00,2326.35,2336.0,2324.03,2334.3,11234
2024.01.23,02:00,2334.31,2339.58,2329.29,2339.38,11835
2024.01.23,03:00,2339.37,2342.95,2337.65,2339.16,8356
2024.01.23,04:00,2339.16,2352.23,2339.16,2344.47,15770
2024.01.23,05:00,2344.47,2350.55,2343.7,2348.21,16083
2024.01.23,06:00,2348.22,2350.7,2343.17,2345.75,6316
2024.01.23,07:00,2345.75,2347.33,2316.12,2323.49,25931
2024.01.23,08:00,2323.49,2326.83,2286.15,2294.06,36453
2024.01.23,09:00,2294.06,2297.22,2213.18,2216.1,96431
2024.01.23,10:00,2216.11,2240.88,2214.52,2223.35,37554
2024.01.23,11:00,2223.35,2234.36,2203.11,2218.14,37279
2024.01.23,12:00,2218.14,2227.06,2201.0,2224.84,43105
2024.01.23,13:00,2224.83,2225.42,2200.0,2200.28,21356
2024.01.23,14:00,2200.28,2200.28,2168.07,2195.26,74326
2024.01.23,15:00,2195.26,2232.98,2195.05,2219.39,48001
2024.01.23,16:00,2219.39,2220.73,2191.8,2216.59,30303
2024.01.23,17:00,2216.59,2232.01,2205.93,2208.3,36531
2024.01.23,18:00,2208.3,2225.08,2189.4,2189.74,23908
2024.01.23,19:00,2189.74,2196.85,2181.0,2185.7,25604
2024.01.23,20:00,2185.69,2203.06,2183.04,2198.93,20569
2024.01.23,21:00,2198.93,2206.25,2189.13,2203.19,12776
2024.01.23,22:00,2203.19,2229.86,2202.61,2226.41,12734
2024.01.23,23:00,2226.42,2248.21,2226.38,2242.6,28431
2024.01.24,00:00,2242.6,2255.66,2232.0,2244.43,24558
2024.01.24,01:00,2244.43,2244.74,2219.58,2222.93,32683
2024.01.24,02:00,2222.92,2232.6,2221.16,2222.56,6716
2024.01.24,03:00,2222.56,2225.28,2211.64,2213.45,10980
2024.01.24,04:00,2213.46,2221.29,2213.15,2214.18,6346
2024.01.24,05:00,2214.18,2230.36,2214.17,2227.41,12473
2024.01.24,06:00,2227.42,2233.6,2220.52,2232.7,10865
2024.01.24,07:00,2232.69,2244.98,2227.43,2234.51,12376
2024.01.24,08:00,2234.5,2240.68,2229.0,2236.19,9791
2024.01.24,09:00,2236.19,2246.65,2233.9,2238.83,14065
2024.01.24,10:00,2238.82,2264.6,2235.6,2256.2,18596
2024.01.24,11:00,2256.19,2257.16,2238.81,2244.16,13432
2024.01.24,12:00,2244.16,2248.19,2232.59,2234.48,13972
2024.01.24,13:00,2234.49,2239.0,2222.35,2228.19,16152
2024.01.24,14:00,2228.19,2245.19,2218.3,2230.46,26707
2024.01.24,15:00,2230.47,2240.33,2224.33,2234.88,15834
2024.01.24,16:00,2234.89,2244.52,2226.23,2241.8,14006
2024.01.24,17:00,2241.79,2242.6,2231.57,2237.04,11440
2024.01.24,18:00,2237.05,2237.38,2203.32,2216.96,25721
2024.01.24,19:00,2216.96,2221.93,2206.05,2213.13,10926
2024.01.24,20:00,2213.13,2225.87,2196.12,2200.33,21832
2024.01.24,21:00,2200.33,2217.3,2199.43,2217.29,12599
2024.01.24,22:00,2217.3,2223.77,2213.42,2221.38,6613
2024.01.24,23:00,2221.38,2239.8,2220.0,2235.02,11156
2024.01.25,00:00,2235.02,2239.6,2228.04,2234.7,11548
2024.01.25,01:00,2234.71,2235.39,2209.28,2213.32,12617
2024.01.25,02:00,2213.32,2218.71,2206.32,2209.64,7334
2024.01.25,03:00,2209.63,2221.01,2209.36,2216.88,6367
2024.01.25,04:00,2216.88,2218.79,2209.24,2213.38,4900
2024.01.25,05:00,2213.37,2213.38,2203.37,2210.77,8004
2024.01.25,06:00,2210.76,2225.66,2209.59,2223.6,9506
2024.01.25,07:00,2223.6,2227.71,2219.29,2227.64,6720
2024.01.25,08:00,2227.64,2233.76,2220.57,2225.85,10115
2024.01.25,09:00,2225.84,2231.08,2220.05,2222.35,9671
2024.01.25,10:00,2222.35,2239.96,2216.75,2237.98,17253
2024.01.25,11:00,2237.99,2242.89,2229.01,2231.59,14687
2024.01.25,12:00,2231.59,2234.2,2205.06,2209.05,16637
2024.01.25,13:00,2209.06,2211.69,2198.01,2205.69,16124
2024.01.25,14:00,2205.69,2215.93,2201.17,2211.72,15429
2024.01.25,15:00,2211.73,2213.5,2181.91,2188.0,29201
2024.01.25,16:00,2188.0,2194.92,2182.7,2186.0,18380
2024.01.25,17:00,2186.0,2203.38,2171.3,2203.28,30593
2024.01.25,18:00,2203.27,2223.22,2203.27,2211.0,25442
2024.01.25,19:00,2211.0,2224.55,2203.81,2218.21,15325
2024.01.25,20:00,2218.22,2223.5,2212.23,2222.67,14742
2024.01.25,21:00,2222.67,2231.65,2217.07,2219.49,16309
2024.01.25,22:00,2219.49,2223.27,2213.66,2221.41,6705
2024.01.25,23:00,2221.41,2224.6,2217.26,2218.64,6806
2024.01.26,00:00,2218.64,2218.93,2211.12,2216.03,6442
2024.01.26,01:00,2216.02,2226.47,2211.12,2223.77,9411
2024.01.26,02:00,2223.78,2237.8,2223.63,2228.04,13017
2024.01.26,03:00,2228.04,2230.74,2221.64,2223.42,6423
2024.01.26,04:00,2223.41,2229.6,2222.47,2224.35,6445
2024.01.26,05:00,2224.34,2225.58,2218.59,2221.02,7295
2024.01.26,06:00,2221.01,2224.18,2211.0,2213.24,12290
2024.01.26,07:00,2213.24,2214.72,2195.84,2197.47,20654
2024.01.26,08:00,2197.46,2215.49,2195.99,2209.54,11508
2024.01.26,09:00,2209.53,2224.59,2204.52,2206.21,15529
2024.01.26,10:00,2206.21,2240.0,2205.78,2237.6,27868
2024.01.26,11:00,2237.6,2260.66,2237.26,2254.02,39088
2024.01.26,12:00,2254.02,2265.19,2244.11,2247.54,30090
2024.01.26,13:00,2247.54,2251.77,2234.46,2240.89,14387
2024.01.26,14:00,2240.9,2257.96,2240.0,2257.96,12488
2024.01.26,15:00,2257.96,2259.63,2250.26,2257.9,14481
2024.01.26,16:00,2257.89,2281.88,2257.03,2279.55,32408
2024.01.26,17:00,2279.55,2282.36,2267.06,2268.97,19992
2024.01.26,18:00,2268.96,2276.76,2263.63,2266.8,16826
2024.01.26,19:00,2266.8,2267.09,2251.07,2258.51,14671
2024.01.26,20:00,2258.51,2262.69,2252.49,2258.6,11646
2024.01.26,21:00,2258.6,2260.87,2253.0,2259.87,6455
2024.01.26,22:00,2259.86,2272.0,2258.01,2268.01,6966
2024.01.26,23:00,2268.01,2270.27,2263.99,2267.68,7176
2024.01.27,00:00,2267.67,2280.31,2265.23,2280.18,12034
2024.01.27,01:00,2280.17,2282.94,2268.05,2270.57,8146
2024.01.27,02:00,2270.56,2275.57,2270.16,2274.7,3842
2024.01.27,03:00,2274.7,2276.84,2271.75,2274.13,4997
2024.01.27,04:00,2274.13,2276.56,2273.13,2274.75,3264
2024.01.27,05:00,2274.75,2274.75,2261.15,2263.79,6513
2024.01.27,06:00,2263.8,2267.19,2262.85,2264.07,5266
2024.01.27,07:00,2264.07,2266.66,2253.41,2258.45,8519
2024.01.27,08:00,2258.45,2260.4,2251.4,2253.95,8354
2024.01.27,09:00,2253.95,2268.2,2251.58,2265.99,7889
2024.01.27,10:00,2266.0,2271.49,2262.76,2263.23,4996
2024.01.27,11:00,2263.23,2270.65,2261.44,2265.48,5011
2024.01.27,12:00,2265.48,2270.5,2262.13,2263.47,4739
2024.01.27,13:00,2263.47,2268.96,2262.45,2267.79,4355
2024.01.27,14:00,2267.8,2275.1,2267.35,2269.29,6474
2024.01.27,15:00,2269.29,2274.38,2267.42,2270.18,4505
2024.01.27,16:00,2270.18,2273.79,2262.99,2264.08,8071
2024.01.27,17:00,2264.08,2267.63,2261.35,2265.65,3818
2024.01.27,18:00,2265.65,2271.2,2263.43,2266.82,3878
2024.01.27,19:00,2266.82,2277.49,2266.81,2272.69,4602
2024.01.27,20:00,2272.7,2275.69,2270.12,2271.44,3815
2024.01.27,21:00,2271.43,2275.0,2267.4,2272.73,7213
2024.01.27,22:00,2272.73,2273.34,2264.4,2266.46,7739
2024.01.27,23:00,2266.45,2268.75,2261.47,2267.94,7058
2024.01.28,00:00,2267.94,2268.58,2263.0,2267.27,6472
2024.01.28,01:00,2267.27,2288.88,2267.27,2278.83,14472
2024.01.28,02:00,2278.82,2284.2,2276.31,2279.21,6167
2024.01.28,03:00,2279.21,2289.0,2278.74,2287.17,6489
2024.01.28,04:00,2287.17,2304.93,2284.8,2303.58,15008
2024.01.28,05:00,2303.59,2308.24,2286.91,2290.81,11076
2024.01.28,06:00,2290.8,2291.57,2283.49,2287.69,7447
2024.01.28,07:00,2287.7,2293.59,2281.81,2282.92,8438
2024.01.28,08:00,2282.91,2291.01,2277.87,2286.05,8747
2024.01.28,09:00,2286.05,2301.41,2284.57,2294.86,11464
2024.01.28,10:00,2294.87,2295.99,2288.28,2293.52,7543
2024.01.28,11:00,2293.51,2294.25,2276.97,2281.08,10706
2024.01.28,12:00,2281.08,2282.33,2268.65,2276.78,11220
2024.01.28,13:00,2276.78,2281.59,2271.3,2279.07,6059
2024.01.28,14:00,2279.06,2286.08,2263.65,2267.86,10493
2024.01.28,15:00,2267.86,2275.34,2261.91,2270.17,8814
2024.01.28,16:00,2270.17,2276.0,2267.02,2274.45,4808
2024.01.28,17:00,2274.44,2274.45,2262.29,2269.27,7344
2024.01.28,18:00,2269.28,2270.52,2257.0,2261.15,8480
2024.01.28,19:00,2261.15,2266.18,2245.03,2253.89,10562
2024.01.28,20:00,2253.88,2263.21,2249.21,2261.84,7072
2024.01.28,21:00,2261.85,2266.41,2258.46,2263.5,3636
2024.01.28,22:00,2263.5,2263.92,2239.89,2249.39,9519
2024.01.28,23:00,2249.39,2259.99,2245.54,2256.9,7277
2024.01.29,00:00,2256.9,2261.64,2250.57,2257.16,8368
2024.01.29,01:00,2257.16,2274.23,2256.88,2264.45,9667
2024.01.29,02:00,2264.46,2271.51,2263.2,2268.77,5317
2024.01.29,03:00,2268.77,2278.19,2268.76,2272.11,8889
2024.01.29,04:00,2272.11,2274.23,2266.58,2268.5,5794
2024.01.29,05:00,2268.5,2270.22,2263.64,2264.61,6120
2024.01.29,06:00,2264.6,2270.33,2264.24,2267.23,6473
2024.01.29,07:00,2267.22,2271.16,2258.28,2259.4,7867
2024.01.29,08:00,2259.39,2264.93,2253.98,2263.49,8147
2024.01.29,09:00,2263.49,2273.76,2255.28,2273.76,10277
2024.01.29,10:00,2273.76,2277.0,2269.66,2275.58,8719
2024.01.29,11:00,2275.58,2276.39,2261.39,2264.17,8335
2024.01.29,12:00,2264.17,2269.31,2255.05,2256.0,10024
2024.01.29,13:00,2256.0,2256.4,2238.88,2244.42,20438
2024.01.29,14:00,2244.42,2252.2,2233.8,2244.09,13892
2024.01.29,15:00,2244.09,2275.93,2239.45,2275.8,20997
2024.01.29,16:00,2275.81,2302.43,2265.54,2299.49,44620
2024.01.29,17:00,2299.49,2315.45,2295.94,2302.59,33403
2024.01.29,18:00,2302.59,2312.94,2295.15,2300.13,15572
2024.01.29,19:00,2300.14,2305.01,2292.14,2293.46,10807
2024.01.29,20:00,2293.46,2304.48,2292.21,2302.86,8658
2024.01.29,21:00,2302.86,2311.74,2301.0,2306.32,11419
2024.01.29,22:00,2306.31,2322.34,2305.95,2311.43,12214
2024.01.29,23:00,2311.43,2317.92,2310.0,2317.6,9498
2024.01.30,00:00,2317.61,2318.36,2304.7,2305.07,8271
2024.01.30,01:00,2305.06,2324.99,2304.0,2314.71,15647
2024.01.30,02:00,2314.71,2327.97,2314.7,2317.83,12639
2024.01.30,03:00,2317.82,2320.0,2310.6,2311.4,11223
2024.01.30,04:00,2311.4,2314.69,2308.39,2311.65,7862
2024.01.30,05:00,2311.65,2313.6,2304.41,2304.89,6737
2024.01.30,06:00,2304.9,2309.0,2301.0,2304.1,9428
2024.01.30,07:00,2304.1,2314.0,2302.82,2309.29,9393
2024.01.30,08:00,2309.3,2312.94,2302.82,2308.32,7064
2024.01.30,09:00,2308.31,2309.05,2303.57,2304.39,7337
2024.01.30,10:00,2304.4,2316.34,2303.02,2314.96,8855
2024.01.30,11:00,2314.95,2318.22,2311.11,2314.01,8270
2024.01.30,12:00,2314.0,2332.85,2299.05,2306.71,43716
2024.01.30,13:00,2306.7,2313.79,2297.0,2305.73,13544
2024.01.30,14:00,2305.72,2315.57,2298.8,2313.29,13079
2024.01.30,15:00,2313.3,2347.55,2303.33,2340.91,35509
2024.01.30,16:00,2340.91,2369.48,2335.73,2369.25,45735
2024.01.30,17:00,2369.25,2379.79,2364.26,2370.3,30084
2024.01.30,18:00,2370.3,2381.0,2364.42,2376.73,17567
2024.01.30,19:00,2376.73,2378.28,2369.28,2374.93,8733
2024.01.30,20:00,2374.93,2385.0,2373.53,2373.72,12721
2024.01.30,21:00,2373.73,2391.98,2370.0,2380.03,10896
2024.01.30,22:00,2380.02,2381.79,2364.75,2364.96,7418
2024.01.30,23:00,2364.96,2367.93,2337.06,2343.01,21136
2024.01.31,00:00,2343.0,2351.6,2331.79,2340.43,19716
2024.01.31,01:00,2340.44,2346.46,2327.54,2332.46,12716
2024.01.31,02:00,2332.47,2339.25,2327.27,2338.69,13120
2024.01.31,03:00,2338.68,2344.02,2338.46,2342.91,7356
2024.01.31,04:00,2342.9,2344.55,2336.18,2341.95,10738
2024.01.31,05:00,2341.94,2344.26,2334.37,2338.74,8347
2024.01.31,06:00,2338.74,2341.56,2330.8,2331.91,7113
2024.01.31,07:00,2331.92,2342.12,2330.0,2340.84,6882
2024.01.31,08:00,2340.84,2343.52,2335.45,2339.08,8002
2024.01.31,09:00,2339.08,2339.09,2309.19,2311.2,22082
2024.01.31,10:00,2311.2,2313.72,2281.6,2284.0,31483
2024.01.31,11:00,2284.01,2300.45,2280.77,2300.18,19376
2024.01.31,12:00,2300.18,2307.48,2296.89,2304.56,12556
2024.01.31,13:00,2304.57,2318.14,2298.69,2312.87,14985
2024.01.31,14:00,2312.87,2314.6,2298.44,2307.4,16809
2024.01.31,15:00,2307.4,2333.0,2291.69,2329.42,30993
2024.01.31,16:00,2329.42,2347.18,2324.99,2345.91,23706
2024.01.31,17:00,2345.92,2350.3,2337.72,2347.27,17837
2024.01.31,18:00,2347.28,2348.05,2330.07,2335.63,18814
2024.01.31,19:00,2335.63,2342.26,2309.51,2323.38,24021
2024.01.31,20:00,2323.39,2324.67,2286.11,2287.98,27445
2024.01.31,21:00,2287.98,2292.37,2263.57,2279.0,23011
2024.01.31,22:00,2278.99,2287.94,2269.03,2285.75,10362
2024.01.31,23:00,2285.75,2288.91,2281.88,2283.14,9636
2024.02.01,00:00,2283.15,2289.6,2272.19,2283.59,11095
2024.02.01,01:00,2283.6,2284.3,2240.0,2245.19,32855
2024.02.01,02:00,2245.19,2260.5,2242.99,2260.5,13893
2024.02.01,03:00,2260.49,2263.17,2256.25,2257.21,10254
2024.02.01,04:00,2257.2,2267.59,2251.91,2262.77,12842
2024.02.01,05:00,2262.77,2268.87,2262.0,2268.8,7882
2024.02.01,06:00,2268.81,2274.5,2268.36,2274.5,18058
2024.02.01,07:00,2274.49,2277.78,2271.6,2271.96,9895
2024.02.01,08:00,2271.95,2273.44,2266.4,2272.41,8897
2024.02.01,09:00,2272.4,2275.85,2265.2,2267.84,8325
2024.02.01,10:00,2267.85,2278.12,2266.12,2267.91,8897
2024.02.01,11:00,2267.91,2272.92,2265.4,2266.66,7741
2024.02.01,12:00,2266.67,2274.62,2263.2,2270.83,11089
2024.02.01,13:00,2270.83,2277.54,2263.59,2272.09,12710
2024.02.01,14:00,2272.08,2300.45,2270.15,2297.12,24229
2024.02.01,15:00,2297.13,2308.45,2287.89,2288.88,23064
2024.02.01,16:00,2288.89,2293.59,2267.54,2292.07,18999
2024.02.01,17:00,2292.07,2311.72,2291.25,2304.71,21878
2024.02.01,18:00,2304.7,2307.99,2293.07,2295.94,11310
2024.02.01,19:00,2295.93,2309.49,2291.75,2304.79,9162
2024.02.01,20:00,2304.79,2307.0,2296.2,2299.46,6648
2024.02.01,21:00,2299.46,2309.78,2297.06,2304.36,8624
2024.02.01,22:00,2304.35,2304.62,2287.0,2297.05,6196
2024.02.01,23:00,2297.04,2304.85,2294.75,2304.28,6442
2024.02.02,00:00,2304.28,2320.48,2300.7,2310.92,13001
2024.02.02,01:00,2310.93,2317.76,2306.42,2306.61,7202
2024.02.02,02:00,2306.62,2307.82,2298.54,2302.32,8348
2024.02.02,03:00,2302.32,2305.2,2301.1,2301.66,5214
2024.02.02,04:00,2301.66,2305.0,2296.87,2298.34,7204
2024.02.02,05:00,2298.35,2307.23,2296.87,2305.17,7630
2024.02.02,06:00,2305.18,2314.6,2304.23,2310.46,9160
2024.02.02,07:00,2310.46,2319.81,2308.4,2313.73,16608
2024.02.02,08:00,2313.73,2314.95,2306.0,2310.54,7891
2024.02.02,09:00,2310.54,2313.8,2307.49,2309.89,6133
2024.02.02,10:00,2309.89,2312.82,2305.01,2311.85,9298
2024.02.02,11:00,2311.86,2319.37,2309.63,2318.36,7641
2024.02.02,12:00,2318.36,2324.74,2313.96,2314.79,11879
2024.02.02,13:00,2314.79,2316.03,2289.04,2292.02,22920
2024.02.02,14:00,2292.02,2298.25,2281.94,2292.4,13694
2024.02.02,15:00,2292.41,2317.58,2291.2,2313.99,19609
2024.02.02,16:00,2314.0,2323.88,2301.29,2306.06,17203
2024.02.02,17:00,2306.07,2311.83,2290.0,2292.92,11550
2024.02.02,18:00,2292.93,2296.62,2286.69,2294.83,9712
2024.02.02,19:00,2294.84,2301.61,2293.23,2301.41,7949
2024.02.02,20:00,2301.42,2303.6,2295.05,2297.77,5705
2024.02.02,21:00,2297.77,2301.93,2296.66,2296.67,3427
2024.02.02,22:00,2296.66,2310.0,2296.33,2308.89,4579
2024.02.02,23:00,2308.89,2309.91,2305.33,2309.06,4660
2024.02.03,00:00,2309.07,2321.21,2306.75,2313.81,11724
2024.02.03,01:00,2313.8,2329.98,2313.8,2325.91,10709
2024.02.03,02:00,2325.9,2327.25,2319.21,2322.79,5817
2024.02.03,03:00,2322.8,2326.55,2320.68,2321.45,4790
2024.02.03,04:00,2321.45,2325.28,2320.56,2321.39,3080
2024.02.03,05:00,2321.39,2325.1,2320.8,2324.2,3849
2024.02.03,06:00,2324.21,2324.21,2317.04,2321.11,4767
2024.02.03,07:00,2321.12,2321.54,2313.46,2314.39,4361
2024.02.03,08:00,2314.38,2316.24,2307.0,2308.31,4085
2024.02.03,09:00,2308.3,2316.39,2308.3,2315.12,3393
2024.02.03,10:00,2315.11,2315.12,2310.8,2314.12,4332
2024.02.03,11:00,2314.12,2314.13,2300.24,2303.89,7495
2024.02.03,12:00,2303.88,2307.35,2302.17,2305.12,5584
2024.02.03,13:00,2305.11,2308.26,2303.31,2307.36,3465
2024.02.03,14:00,2307.36,2307.37,2301.33,2302.01,4707
2024.02.03,15:00,2302.0,2309.65,2292.75,2303.64,9438
2024.02.03,16:00,2303.65,2313.88,2303.31,2305.78,10754
2024.02.03,17:00,2305.79,2312.2,2304.55,2309.0,4794
2024.02.03,18:00,2308.99,2309.05,2297.03,2298.76,7360
2024.02.03,19:00,2298.76,2303.46,2297.0,2303.46,3570
2024.02.03,20:00,2303.45,2305.69,2300.13,2302.8,3666
2024.02.03,21:00,2302.8,2305.38,2297.2,2300.56,3372
2024.02.03,22:00,2300.55,2301.83,2297.33,2298.4,2619
2024.02.03,23:00,2298.4,2301.14,2293.83,2296.49,5488
2024.02.04,00:00,2296.5,2299.39,2291.0,2299.39,6418
2024.02.04,01:00,2299.38,2306.43,2296.27,2305.08,4796
2024.02.04,02:00,2305.09,2306.53,2302.98,2303.5,2295
2024.02.04,03:00,2303.49,2305.38,2302.77,2302.96,1978
2024.02.04,04:00,2302.97,2303.36,2294.14,2297.33,4237
2024.02.04,05:00,2297.33,2303.61,2296.88,2300.03,4005
2024.02.04,06:00,2300.03,2302.81,2287.0,2287.5,8704
2024.02.04,07:00,2287.49,2293.19,2287.0,2290.78,5594
2024.02.04,08:00,2290.79,2293.17,2289.8,2290.2,3724
2024.02.04,09:00,2290.2,2305.47,2286.71,2303.39,7920
2024.02.04,10:00,2303.39,2304.74,2297.6,2300.73,4017
2024.02.04,11:00,2300.73,2309.99,2299.62,2305.62,5372
2024.02.04,12:00,2305.62,2309.66,2303.36,2303.36,5279
2024.02.04,13:00,2303.37,2307.03,2302.85,2304.38,3364
2024.02.04,14:00,2304.38,2307.8,2297.46,2299.23,7617
2024.02.04,15:00,2299.24,2305.25,2297.48,2301.68,6792
2024.02.04,16:00,2301.67,2303.59,2299.01,2303.58,5024
2024.02.04,17:00,2303.59,2308.13,2298.26,2306.49,7579
2024.02.04,18:00,2306.5,2308.48,2293.57,2294.45,7159
2024.02.04,19:00,2294.45,2295.58,2266.0,2279.65,22165
2024.02.04,20:00,2279.64,2311.0,2273.73,2303.71,17575
2024.02.04,21:00,2303.72,2309.84,2300.28,2300.48,9078
2024.02.04,22:00,2300.47,2302.8,2275.83,2288.16,12959
2024.02.04,23:00,2288.16,2291.36,2283.7,2289.79,7566
2024.02.05,00:00,2289.79,2294.3,2279.17,2280.5,9851
2024.02.05,01:00,2280.5,2284.09,2269.11,2282.8,10147
2024.02.05,02:00,2282.8,2283.1,2277.42,2281.28,4142
2024.02.05,03:00,2281.27,2297.77,2281.26,2296.27,6749
2024.02.05,04:00,2296.28,2299.4,2291.8,2295.0,6219
2024.02.05,05:00,2295.0,2295.47,2289.45,2295.46,3712
2024.02.05,06:00,2295.47,2302.0,2294.0,2301.23,5723
2024.02.05,07:00,2301.22,2312.32,2298.44,2310.17,13697
2024.02.05,08:00,2310.18,2325.08,2310.17,2322.41,18034
2024.02.05,09:00,2322.41,2325.33,2314.65,2320.81,9654
2024.02.05,10:00,2320.8,2332.9,2320.8,2322.85,13345
2024.02.05,11:00,2322.85,2329.98,2322.28,2329.62,6923
2024.02.05,12:00,2329.63,2331.56,2323.21,2325.53,9761
2024.02.05,13:00,2325.53,2338.41,2323.0,2330.45,12684
2024.02.05,14:00,2330.45,2333.92,2317.29,2319.03,11351
2024.02.05,15:00,2319.03,2319.03,2294.21,2298.71,19545
2024.02.05,16:00,2298.72,2302.54,2291.0,2301.54,17766
2024.02.05,17:00,2301.55,2307.51,2297.22,2302.36,6040
2024.02.05,18:00,2302.36,2304.97,2294.63,2301.19,6892
2024.02.05,19:00,2301.19,2312.56,2300.52,2304.48,9465
2024.02.05,20:00,2304.49,2305.99,2283.63,2294.62,14746
2024.02.05,21:00,2294.63,2295.71,2286.02,2289.09,7452
2024.02.05,22:00,2289.1,2296.0,2286.24,2294.63,6752
2024.02.05,23:00,2294.63,2302.16,2291.64,2301.83,5949
2024.02.06,00:00,2301.84,2302.81,2299.0,2302.81,5316
2024.02.06,01:00,2302.81,2312.34,2300.73,2307.69,6479
2024.02.06,02:00,2307.68,2329.78,2306.34,2324.29,13603
2024.02.06,03:00,2324.3,2328.61,2313.39,2316.85,11132
2024.02.06,04:00,2316.85,2319.39,2312.59,2314.37,9280
2024.02.06,05:00,2314.38,2315.43,2308.19,2314.02,9052
2024.02.06,06:00,2314.02,2317.35,2309.29,2317.1,10167
2024.02.06,07:00,2317.1,2327.86,2311.08,2327.16,16487
2024.02.06,08:00,2327.16,2339.0,2323.3,2336.7,28139
2024.02.06,09:00,2336.69,2337.94,2328.1,2334.45,13561
2024.02.06,10:00,2334.44,2344.0,2316.9,2326.46,21064
2024.02.06,11:00,2326.45,2330.47,2318.16,2325.49,10932
2024.02.06,12:00,2325.49,2332.08,2311.9,2325.97,16819
2024.02.06,13:00,2325.97,2349.0,2319.44,2337.62,26393
2024.02.06,14:00,2337.63,2347.5,2331.8,2338.47,18145
2024.02.06,15:00,2338.47,2346.8,2331.03,2343.74,17881
2024.02.06,16:00,2343.73,2362.31,2340.37,2346.94,28159
2024.02.06,17:00,2346.94,2365.42,2345.1,2353.84,17506
2024.02.06,18:00,2353.84,2365.25,2349.06,2363.95,12511
2024.02.06,19:00,2363.95,2379.95,2360.04,2379.12,16914
2024.02.06,20:00,2379.13,2392.4,2376.04,2380.29,23420
2024.02.06,21:00,2380.3,2386.42,2375.31,2380.74,12972
2024.02.06,22:00,2380.74,2385.06,2376.31,2381.75,13277
2024.02.06,23:00,2381.75,2384.19,2371.91,2372.64,9722
2024.02.07,00:00,2372.63,2390.66,2372.2,2380.08,14050
2024.02.07,01:00,2380.08,2388.27,2375.52,2376.18,9639
2024.02.07,02:00,2376.17,2380.6,2374.3,2376.06,6735
2024.02.07,03:00,2376.07,2377.26,2363.0,2364.75,10891
2024.02.07,04:00,2364.75,2368.76,2357.73,2360.74,13563
2024.02.07,05:00,2360.74,2367.8,2357.06,2365.61,6782
2024.02.07,06:00,2365.61,2366.32,2360.1,2364.09,7234
2024.02.07,07:00,2364.09,2368.41,2360.44,2362.92,6186
2024.02.07,08:00,2362.91,2365.45,2356.94,2363.25,10160
2024.02.07,09:00,2363.26,2377.42,2361.42,2371.61,9173
2024.02.07,10:00,2371.6,2372.11,2354.0,2355.73,9986
2024.02.07,11:00,2355.72,2362.56,2354.64,2361.66,9806
2024.02.07,12:00,2361.67,2373.89,2361.0,2373.34,9119
2024.02.07,13:00,2373.34,2376.64,2365.86,2372.83,14295
2024.02.07,14:00,2372.83,2385.45,2362.6,2365.89,22425
2024.02.07,15:00,2365.89,2376.51,2361.57,2369.66,13655
2024.02.07,16:00,2369.66,2400.0,2368.85,2398.24,23474
2024.02.07,17:00,2398.24,2424.34,2396.41,2410.26,46060
2024.02.07,18:00,2410.25,2418.96,2406.26,2418.18,15753
2024.02.07,19:00,2418.18,2425.46,2413.32,2419.96,16137
2024.02.07,20:00,2419.97,2444.44,2419.96,2439.38,32265
2024.02.07,21:00,2439.39,2439.8,2425.73,2430.17,16980
2024.02.07,22:00,2430.17,2432.0,2422.23,2425.55,10726
2024.02.07,23:00,2425.55,2429.89,2422.77,2425.1,7686
2024.02.08,00:00,2425.09,2438.0,2423.94,2435.06,16363
2024.02.08,01:00,2435.06,2443.8,2430.38,2441.89,15627
2024.02.08,02:00,2441.89,2444.39,2430.54,2434.74,13737
2024.02.08,03:00,2434.73,2436.81,2432.55,2433.48,7932
2024.02.08,04:00,2433.48,2435.32,2426.0,2427.3,6664
2024.02.08,05:00,2427.3,2428.62,2422.08,2423.11,9021
2024.02.08,06:00,2423.11,2423.53,2419.36,2419.94,7565
2024.02.08,07:00,2419.95,2425.6,2411.01,2421.21,14285
2024.02.08,08:00,2421.2,2427.85,2421.2,2424.4,8990
2024.02.08,09:00,2424.4,2426.91,2420.62,2424.24,7166
2024.02.08,10:00,2424.24,2429.58,2421.3,2422.99,8503
2024.02.08,11:00,2422.99,2426.09,2416.06,2425.3,11975
2024.02.08,12:00,2425.29,2429.48,2417.21,2422.04,7925
2024.02.08,13:00,2422.04,2425.05,2416.63,2425.05,12716
2024.02.08,14:00,2425.05,2443.96,2420.0,2438.0,31224
2024.02.08,15:00,2438.0,2463.15,2428.79,2453.88,43927
2024.02.08,16:00,2453.88,2455.69,2413.44,2424.6,35360
2024.02.08,17:00,2424.6,2437.0,2418.11,2424.74,20976
2024.02.08,18:00,2424.74,2432.88,2421.32,2430.78,11856
2024.02.08,19:00,2430.78,2432.58,2421.31,2421.53,9833
2024.02.08,20:00,2421.54,2434.23,2421.12,2427.81,14043
2024.02.08,21:00,2427.81,2429.52,2422.23,2425.75,8014
2024.02.08,22:00,2425.75,2431.44,2423.68,2424.28,6242
2024.02.08,23:00,2424.28,2428.59,2418.49,2419.55,8085
2024.02.09,00:00,2419.56,2424.89,2419.16,2423.76,8229
2024.02.09,01:00,2423.76,2428.46,2422.08,2425.17,9782
2024.02.09,02:00,2425.18,2458.6,2423.72,2457.51,23873
2024.02.09,03:00,2457.5,2466.0,2442.58,2448.67,19764
2024.02.09,04:00,2448.67,2456.89,2442.54,2446.21,9923
2024.02.09,05:00,2446.21,2454.96,2440.19,2453.7,16672
2024.02.09,06:00,2453.7,2454.04,2446.35,2448.87,7915
2024.02.09,07:00,2448.86,2463.99,2448.24,2453.61,17015
2024.02.09,08:00,2453.6,2477.0,2453.37,2476.01,18438
2024.02.09,09:00,2476.02,2479.88,2466.44,2466.89,15557
2024.02.09,10:00,2466.9,2474.6,2462.01,2474.59,17069
2024.02.09,11:00,2474.59,2507.4,2466.4,2503.2,42016
2024.02.09,12:00,2503.19,2525.0,2498.56,2514.64,42264
2024.02.09,13:00,2514.64,2521.35,2510.57,2513.27,21742
2024.02.09,14:00,2513.27,2519.66,2481.47,2494.51,50546
2024.02.09,15:00,2494.51,2501.46,2476.57,2495.33,31964
2024.02.09,16:00,2495.33,2502.72,2478.07,2486.77,20726
2024.02.09,17:00,2486.77,2500.87,2484.66,2497.19,18580
2024.02.09,18:00,2497.19,2523.66,2493.87,2501.45,40141
2024.02.09,19:00,2501.45,2502.4,2481.68,2485.96,17283
2024.02.09,20:00,2485.96,2495.7,2485.95,2489.86,12479
2024.02.09,21:00,2489.85,2506.64,2483.89,2502.82,10505
2024.02.09,22:00,2502.81,2505.79,2487.11,2495.22,10968
2024.02.09,23:00,2495.22,2498.6,2485.14,2486.56,8921
2024.02.10,00:00,2486.56,2496.3,2484.48,2485.93,8045
2024.02.10,01:00,2485.94,2505.0,2483.09,2498.27,8320
2024.02.10,02:00,2498.27,2506.48,2496.56,2506.0,6617
2024.02.10,03:00,2506.0,2514.8,2505.99,2512.21,6715
2024.02.10,04:00,2512.21,2516.0,2506.24,2506.28,5151
2024.02.10,05:00,2506.27,2507.85,2500.64,2504.23,4791
2024.02.10,06:00,2504.24,2507.5,2503.61,2504.5,5967
2024.02.10,07:00,2504.5,2506.9,2494.49,2495.21,6842
2024.02.10,08:00,2495.21,2498.74,2485.2,2485.29,10074
2024.02.10,09:00,2485.29,2494.5,2485.28,2487.53,7774
2024.02.10,10:00,2487.54,2491.94,2471.57,2474.31,11833
2024.02.10,11:00,2474.31,2483.11,2473.53,2483.1,9770
2024.02.10,12:00,2483.11,2492.0,2480.76,2487.91,6552
2024.02.10,13:00,2487.9,2492.77,2481.0,2490.07,7502
2024.02.10,14:00,2490.07,2496.97,2488.4,2492.97,8189
2024.02.10,15:00,2492.97,2496.6,2488.8,2490.45,6290
2024.02.10,16:00,2490.45,2494.22,2487.38,2491.26,5678
2024.02.10,17:00,2491.26,2492.4,2483.72,2484.43,5743
2024.02.10,18:00,2484.42,2493.14,2483.4,2490.81,4905
2024.02.10,19:00,2490.81,2497.51,2489.06,2497.51,5430
2024.02.10,20:00,2497.51,2511.6,2493.23,2506.21,11458
2024.02.10,21:00,2506.21,2516.45,2506.2,2511.0,12901
2024.02.10,22:00,2511.0,2511.41,2492.21,2495.99,10957
2024.02.10,23:00,2495.99,2506.06,2494.7,2500.24,7581
2024.02.11,00:00,2500.24,2504.58,2493.8,2504.08,6507
2024.02.11,01:00,2504.07,2514.74,2502.9,2507.2,10221
2024.02.11,02:00,2507.2,2512.15,2504.14,2505.78,6040
2024.02.11,03:00,2505.77,2529.02,2504.06,2529.02,22913
2024.02.11,04:00,2529.02,2537.58,2514.76,2517.46,16232
2024.02.11,05:00,2517.47,2525.8,2517.03,2523.33,10440
2024.02.11,06:00,2523.33,2534.15,2522.03,2530.49,7472
2024.02.11,07:00,2530.49,2532.8,2522.52,2527.52,7461
2024.02.11,08:00,2527.53,2539.63,2522.91,2524.76,11501
2024.02.11,09:00,2524.76,2529.0,2521.31,2523.18,7061
2024.02.11,10:00,2523.18,2524.09,2511.79,2521.85,9022
2024.02.11,11:00,2521.86,2531.63,2520.38,2531.28,7887
2024.02.11,12:00,2531.29,2532.31,2522.0,2522.22,7625
2024.02.11,13:00,2522.22,2524.34,2509.6,2510.69,10794
2024.02.11,14:00,2510.7,2515.0,2505.0,2514.26,10448
2024.02.11,15:00,2514.27,2514.27,2505.47,2508.94,7843
2024.02.11,16:00,2508.94,2512.31,2501.41,2508.42,8989
2024.02.11,17:00,2508.42,2520.58,2508.27,2511.16,8916
2024.02.11,18:00,2511.16,2512.9,2496.8,2506.97,10178
2024.02.11,19:00,2506.98,2510.75,2505.14,2507.73,5408
2024.02.11,20:00,2507.74,2514.31,2493.45,2497.43,9420
2024.02.11,21:00,2497.43,2504.79,2496.66,2504.0,6280
2024.02.11,22:00,2504.0,2507.59,2499.75,2500.38,5553
2024.02.11,23:00,2500.38,2507.4,2498.0,2507.21,5754
2024.02.12,00:00,2507.22,2525.0,2505.06,2514.99,13829
2024.02.12,01:00,2514.99,2515.95,2506.0,2515.08,8551
2024.02.12,02:00,2515.08,2518.0,2493.01,2503.08,12843
2024.02.12,03:00,2503.08,2504.65,2497.17,2500.12,7133
2024.02.12,04:00,2500.13,2501.34,2493.99,2494.76,4443
2024.02.12,05:00,2494.77,2500.31,2493.99,2494.27,3633
2024.02.12,06:00,2494.26,2498.4,2481.05,2494.01,11985
2024.02.12,07:00,2494.0,2504.34,2491.45,2501.71,8917
2024.02.12,08:00,2501.7,2505.5,2489.33,2490.0,7555
2024.02.12,09:00,2490.01,2490.58,2472.0,2477.05,12603
2024.02.12,10:00,2477.06,2485.0,2472.6,2480.57,8824
2024.02.12,11:00,2480.56,2488.52,2476.8,2488.16,8644
2024.02.12,12:00,2488.16,2489.55,2481.08,2489.12,7478
2024.02.12,13:00,2489.13,2489.13,2483.07,2487.35,5320
2024.02.12,14:00,2487.36,2529.8,2486.5,2528.2,29741
2024.02.12,15:00,2528.19,2563.17,2521.0,2557.87,60783
2024.02.12,16:00,2557.87,2559.98,2536.63,2552.88,29747
2024.02.12,17:00,2552.89,2616.39,2550.9,2608.93,70222
2024.02.12,18:00,2608.94,2633.64,2603.07,2621.85,35380
2024.02.12,19:00,2621.86,2638.91,2608.61,2610.25,23867
2024.02.12,20:00,2610.25,2647.67,2610.24,2641.7,22664
2024.02.12,21:00,2641.71,2652.32,2628.69,2631.55,19600
2024.02.12,22:00,2631.55,2665.58,2631.55,2655.07,16005
2024.02.12,23:00,2655.07,2664.21,2646.31,2659.99,19721
2024.02.13,00:00,2659.99,2686.0,2659.99,2668.26,31923
2024.02.13,01:00,2668.25,2681.03,2664.2,2677.61,13288
2024.02.13,02:00,2677.61,2681.43,2653.51,2654.81,17083
2024.02.13,03:00,2654.8,2657.6,2635.96,2640.47,16339
2024.02.13,04:00,2640.46,2651.22,2638.0,2646.69,8655
2024.02.13,05:00,2646.69,2653.52,2643.02,2651.88,14435
2024.02.13,06:00,2651.88,2654.38,2645.06,2647.06,8960
2024.02.13,07:00,2647.06,2651.99,2640.8,2648.64,13923
2024.02.13,08:00,2648.64,2664.67,2647.07,2663.51,13891
2024.02.13,09:00,2663.51,2682.04,2657.03,2677.39,16335
2024.02.13,10:00,2677.39,2679.98,2664.29,2668.22,21789
2024.02.13,11:00,2668.23,2686.06,2658.0,2681.75,20796
2024.02.13,12:00,2681.75,2686.12,2666.76,2674.81,15821
2024.02.13,13:00,2674.81,2677.8,2611.0,2643.61,49883
2024.02.13,14:00,2643.61,2654.66,2590.0,2633.26,74440
2024.02.13,15:00,2633.25,2643.26,2608.52,2630.99,36683
2024.02.13,16:00,2631.0,2640.29,2601.0,2602.74,28244
2024.02.13,17:00,2602.74,2619.98,2592.37,2619.65,25231
2024.02.13,18:00,2619.65,2635.67,2618.0,2630.16,16154
2024.02.13,19:00,2630.16,2635.05,2610.0,2611.42,12664
2024.02.13,20:00,2611.42,2631.76,2610.8,2627.65,17527
2024.02.13,21:00,2627.65,2648.6,2627.0,2631.54,11783
2024.02.13,22:00,2631.55,2637.02,2615.02,2635.88,9946
2024.02.13,23:00,2635.87,2642.34,2627.39,2639.99,6642
2024.02.14,00:00,2639.99,2641.16,2623.03,2630.6,10469
2024.02.14,01:00,2630.6,2635.68,2620.45,2622.42,7614
2024.02.14,02:00,2622.43,2634.41,2618.4,2633.68,7834
2024.02.14,03:00,2633.68,2644.0,2633.2,2636.88,9194
2024.02.14,04:00,2636.89,2640.37,2620.76,2626.52,9384
2024.02.14,05:00,2626.51,2642.78,2626.51,2641.17,6934
2024.02.14,06:00,2641.18,2649.64,2639.64,2645.2,7684
2024.02.14,07:00,2645.2,2654.53,2645.2,2653.05,8028
2024.02.14,08:00,2653.04,2711.0,2647.58,2707.21,38501
2024.02.14,09:00,2707.21,2750.0,2706.27,2746.48,79498
2024.02.14,10:00,2746.49,2760.0,2739.21,2753.32,30397
2024.02.14,11:00,2753.32,2757.96,2738.01,2755.87,22011
2024.02.14,12:00,2755.86,2759.32,2732.64,2739.58,21352
2024.02.14,13:00,2739.58,2772.28,2738.62,2764.92,31341
2024.02.14,14:00,2764.91,2771.69,2752.96,2758.67,27180
2024.02.14,15:00,2758.67,2760.46,2730.32,2749.4,29002
2024.02.14,16:00,2749.4,2749.99,2728.51,2738.69,16287
2024.02.14,17:00,2738.7,2748.95,2733.8,2741.25,12629
2024.02.14,18:00,2741.25,2751.12,2726.54,2749.62,17146
2024.02.14,19:00,2749.63,2766.5,2740.27,2761.8,25380
2024.02.14,20:00,2761.8,2767.0,2754.89,2764.26,12004
2024.02.14,21:00,2764.26,2786.0,2755.79,2778.4,12804
2024.02.14,22:00,2778.39,2782.81,2763.66,2772.02,8513
2024.02.14,23:00,2772.03,2783.5,2767.79,2774.81,10475
2024.02.15,00:00,2774.8,2825.75,2771.61,2817.94,35626
2024.02.15,01:00,2817.95,2817.95,2771.71,2778.15,31088
2024.02.15,02:00,2778.15,2797.31,2776.71,2786.71,16248
2024.02.15,03:00,2786.7,2803.71,2785.98,2801.39,13521
2024.02.15,04:00,2801.39,2802.33,2783.6,2796.37,14870
2024.02.15,05:00,2796.36,2797.0,2759.25,2771.07,14992
2024.02.15,06:00,2771.07,2782.56,2768.66,2777.77,12730
2024.02.15,07:00,2777.77,2785.18,2761.32,2772.33,11335
2024.02.15,08:00,2772.32,2784.8,2768.34,2781.13,10815
2024.02.15,09:00,2781.13,2794.35,2779.62,2789.86,11916
2024.02.15,10:00,2789.87,2801.97,2786.67,2799.8,12287
2024.02.15,11:00,2799.81,2801.6,2784.09,2793.21,12926
2024.02.15,12:00,2793.22,2803.87,2775.91,2797.49,18364
2024.02.15,13:00,2797.48,2814.89,2790.0,2810.52,22923
2024.02.15,14:00,2810.52,2857.8,2799.54,2852.59,61780
2024.02.15,15:00,2852.59,2867.65,2813.21,2826.27,51745
2024.02.15,16:00,2826.27,2841.44,2802.49,2829.61,30723
2024.02.15,17:00,2829.61,2836.58,2813.63,2814.99,16463
2024.02.15,18:00,2814.99,2831.99,2808.28,2824.58,12156
2024.02.15,19:00,2824.58,2838.59,2810.27,2834.13,13408
2024.02.15,20:00,2834.13,2842.5,2814.02,2828.59,13300
2024.02.15,21:00,2828.59,2845.59,2786.2,2794.05,21296
2024.02.15,22:00,2794.05,2821.73,2791.82,2813.41,13038
2024.02.15,23:00,2813.42,2825.0,2810.51,2822.59,8127
2024.02.16,00:00,2822.58,2842.59,2820.35,2838.12,12055
2024.02.16,01:00,2838.12,2857.4,2836.78,2842.79,17970
2024.02.16,02:00,2842.79,2849.76,2836.16,2846.96,10355
2024.02.16,03:00,2846.97,2856.55,2840.0,2846.18,14529
2024.02.16,04:00,2846.18,2851.05,2835.8,2838.05,9202
2024.02.16,05:00,2838.04,2847.24,2835.61,2842.0,7463
2024.02.16,06:00,2842.0,2852.4,2830.22,2833.0,11441
2024.02.16,07:00,2833.0,2835.3,2811.75,2815.05,19635
2024.02.16,08:00,2815.05,2827.19,2813.18,2816.1,16008
2024.02.16,09:00,2816.1,2817.11,2794.31,2809.37,18538
2024.02.16,10:00,2809.38,2828.04,2804.74,2827.89,13254
2024.02.16,11:00,2827.88,2835.4,2819.18,2823.59,13763
2024.02.16,12:00,2823.6,2847.22,2818.81,2844.2,13780
2024.02.16,13:00,2844.21,2847.17,2825.05,2840.16,17104
2024.02.16,14:00,2840.15,2843.96,2783.09,2797.6,36879
2024.02.16,15:00,2797.59,2797.6,2740.0,2776.01,55501
2024.02.16,16:00,2776.01,2807.39,2772.6,2785.22,24900
2024.02.16,17:00,2785.21,2791.13,2766.03,2777.4,19993
2024.02.16,18:00,2777.39,2782.51,2765.0,2781.11,9977
2024.02.16,19:00,2781.11,2785.45,2756.75,2762.91,8707
2024.02.16,20:00,2762.92,2781.74,2758.45,2781.65,7687
2024.02.16,21:00,2781.65,2792.21,2774.63,2790.68,6049
2024.02.16,22:00,2790.69,2790.92,2785.0,2789.04,4020
2024.02.16,23:00,2789.03,2810.0,2786.83,2801.8,9249
2024.02.17,00:00,2801.81,2804.21,2795.91,2796.15,5376
2024.02.17,01:00,2796.15,2797.36,2777.64,2786.73,8638
2024.02.17,02:00,2786.72,2794.46,2785.55,2788.8,6361
2024.02.17,03:00,2788.79,2794.38,2785.45,2793.4,5138
2024.02.17,04:00,2793.39,2796.6,2788.46,2793.32,5404
2024.02.17,05:00,2793.32,2794.8,2778.99,2785.15,7968
2024.02.17,06:00,2785.15,2790.0,2783.0,2787.09,4549
2024.02.17,07:00,2787.09,2798.51,2786.0,2795.57,9164
2024.02.17,08:00,2795.56,2795.57,2772.0,2774.99,15254
2024.02.17,09:00,2774.99,2780.0,2768.06,2775.37,8276
2024.02.17,10:00,2775.38,2780.17,2765.22,2780.0,10963
2024.02.17,11:00,2780.01,2785.37,2778.2,2780.57,6084
2024.02.17,12:00,2780.58,2786.96,2773.44,2782.98,6938
2024.02.17,13:00,2782.99,2783.2,2741.69,2743.6,29970
2024.02.17,14:00,2743.6,2754.73,2719.01,2739.99,30612
2024.02.17,15:00,2739.99,2756.78,2731.01,2754.33,15458
2024.02.17,16:00,2754.33,2758.57,2742.73,2755.32,8978
2024.02.17,17:00,2755.33,2771.43,2755.32,2768.48,14013
2024.02.17,18:00,2768.48,2771.88,2765.09,2769.31,7427
2024.02.17,19:00,2769.31,2776.74,2767.74,2774.31,6066
2024.02.17,20:00,2774.32,2780.26,2771.49,2779.33,5422
2024.02.17,21:00,2779.33,2801.16,2775.0,2786.12,12617
2024.02.17,22:00,2786.12,2790.61,2780.0,2785.53,7527
2024.02.17,23:00,2785.54,2788.62,2780.53,2785.93,5087
2024.02.18,00:00,2785.92,2791.67,2778.29,2788.47,7374
2024.02.18,01:00,2788.46,2797.4,2776.39,2779.66,12051
2024.02.18,02:00,2779.66,2781.48,2764.25,2771.62,26616
2024.02.18,03:00,2771.62,2782.4,2768.8,2781.68,6585
2024.02.18,04:00,2781.69,2799.0,2781.68,2796.6,15196
2024.02.18,05:00,2796.6,2804.82,2794.71,2802.89,13735
2024.02.18,06:00,2802.88,2806.99,2778.9,2787.57,14301
2024.02.18,07:00,2787.56,2806.0,2782.82,2801.0,11701
2024.02.18,08:00,2801.0,2805.85,2796.66,2805.5,9351
2024.02.18,09:00,2805.51,2822.51,2805.27,2819.79,20638
2024.02.18,10:00,2819.78,2822.93,2805.26,2810.0,8620
2024.02.18,11:00,2810.01,2810.29,2798.01,2803.4,9796
2024.02.18,12:00,2803.4,2807.99,2790.49,2792.41,10569
2024.02.18,13:00,2792.41,2797.84,2785.89,2787.22,9074
2024.02.18,14:00,2787.21,2813.2,2787.21,2809.86,18441
2024.02.18,15:00,2809.85,2810.0,2801.11,2807.49,12164
2024.02.18,16:00,2807.49,2807.96,2794.33,2805.31,10125
2024.02.18,17:00,2805.32,2822.13,2805.0,2812.01,15300
2024.02.18,18:00,2812.0,2835.25,2806.99,2834.44,16557
2024.02.18,19:00,2834.44,2844.5,2822.29,2827.86,14730
2024.02.18,20:00,2827.86,2832.91,2817.09,2827.51,10356
2024.02.18,21:00,2827.51,2847.49,2823.21,2847.11,10586
2024.02.18,22:00,2847.12,2895.0,2844.26,2880.0,52644
2024.02.18,23:00,2879.99,2892.03,2865.93,2881.2,31464
2024.02.19,00:00,2881.2,2893.0,2864.97,2871.76,14492
2024.02.19,01:00,2871.75,2872.59,2856.93,2867.32,11630
2024.02.19,02:00,2867.32,2889.6,2867.31,2882.8,16196
2024.02.19,03:00,2882.8,2889.36,2876.05,2886.78,11983
2024.02.19,04:00,2886.79,2902.82,2880.84,2896.22,17589
2024.02.19,05:00,2896.21,2911.2,2882.89,2907.01,19519
2024.02.19,06:00,2907.01,2931.0,2905.15,2921.66,33125
2024.02.19,07:00,2921.65,2930.0,2918.11,2926.38,13634
2024.02.19,08:00,2926.38,2928.36,2902.26,2906.7,17743
2024.02.19,09:00,2906.69,2920.72,2905.07,2907.87,14551
2024.02.19,10:00,2907.87,2918.26,2892.25,2911.0,18293
2024.02.19,11:00,2911.0,2916.6,2905.57,2913.2,10338
2024.02.19,12:00,2913.2,2919.4,2905.57,2906.1,10794
2024.02.19,13:00,2906.11,2912.63,2892.72,2894.06,17912
2024.02.19,14:00,2894.06,2907.25,2886.03,2900.78,15893
2024.02.19,15:00,2900.79,2919.79,2898.46,2908.93,15918
2024.02.19,16:00,2908.93,2936.91,2890.03,2897.41,31184
2024.02.19,17:00,2897.42,2944.44,2887.29,2942.55,33417
2024.02.19,18:00,2942.56,2953.84,2929.44,2932.65,21893
2024.02.19,19:00,2932.65,2936.81,2920.03,2934.03,20882
2024.02.19,20:00,2934.04,2941.97,2927.0,2934.18,10284
2024.02.19,21:00,2934.17,2968.99,2932.61,2967.83,21380
2024.02.19,22:00,2967.84,2984.52,2960.0,2961.51,26218
2024.02.19,23:00,2961.52,2963.43,2934.88,2944.8,21569
2024.02.20,00:00,2944.8,2955.56,2929.18,2934.99,21847
2024.02.20,01:00,2934.99,2944.7,2903.31,2921.6,26775
2024.02.20,02:00,2921.6,2930.02,2915.01,2926.81,11403
2024.02.20,03:00,2926.81,2930.89,2905.73,2907.0,11023
2024.02.20,04:00,2907.0,2926.62,2902.38,2924.42,13238
2024.02.20,05:00,2924.42,2935.2,2922.61,2928.1,10453
2024.02.20,06:00,2928.1,2935.38,2926.0,2930.8,6710
2024.02.20,07:00,2930.8,2931.72,2915.9,2921.78,12801
2024.02.20,08:00,2921.78,2923.95,2904.36,2916.51,13960
2024.02.20,09:00,2916.51,2920.99,2874.56,2900.43,34318
2024.02.20,10:00,2900.44,2923.6,2900.25,2919.61,23071
2024.02.20,11:00,2919.61,2941.0,2919.6,2935.31,20456
2024.02.20,12:00,2935.3,2954.45,2930.8,2930.8,24730
2024.02.20,13:00,2930.81,3002.3,2926.84,2997.61,80818
2024.02.20,14:00,2997.61,3004.6,2918.16,2939.01,78285
2024.02.20,15:00,2939.0,2940.34,2900.0,2925.09,47671
2024.02.20,16:00,2925.08,2934.54,2893.96,2897.15,25332
2024.02.20,17:00,2897.15,2918.65,2885.47,2917.3,31056
2024.02.20,18:00,2917.29,2931.39,2908.41,2930.59,20041
2024.02.20,19:00,2930.59,2987.0,2927.1,2985.98,33120
2024.02.20,20:00,2985.98,2988.08,2966.23,2977.45,23131
2024.02.20,21:00,2977.46,2994.87,2970.0,2988.03,17376
2024.02.20,22:00,2988.02,3001.78,2983.34,2995.05,15999
2024.02.20,23:00,2995.05,3033.09,2994.64,3014.81,31056
2024.02.21,00:00,3014.81,3017.15,2998.7,3003.52,12347
2024.02.21,01:00,3003.53,3004.82,2988.6,3000.45,13365
2024.02.21,02:00,3000.45,3013.19,2992.41,3010.1,18543
2024.02.21,03:00,3010.11,3011.09,3000.41,3005.14,16365
2024.02.21,04:00,3005.15,3010.0,2986.59,2997.55,25364
2024.02.21,05:00,2997.55,3008.97,2972.77,2976.28,19156
2024.02.21,06:00,2976.27,2980.4,2945.22,2951.06,22375
2024.02.21,07:00,2951.05,2951.06,2921.9,2940.54,26434
2024.02.21,08:00,2940.54,2956.84,2934.6,2941.43,23966
2024.02.21,09:00,2941.53,2941.63,2887.23,2900.2,45470
2024.02.21,10:00,2900.2,2925.0,2888.45,2916.17,28122
2024.02.21,11:00,2916.16,2926.36,2888.0,2899.1,22011
2024.02.21,12:00,2899.11,2925.6,2880.0,2921.2,32176
2024.02.21,13:00,2921.2,2928.31,2885.47,2907.64,30157
2024.02.21,14:00,2907.64,2911.35,2868.0,2892.23,45433
2024.02.21,15:00,2892.22,2921.76,2878.19,2914.81,41547
2024.02.21,16:00,2914.81,2938.0,2899.98,2931.47,34135
2024.02.21,17:00,2931.46,2935.0,2895.32,2898.05,23899
2024.02.21,18:00,2898.05,2908.52,2886.0,2900.29,17030
2024.02.21,19:00,2900.3,2915.0,2890.0,2913.0,17079
2024.02.21,20:00,2912.99,2916.85,2897.46,2906.18,16566
2024.02.21,21:00,2906.19,2928.0,2899.84,2927.99,26370
2024.02.21,22:00,2927.98,2936.75,2913.2,2934.2,10973
2024.02.21,23:00,2934.19,2980.0,2932.26,2967.9,27062
2024.02.22,00:00,2967.91,2968.59,2938.01,2940.98,17432
2024.02.22,01:00,2940.99,2950.17,2906.51,2910.23,21908
2024.02.22,02:00,2910.23,2927.35,2909.67,2920.41,13682
2024.02.22,03:00,2920.4,2941.19,2917.0,2935.51,13637
2024.02.22,04:00,2935.52,2940.4,2920.98,2926.89,15364
2024.02.22,05:00,2926.88,2945.21,2926.88,2933.8,29081
2024.02.22,06:00,2933.81,2963.99,2931.3,2960.33,20085
2024.02.22,07:00,2960.33,2998.0,2955.75,2993.79,43189
2024.02.22,08:00,2993.79,3022.96,2987.65,3020.77,49127
2024.02.22,09:00,3020.77,3032.86,2998.6,3023.65,31040
2024.02.22,10:00,3023.65,3024.0,2989.02,2996.8,19435
2024.02.22,11:00,2996.8,2997.31,2971.0,2990.8,22127
2024.02.22,12:00,2990.8,3005.0,2971.0,2982.11,23434
2024.02.22,13:00,2982.11,2984.11,2929.39,2944.68,42341
2024.02.22,14:00,2944.68,2969.69,2939.5,2966.01,23861
2024.02.22,15:00,2966.02,2998.6,2961.44,2986.95,27453
2024.02.22,16:00,2986.95,2989.4,2960.93,2970.0,20074
2024.02.22,17:00,2970.0,2989.86,2969.99,2984.79,12754
2024.02.22,18:00,2984.8,3002.8,2975.75,2993.41,20743
2024.02.22,19:00,2993.41,2995.44,2979.5,2987.96,10058
2024.02.22,20:00,2987.96,3036.02,2980.63,3013.01,35944
2024.02.22,21:00,3013.02,3014.06,2972.6,2985.16,16384
2024.02.22,22:00,2985.16,2992.68,2969.35,2987.89,17814
2024.02.22,23:00,2987.89,2991.81,2969.37,2971.4,16548
2024.02.23,00:00,2971.4,2993.8,2970.2,2989.69,10011
2024.02.23,01:00,2989.7,2993.44,2975.24,2979.41,9955
2024.02.23,02:00,2979.41,2991.47,2936.0,2945.09,29127
2024.02.23,03:00,2945.09,2956.96,2932.81,2955.95,20639
2024.02.23,04:00,2955.95,2962.0,2947.51,2952.59,14020
2024.02.23,05:00,2952.6,2962.0,2948.91,2959.4,12191
2024.02.23,06:00,2959.41,2967.89,2956.91,2964.73,8566
2024.02.23,07:00,2964.73,2964.83,2923.26,2933.62,29753
2024.02.23,08:00,2933.61,2946.47,2913.3,2924.15,27377
2024.02.23,09:00,2924.15,2939.46,2916.92,2939.01,15446
2024.02.23,10:00,2939.02,2946.24,2932.4,2941.66,12655
2024.02.23,11:00,2941.66,2948.65,2936.66,2943.63,12423
2024.02.23,12:00,2943.63,2944.35,2924.32,2928.61,13279
2024.02.23,13:00,2928.62,2943.9,2927.27,2942.69,12933
2024.02.23,14:00,2942.7,2962.77,2926.9,2949.11,39663
2024.02.23,15:00,2949.11,2950.0,2913.26,2916.07,36523
2024.02.23,16:00,2916.06,2938.79,2906.05,2934.35,38045
2024.02.23,17:00,2934.35,2947.42,2930.65,2945.72,13920
2024.02.23,18:00,2945.72,2949.8,2933.43,2945.33,11652
2024.02.23,19:00,2945.33,2951.7,2938.87,2945.99,9721
2024.02.23,20:00,2946.0,2953.98,2938.41,2951.4,9217
2024.02.23,21:00,2951.41,2953.69,2941.03,2943.2,6835
2024.02.23,22:00,2943.21,2947.61,2920.08,2922.91,22865
2024.02.23,23:00,2922.91,2930.38,2906.87,2922.24,11999
2024.02.24,00:00,2922.25,2937.31,2917.17,2933.71,8507
2024.02.24,01:00,2933.72,2933.99,2906.4,2909.79,10359
2024.02.24,02:00,2909.8,2924.44,2909.27,2924.0,6958
2024.02.24,03:00,2924.0,2934.5,2918.51,2930.19,7693
2024.02.24,04:00,2930.2,2954.97,2929.5,2946.99,34040
2024.02.24,05:00,2947.0,2952.89,2943.2,2948.77,12035
2024.02.24,06:00,2948.77,2952.09,2945.2,2948.18,5452
2024.02.24,07:00,2948.19,2965.55,2945.48,2964.07,15406
2024.02.24,08:00,2964.07,2965.38,2948.21,2950.76,8617
2024.02.24,09:00,2950.75,2962.56,2950.03,2959.28,6898
2024.02.24,10:00,2959.29,2966.53,2955.6,2959.08,6679
2024.02.24,11:00,2959.08,2964.34,2951.91,2961.53,6966
2024.02.24,12:00,2961.53,2962.49,2953.95,2957.31,5986
2024.02.24,13:00,2957.3,2967.69,2954.57,2966.68,6867
2024.02.24,14:00,2966.68,2968.9,2953.43,2960.53,9479
2024.02.24,15:00,2960.54,2961.8,2954.49,2955.47,4838
2024.02.24,16:00,2955.47,2965.46,2955.47,2963.15,5595
2024.02.24,17:00,2963.14,3007.48,2962.73,2993.81,32400
2024.02.24,18:00,2993.81,3004.2,2978.41,2981.85,14600
2024.02.24,19:00,2981.85,2991.29,2979.02,2987.1,7027
2024.02.24,20:00,2987.1,2990.14,2979.04,2988.34,9415
2024.02.24,21:00,2988.34,2992.35,2980.42,2985.45,6416
2024.02.24,22:00,2985.45,2995.9,2985.23,2988.37,4487
2024.02.24,23:00,2988.37,2992.74,2983.9,2992.62,7122
2024.02.25,00:00,2992.62,2996.61,2983.61,2994.71,8093
2024.02.25,01:00,2994.71,3017.81,2987.69,3017.08,15333
2024.02.25,02:00,3017.08,3049.0,3012.73,3031.0,36626
2024.02.25,03:00,3031.01,3031.01,3010.4,3025.17,15162
2024.02.25,04:00,3025.18,3025.98,3012.68,3022.72,8904
2024.02.25,05:00,3022.73,3036.88,3018.19,3033.36,18020
2024.02.25,06:00,3033.36,3048.0,3028.88,3035.2,25196
2024.02.25,07:00,3035.21,3038.21,3028.01,3029.99,9070
2024.02.25,08:00,3030.0,3040.0,3014.87,3018.59,15021
2024.02.25,09:00,3018.59,3023.44,3010.49,3020.28,11785
2024.02.25,10:00,3020.29,3031.01,3020.06,3025.59,17606
2024.02.25,11:00,3025.59,3040.93,3023.44,3040.36,10914
2024.02.25,12:00,3040.36,3045.49,3025.84,3043.49,12614
2024.02.25,13:00,3043.5,3049.69,3030.0,3038.0,12166
2024.02.25,14:00,3037.99,3074.03,3036.0,3067.6,31033
2024.02.25,15:00,3067.6,3070.78,3036.23,3043.62,20417
2024.02.25,16:00,3043.61,3053.0,3027.88,3040.23,18132
2024.02.25,17:00,3040.23,3067.0,3040.23,3062.51,12674
2024.02.25,18:00,3062.51,3066.86,3051.16,3065.55,10164
2024.02.25,19:00,3065.55,3088.0,3061.12,3081.6,20635
2024.02.25,20:00,3081.6,3122.0,3081.42,3098.6,41883
2024.02.25,21:00,3098.61,3112.16,3087.0,3109.42,16029
2024.02.25,22:00,3109.43,3113.62,3098.0,3102.4,11731
2024.02.25,23:00,3102.4,3115.2,3099.0,3112.59,13088
2024.02.26,00:00,3112.6,3135.65,3102.51,3115.63,21970
2024.02.26,01:00,3115.64,3122.68,3103.58,3107.41,13029
2024.02.26,02:00,3107.42,3110.23,3090.54,3093.77,15244
2024.02.26,03:00,3093.77,3108.45,3085.81,3107.8,15418
2024.02.26,04:00,3107.81,3108.49,3096.8,3103.39,10952
2024.02.26,05:00,3103.39,3110.71,3096.26,3106.59,9788
2024.02.26,06:00,3106.59,3115.4,3099.34,3113.29,16151
2024.02.26,07:00,3113.29,3113.7,3086.1,3087.19,11785
2024.02.26,08:00,3087.19,3102.84,3086.59,3092.66,10283
2024.02.26,09:00,3092.66,3094.7,3036.59,3040.7,66122
2024.02.26,10:00,3040.71,3073.55,3040.16,3056.26,26670
2024.02.26,11:00,3056.26,3065.0,3045.79,3057.42,16398
2024.02.26,12:00,3057.41,3065.0,3038.0,3063.47,16350
2024.02.26,13:00,3063.47,3077.56,3057.6,3061.09,18680
2024.02.26,14:00,3061.08,3105.84,3060.0,3103.52,24866
2024.02.26,15:00,3103.52,3145.95,3098.95,3145.6,50266
2024.02.26,16:00,3145.59,3166.62,3134.85,3153.57,56055
2024.02.26,17:00,3153.56,3162.66,3120.0,3149.26,21936
2024.02.26,18:00,3149.25,3153.94,3130.0,3136.05,20764
2024.02.26,19:00,3136.05,3182.98,3127.57,3179.12,39259
2024.02.26,20:00,3179.11,3196.0,3166.12,3182.02,30871
2024.02.26,21:00,3182.02,3190.62,3175.0,3184.97,11410
2024.02.26,22:00,3184.97,3190.35,3165.51,3184.98,13289
2024.02.26,23:00,3184.99,3184.99,3169.1,3175.94,9157
2024.02.27,00:00,3175.95,3179.01,3160.02,3167.61,17093
2024.02.27,01:00,3167.61,3230.0,3165.8,3221.62,44945
2024.02.27,02:00,3221.61,3270.0,3212.43,3239.94,73313
2024.02.27,03:00,3239.95,3252.33,3205.27,3216.56,34791
2024.02.27,04:00,3216.55,3229.08,3202.37,3211.63,30488
2024.02.27,05:00,3211.62,3221.6,3207.47,3221.49,17449
2024.02.27,06:00,3221.5,3239.01,3220.9,3231.0,24664
2024.02.27,07:00,3231.0,3233.08,3210.88,3217.5,37209
2024.02.27,08:00,3217.51,3232.4,3216.61,3219.98,18691
2024.02.27,09:00,3219.98,3258.92,3219.98,3258.44,22451
2024.02.27,10:00,3258.43,3269.0,3247.07,3260.2,21743
2024.02.27,11:00,3260.2,3264.66,3247.0,3254.89,18944
2024.02.27,12:00,3254.9,3288.14,3248.71,3257.09,32806
2024.02.27,13:00,3257.09,3280.55,3240.14,3267.47,35612
2024.02.27,14:00,3267.46,3276.66,3237.58,3253.76,30379
2024.02.27,15:00,3253.75,3262.71,3219.9,3229.78,29966
2024.02.27,16:00,3229.77,3252.79,3203.72,3237.38,37046
2024.02.27,17:00,3237.38,3245.9,3210.54,3225.55,21595
2024.02.27,18:00,3225.54,3241.6,3220.78,3235.61,11212
2024.02.27,19:00,3235.6,3260.38,3232.14,3250.72,17780
2024.02.27,20:00,3250.72,3255.82,3233.82,3252.55,17126
2024.02.27,21:00,3252.55,3254.36,3241.81,3248.0,10946
2024.02.27,22:00,3247.99,3268.34,3243.68,3247.65,10864
2024.02.27,23:00,3247.65,3249.95,3236.85,3242.36,8813
2024.02.28,00:00,3242.35,3254.76,3236.0,3254.63,9296
2024.02.28,01:00,3254.62,3258.39,3232.8,3234.99,8033
2024.02.28,02:00,3235.0,3249.34,3230.12,3243.91,7333
2024.02.28,03:00,3243.91,3250.2,3232.15,3248.82,8287
2024.02.28,04:00,3248.83,3269.99,3244.16,3267.33,11901
2024.02.28,05:00,3267.33,3268.73,3250.09,3251.85,24146
2024.02.28,06:00,3251.85,3262.34,3250.6,3258.93,20946
2024.02.28,07:00,3258.94,3306.01,3258.74,3302.99,30360
2024.02.28,08:00,3303.0,3334.17,3282.8,3330.83,48786
2024.02.28,09:00,3330.83,3364.0,3302.82,3359.57,49147
2024.02.28,10:00,3359.58,3369.8,3335.16,3344.73,26989
2024.02.28,11:00,3344.74,3350.95,3277.54,3296.13,41897
2024.02.28,12:00,3296.13,3317.81,3287.07,3313.22,32086
2024.02.28,13:00,3313.22,3358.82,3311.62,3354.71,49724
2024.02.28,14:00,3354.72,3366.26,3318.56,3355.39,46484
2024.02.28,15:00,3355.4,3376.38,3334.41,3348.39,39549
2024.02.28,16:00,3348.38,3427.87,3347.5,3423.38,61153
2024.02.28,17:00,3423.38,3488.0,3176.16,3342.02,199418
2024.02.28,18:00,3342.02,3360.0,3204.57,3318.34,97256
2024.02.28,19:00,3318.34,3331.88,3277.0,3299.12,36963
2024.02.28,20:00,3299.13,3302.42,3253.46,3299.13,33596
2024.02.28,21:00,3299.13,3328.31,3273.65,3322.79,24704
2024.02.28,22:00,3322.79,3345.0,3319.37,3340.33,15315
2024.02.28,23:00,3340.33,3384.54,3339.2,3383.1,24158
2024.02.29,00:00,3383.11,3467.77,3374.18,3449.38,63139
2024.02.29,01:00,3449.39,3451.15,3408.65,3416.65,27642
2024.02.29,02:00,3416.65,3428.05,3389.96,3402.64,23624
2024.02.29,03:00,3402.64,3417.17,3391.64,3407.15,20155
2024.02.29,04:00,3407.15,3454.79,3397.95,3445.69,29438
2024.02.29,05:00,3445.7,3474.81,3430.29,3469.29,23509
2024.02.29,06:00,3469.29,3494.63,3464.72,3479.78,30787
2024.02.29,07:00,3479.78,3480.08,3448.22,3467.99,29176
2024.02.29,08:00,3467.99,3500.25,3455.87,3477.9,47906
2024.02.29,09:00,3477.89,3490.98,3442.52,3463.26,27283
2024.02.29,10:00,3463.26,3478.26,3444.13,3472.01,20991
2024.02.29,11:00,3472.01,3522.81,3464.81,3513.87,44367
2024.02.29,12:00,3513.88,3517.92,3445.42,3464.62,46129
2024.02.29,13:00,3464.61,3491.73,3446.47,3478.58,27353
2024.02.29,14:00,3478.58,3497.24,3450.9,3469.05,33678
2024.02.29,15:00,3469.05,3485.66,3455.96,3468.42,22287
2024.02.29,16:00,3468.42,3470.6,3396.4,3440.87,43224
2024.02.29,17:00,3440.88,3451.73,3351.61,3384.82,46689
2024.02.29,18:00,3384.82,3411.22,3351.0,3369.88,35842
2024.02.29,19:00,3369.88,3405.36,3358.49,3403.26,18711
2024.02.29,20:00,3403.27,3415.44,3393.61,3393.99,18045
2024.02.29,21:00,3393.99,3398.63,3310.0,3347.74,40472
2024.02.29,22:00,3347.73,3358.53,3300.0,3322.61,24605
2024.02.29,23:00,3322.6,3358.97,3319.18,3340.09,14635
2024.03.01,00:00,3340.1,3380.0,3338.54,3378.73,21396
2024.03.01,01:00,3378.73,3388.82,3364.61,3375.2,20170
2024.03.01,02:00,3375.2,3380.83,3352.05,3366.73,13248
2024.03.01,03:00,3366.73,3377.59,3355.18,3367.79,11386
2024.03.01,04:00,3367.78,3382.43,3365.59,3376.87,13837
2024.03.01,05:00,3376.87,3386.65,3368.9,3368.9,11423
2024.03.01,06:00,3368.91,3399.0,3368.52,3387.26,15260
2024.03.01,07:00,3387.26,3396.01,3364.32,3365.41,14902
2024.03.01,08:00,3365.41,3437.08,3353.74,3420.93,51341
2024.03.01,09:00,3420.94,3431.76,3416.75,3429.14,15375
2024.03.01,10:00,3429.13,3429.14,3400.61,3406.04,13245
2024.03.01,11:00,3406.04,3418.32,3398.61,3410.9,11726
2024.03.01,12:00,3410.89,3436.86,3410.26,3423.98,13534
2024.03.01,13:00,3423.98,3449.81,3422.6,3438.51,15137
2024.03.01,14:00,3438.5,3449.41,3382.1,3415.85,34918
2024.03.01,15:00,3415.84,3428.28,3379.6,3390.76,26222
2024.03.01,16:00,3390.76,3402.49,3380.06,3387.19,20676
2024.03.01,17:00,3387.19,3425.45,3387.19,3419.39,17209
2024.03.01,18:00,3419.38,3433.91,3410.19,3431.69,14897
2024.03.01,19:00,3431.69,3435.9,3420.0,3427.73,11098
2024.03.01,20:00,3427.73,3450.0,3421.28,3443.64,14618
2024.03.01,21:00,3443.65,3448.99,3423.61,3426.71,12755
2024.03.01,22:00,3426.71,3438.0,3424.36,3433.21,8366
2024.03.01,23:00,3433.21,3450.0,3428.84,3433.43,10038
2024.03.02,00:00,3433.42,3460.04,3427.3,3457.82,19911
2024.03.02,01:00,3457.81,3458.48,3424.71,3442.47,13311
2024.03.02,02:00,3442.47,3446.47,3428.73,3437.68,10271
2024.03.02,03:00,3437.67,3444.15,3428.44,3442.34,10109
2024.03.02,04:00,3442.33,3445.0,3427.56,3427.57,10073
2024.03.02,05:00,3427.56,3431.0,3390.01,3419.7,33936
2024.03.02,06:00,3419.69,3452.76,3414.71,3435.82,20029
2024.03.02,07:00,3435.83,3439.91,3422.85,3430.25,9921
2024.03.02,08:00,3430.26,3435.68,3405.17,3417.5,12554
2024.03.02,09:00,3417.5,3422.78,3391.83,3403.0,16948
2024.03.02,10:00,3402.99,3415.1,3401.42,3407.31,8851
2024.03.02,11:00,3407.32,3416.48,3403.1,3403.39,8634
2024.03.02,12:00,3403.4,3427.01,3403.14,3420.64,9774
2024.03.02,13:00,3420.64,3424.51,3409.13,3410.15,8593
2024.03.02,14:00,3410.15,3416.5,3394.47,3413.22,14372
2024.03.02,15:00,3413.22,3424.19,3409.2,3418.05,10744
2024.03.02,16:00,3418.04,3425.73,3410.0,3424.6,12189
2024.03.02,17:00,3424.59,3430.84,3414.0,3414.01,9119
2024.03.02,18:00,3414.0,3430.56,3413.37,3430.52,5680
2024.03.02,19:00,3430.51,3431.03,3423.79,3426.19,7455
2024.03.02,20:00,3426.2,3431.31,3404.4,3406.29,13255
2024.03.02,21:00,3406.3,3413.4,3402.56,3408.19,6862
2024.03.02,22:00,3408.19,3409.88,3402.99,3404.0,4882
2024.03.02,23:00,3404.01,3421.48,3404.0,3421.4,6500
2024.03.03,00:00,3421.39,3431.0,3409.1,3427.86,13926
2024.03.03,01:00,3427.86,3434.0,3422.42,3430.76,10359
2024.03.03,02:00,3430.75,3430.97,3410.81,3416.1,8935
2024.03.03,03:00,3416.11,3431.86,3415.16,3431.56,8976
2024.03.03,04:00,3431.57,3446.23,3428.78,3440.6,13711
2024.03.03,05:00,3440.59,3443.69,3420.72,3421.4,9980
2024.03.03,06:00,3421.4,3425.8,3408.83,3412.51,12608
2024.03.03,07:00,3412.5,3415.23,3360.0,3392.76,39751
2024.03.03,08:00,3392.76,3401.77,3375.0,3395.37,18999
2024.03.03,09:00,3395.38,3414.91,3391.94,3407.02,14630
2024.03.03,10:00,3407.01,3409.98,3396.13,3400.46,8391
2024.03.03,11:00,3400.46,3414.0,3395.95,3413.39,9791
2024.03.03,12:00,3413.39,3447.53,3411.4,3419.51,26322
2024.03.03,13:00,3419.51,3429.03,3403.92,3428.75,14753
2024.03.03,14:00,3428.75,3436.41,3415.81,3418.45,10664
2024.03.03,15:00,3418.44,3431.24,3417.8,3422.5,8764
2024.03.03,16:00,3422.5,3483.81,3418.22,3480.52,34142
2024.03.03,17:00,3480.51,3484.44,3454.68,3460.74,18089
2024.03.03,18:00,3460.75,3473.8,3457.0,3469.8,9477
2024.03.03,19:00,3469.8,3474.48,3462.6,3465.2,7918
2024.03.03,20:00,3465.2,3473.55,3458.65,3468.25,6502
2024.03.03,21:00,3468.24,3478.34,3462.14,3476.95,5770
2024.03.03,22:00,3476.94,3491.8,3461.0,3473.82,16358
2024.03.03,23:00,3473.83,3490.6,3465.13,3487.81,12801
2024.03.04,00:00,3487.8,3528.96,3423.78,3485.51,59928
2024.03.04,01:00,3485.52,3493.21,3467.46,3478.21,17830
2024.03.04,02:00,3478.21,3499.0,3461.2,3487.69,16550
2024.03.04,03:00,3487.68,3487.84,3465.52,3471.85,9931
2024.03.04,04:00,3471.84,3487.34,3468.6,3484.2,9915
2024.03.04,05:00,3484.21,3485.72,3456.36,3465.45,26494
2024.03.04,06:00,3465.46,3473.79,3463.0,3473.14,10550
2024.03.04,07:00,3473.14,3487.09,3462.0,3478.61,17971
2024.03.04,08:00,3478.61,3544.14,3478.6,3534.0,58958
2024.03.04,09:00,3534.01,3535.0,3499.8,3523.0,31319
2024.03.04,10:00,3523.01,3523.52,3481.67,3497.3,26267
2024.03.04,11:00,3497.29,3511.93,3491.17,3506.91,14015
2024.03.04,12:00,3506.92,3508.51,3497.19,3506.1,11181
2024.03.04,13:00,3506.09,3519.0,3484.7,3490.12,20352
2024.03.04,14:00,3490.11,3546.0,3459.03,3534.16,56537
2024.03.04,15:00,3534.17,3568.18,3521.78,3560.42,44048
2024.03.04,16:00,3560.42,3575.0,3534.65,3549.8,46523
2024.03.04,17:00,3549.8,3585.34,3528.42,3543.64,58292
2024.03.04,18:00,3543.64,3597.0,3529.8,3596.41,45948
2024.03.04,19:00,3596.41,3610.0,3581.52,3593.01,33923
2024.03.04,20:00,3593.0,3595.99,3573.4,3583.37,23112
2024.03.04,21:00,3583.38,3593.23,3558.3,3580.4,20094
2024.03.04,22:00,3580.41,3609.79,3564.31,3608.48,21438
2024.03.04,23:00,3608.49,3640.94,3606.53,3627.76,34172
2024.03.05,00:00,3627.75,3635.81,3607.24,3618.94,30449
2024.03.05,01:00,3618.94,3655.27,3614.71,3642.72,30049
2024.03.05,02:00,3642.72,3643.38,3607.28,3623.1,23062
2024.03.05,03:00,3623.09,3697.2,3612.62,3689.81,32050
2024.03.05,04:00,3689.81,3740.0,3672.06,3695.65,71354
2024.03.05,05:00,3695.65,3734.21,3641.5,3715.8,87710
2024.03.05,06:00,3715.8,3727.25,3698.4,3712.25,25350
2024.03.05,07:00,3712.26,3722.06,3670.81,3672.98,30238
2024.03.05,08:00,3672.99,3700.0,3651.87,3692.61,33317
2024.03.05,09:00,3692.6,3701.65,3674.0,3688.67,18698
2024.03.05,10:00,3688.68,3725.03,3688.16,3710.5,20333
2024.03.05,11:00,3710.5,3742.0,3710.0,3731.45,24208
2024.03.05,12:00,3731.46,3769.0,3730.8,3759.01,45733
2024.03.05,13:00,3759.0,3782.03,3751.57,3779.41,37179
2024.03.05,14:00,3779.4,3806.3,3745.95,3803.95,57543
2024.03.05,15:00,3803.95,3822.04,3753.46,3783.01,91846
2024.03.05,16:00,3783.0,3796.07,3664.0,3688.07,115174
2024.03.05,17:00,3688.06,3688.64,3556.46,3686.51,99730
2024.03.05,18:00,3686.51,3686.52,3590.85,3611.88,47136
2024.03.05,19:00,3611.88,3626.52,3200.0,3376.46,159403
2024.03.05,20:00,3376.46,3464.88,3324.68,3387.8,142627
2024.03.05,21:00,3387.81,3529.61,3385.21,3520.05,91867
2024.03.05,22:00,3520.05,3527.44,3434.97,3506.51,43540
2024.03.05,23:00,3506.51,3580.6,3494.6,3553.65,34298
2024.03.06,00:00,3553.66,3591.23,3545.4,3562.6,34749
2024.03.06,01:00,3562.6,3583.65,3515.0,3519.02,30506
2024.03.06,02:00,3519.01,3548.93,3499.4,3502.79,27129
2024.03.06,03:00,3502.8,3551.6,3500.01,3538.01,23435
2024.03.06,04:00,3538.01,3653.38,3536.2,3649.28,43237
2024.03.06,05:00,3649.28,3770.63,3647.0,3769.44,95810
2024.03.06,06:00,3769.44,3789.0,3747.67,3748.48,55196
2024.03.06,07:00,3748.49,3789.77,3740.83,3786.6,36493
2024.03.06,08:00,3786.61,3868.07,3778.6,3825.38,77653
2024.03.06,09:00,3825.38,3867.27,3788.04,3792.23,41179
2024.03.06,10:00,3792.23,3842.6,3791.8,3839.8,35942
2024.03.06,11:00,3839.8,3899.47,3835.49,3879.74,46277
2024.03.06,12:00,3879.74,3900.0,3755.0,3817.41,68729
2024.03.06,13:00,3817.42,3845.58,3771.88,3830.77,48306
2024.03.06,14:00,3830.78,3863.18,3768.93,3781.95,66592
2024.03.06,15:00,3781.96,3808.7,3724.0,3790.94,50412
2024.03.06,16:00,3790.95,3822.92,3764.25,3816.01,34889
2024.03.06,17:00,3816.01,3850.62,3789.72,3847.05,26886
2024.03.06,18:00,3847.06,3862.5,3828.39,3862.12,26092
2024.03.06,19:00,3862.11,3880.0,3836.34,3852.59,19136
2024.03.06,20:00,3852.59,3892.58,3844.61,3858.05,23243
2024.03.06,21:00,3858.05,3861.97,3832.83,3845.55,17121
2024.03.06,22:00,3845.54,3845.88,3805.03,3813.42,14629
2024.03.06,23:00,3813.43,3832.53,3792.7,3818.59,25843
2024.03.07,00:00,3818.58,3852.69,3795.6,3838.0,32851
2024.03.07,01:00,3838.0,3838.01,3774.82,3830.99,29160
2024.03.07,02:00,3830.99,3831.4,3777.25,3784.76,20616
2024.03.07,03:00,3784.76,3805.4,3764.21,3775.18,18994
2024.03.07,04:00,3775.18,3799.98,3761.2,3780.07,15031
2024.03.07,05:00,3780.08,3803.36,3742.51,3753.97,21124
2024.03.07,06:00,3753.98,3780.95,3735.0,3771.67,18223
2024.03.07,07:00,3771.67,3800.99,3756.0,3789.22,17473
2024.03.07,08:00,3789.23,3814.85,3784.25,3791.54,18098
2024.03.07,09:00,3791.53,3800.84,3774.08,3784.21,17427
2024.03.07,10:00,3784.21,3801.7,3773.09,3794.21,14180
2024.03.07,11:00,3794.21,3814.92,3770.36,3787.58,23642
2024.03.07,12:00,3787.58,3804.5,3773.4,3781.6,15571
2024.03.07,13:00,3781.6,3810.77,3765.12,3806.07,17184
2024.03.07,14:00,3806.06,3853.8,3780.52,3806.85,46102
2024.03.07,15:00,3806.85,3855.23,3796.51,3837.16,33913
2024.03.07,16:00,3837.17,3848.14,3812.44,3830.63,20991
2024.03.07,17:00,3830.62,3872.6,3825.63,3858.6,24554
2024.03.07,18:00,3858.61,3881.61,3843.89,3879.08,17341
2024.03.07,19:00,3879.08,3883.77,3852.43,3870.19,15442
2024.03.07,20:00,3870.19,3933.16,3863.0,3928.87,38426
2024.03.07,21:00,3928.87,3933.81,3854.01,3869.15,30096
2024.03.07,22:00,3869.15,3888.53,3840.0,3857.01,18618
2024.03.07,23:00,3857.01,3870.29,3851.86,3868.76,15713
2024.03.08,00:00,3868.76,3908.28,3863.56,3905.06,20765
2024.03.08,01:00,3905.06,3940.6,3902.46,3904.83,29575
2024.03.08,02:00,3904.83,3916.56,3891.26,3903.0,14768
2024.03.08,03:00,3903.0,3912.38,3891.45,3900.85,12617
2024.03.08,04:00,3900.85,3910.22,3885.8,3899.14,10913
2024.03.08,05:00,3899.14,3904.25,3880.0,3888.06,10927
2024.03.08,06:00,3888.07,3932.0,3883.59,3930.57,14561
2024.03.08,07:00,3930.57,3946.57,3906.39,3908.16,28342
2024.03.08,08:00,3908.16,3952.91,3908.15,3940.03,24858
2024.03.08,09:00,3940.03,3950.73,3927.4,3930.43,22987
2024.03.08,10:00,3930.43,3954.98,3922.57,3946.56,16830
2024.03.08,11:00,3946.55,3952.0,3933.63,3950.46,14767
2024.03.08,12:00,3950.46,3953.0,3933.43,3944.99,15004
2024.03.08,13:00,3944.99,3981.75,3941.18,3971.07,32131
2024.03.08,14:00,3971.08,3986.2,3945.4,3973.42,32646
2024.03.08,15:00,3973.42,3993.75,3886.0,3900.75,92459
2024.03.08,16:00,3900.76,3911.6,3820.0,3905.1,92993
2024.03.08,17:00,3905.09,3978.49,3898.23,3942.38,37977
2024.03.08,18:00,3942.38,3950.74,3916.79,3928.21,18317
2024.03.08,19:00,3928.2,3930.8,3885.12,3928.82,24716
2024.03.08,20:00,3928.82,3950.25,3921.8,3939.44,22349
2024.03.08,21:00,3939.44,3950.85,3890.0,3903.34,23770
2024.03.08,22:00,3903.35,3912.37,3871.28,3876.88,20668
2024.03.08,23:00,3876.87,3901.02,3873.66,3883.36,11449
2024.03.09,00:00,3883.37,3905.83,3877.5,3904.14,12146
2024.03.09,01:00,3904.13,3909.0,3889.4,3901.99,9516
2024.03.09,02:00,3902.0,3925.66,3899.32,3918.15,12324
2024.03.09,03:00,3918.14,3929.0,3911.33,3923.21,8994
2024.03.09,04:00,3923.22,3931.39,3918.28,3925.55,7488
2024.03.09,05:00,3925.55,3927.79,3912.05,3918.41,8287
2024.03.09,06:00,3918.4,3940.0,3917.51,3937.97,11177
2024.03.09,07:00,3937.98,3942.0,3925.4,3925.47,9377
2024.03.09,08:00,3925.46,3936.0,3922.68,3922.89,9050
2024.03.09,09:00,3922.88,3930.6,3906.86,3919.79,11822
2024.03.09,10:00,3919.79,3920.0,3887.99,3906.86,17710
2024.03.09,11:00,3906.85,3917.81,3904.44,3912.49,9265
2024.03.09,12:00,3912.5,3919.73,3901.62,3917.91,10457
2024.03.09,13:00,3917.9,3927.05,3910.37,3916.42,11783
2024.03.09,14:00,3916.42,3924.64,3907.31,3909.06,10481
2024.03.09,15:00,3909.07,3921.57,3905.82,3916.66,7485
2024.03.09,16:00,3916.66,3920.22,3874.08,3884.44,23365
2024.03.09,17:00,3884.45,3894.11,3870.01,3883.07,15212
2024.03.09,18:00,3883.07,3893.4,3878.41,3889.37,10265
2024.03.09,19:00,3889.36,3891.76,3878.02,3881.18,8609
2024.03.09,20:00,3881.18,3900.75,3881.17,3900.68,6824
2024.03.09,21:00,3900.67,3907.64,3892.1,3904.2,6027
2024.03.09,22:00,3904.19,3912.0,3896.32,3901.08,6912
2024.03.09,23:00,3901.07,3912.68,3898.0,3905.21,10249
2024.03.10,00:00,3905.2,3917.19,3899.51,3908.65,12456
2024.03.10,01:00,3908.66,3940.1,3907.68,3929.47,21797
2024.03.10,02:00,3929.48,3938.64,3921.0,3921.68,8196
2024.03.10,03:00,3921.68,3937.87,3910.96,3935.0,9466
2024.03.10,04:00,3935.01,3950.0,3931.89,3940.65,16796
2024.03.10,05:00,3940.65,3948.65,3934.0,3938.84,7668
2024.03.10,06:00,3938.83,3947.81,3929.79,3942.99,6300
2024.03.10,07:00,3943.0,3949.46,3937.99,3944.82,7939
2024.03.10,08:00,3944.81,3964.67,3940.0,3959.16,10587
2024.03.10,09:00,3959.15,3959.2,3920.02,3945.57,24532
2024.03.10,10:00,3945.56,3955.88,3932.02,3938.27,14283
2024.03.10,11:00,3938.26,3943.68,3926.47,3932.72,11054
2024.03.10,12:00,3932.72,3947.18,3911.98,3927.46,16530
2024.03.10,13:00,3927.46,3931.4,3886.32,3898.59,19695
2024.03.10,14:00,3898.59,3911.57,3860.65,3896.83,30676
2024.03.10,15:00,3896.84,3903.23,3874.35,3883.69,18573
2024.03.10,16:00,3883.7,3927.05,3882.06,3904.55,21063
2024.03.10,17:00,3904.55,3916.24,3900.0,3912.04,9443
2024.03.10,18:00,3912.03,3918.0,3893.12,3893.31,10110
2024.03.10,19:00,3893.31,3902.13,3888.85,3898.0,7832
2024.03.10,20:00,3898.01,3903.89,3892.21,3900.37,5745
2024.03.10,21:00,3900.36,3903.4,3875.0,3880.55,7156
2024.03.10,22:00,3880.54,3882.17,3791.26,3823.7,39770
2024.03.10,23:00,3823.71,3884.05,3819.48,3878.47,18986
2024.03.11,00:00,3878.47,3888.38,3722.95,3827.6,38301
2024.03.11,01:00,3827.59,3840.5,3778.21,3818.44,31625
2024.03.11,02:00,3818.43,3843.6,3814.41,3835.21,19608
2024.03.11,03:00,3835.21,3867.6,3833.8,3866.93,15126
2024.03.11,04:00,3866.92,3878.17,3852.18,3856.67,11920
2024.03.11,05:00,3856.67,3879.17,3842.38,3847.98,13776
2024.03.11,06:00,3847.98,3884.91,3834.22,3884.91,14197
2024.03.11,07:00,3884.91,4011.79,3881.01,4001.4,118847
2024.03.11,08:00,4001.4,4019.64,3986.86,4015.79,43809
2024.03.11,09:00,4015.79,4047.81,3990.0,4037.01,36217
2024.03.11,10:00,4037.01,4038.48,4022.13,4026.36,41510
2024.03.11,11:00,4026.36,4054.6,4020.02,4034.25,45250
2024.03.11,12:00,4034.25,4065.8,4028.0,4054.99,33872
2024.03.11,13:00,4054.89,4062.37,4017.0,4022.66,39312
2024.03.11,14:00,4022.66,4049.0,4022.55,4034.26,19508
2024.03.11,15:00,4034.26,4053.12,4017.57,4018.0,36101
2024.03.11,16:00,4018.01,4046.0,3998.92,4040.2,39058
2024.03.11,17:00,4040.2,4050.52,4030.05,4038.66,20106
2024.03.11,18:00,4038.66,4086.23,4034.08,4058.43,28047
2024.03.11,19:00,4058.44,4062.59,4029.77,4031.71,20700
2024.03.11,20:00,4031.7,4038.0,4027.92,4031.71,8798
2024.03.11,21:00,4031.71,4058.6,4029.61,4054.65,12600
2024.03.11,22:00,4054.66,4069.4,4045.01,4067.79,15864
2024.03.11,23:00,4067.79,4082.0,4062.6,4064.8,17393
2024.03.12,00:00,4064.8,4093.92,4054.25,4057.72,35478
2024.03.12,01:00,4057.72,4069.44,4049.12,4061.84,13800
2024.03.12,02:00,4061.85,4061.85,4048.6,4052.21,8204
2024.03.12,03:00,4052.21,4059.63,4021.19,4028.69,24872
2024.03.12,04:00,4028.69,4052.4,4022.74,4036.7,15955
2024.03.12,05:00,4036.7,4043.18,4033.11,4040.01,9000
2024.03.12,06:00,4040.01,4040.01,4000.02,4030.38,23229
2024.03.12,07:00,4030.38,4032.61,4015.64,4027.13,13833
2024.03.12,08:00,4027.13,4034.0,3965.0,3985.4,32957
2024.03.12,09:00,3985.39,4012.03,3984.0,4009.09,14341
2024.03.12,10:00,4009.09,4011.3,3992.7,4007.52,10912
2024.03.12,11:00,4007.53,4065.0,4005.43,4020.83,25631
2024.03.12,12:00,4020.84,4049.81,3977.16,4022.14,40688
2024.03.12,13:00,4022.14,4037.52,3999.0,4024.59,23341
2024.03.12,14:00,4024.6,4053.8,3978.94,3979.81,52364
2024.03.12,15:00,3979.81,4005.85,3950.0,3988.46,30582
2024.03.12,16:00,3988.46,3991.62,3900.0,3921.81,48241
2024.03.12,17:00,3921.81,3950.64,3828.98,3950.56,76502
2024.03.12,18:00,3950.56,3973.46,3932.22,3970.36,34755
2024.03.12,19:00,3970.37,3991.0,3956.46,3980.23,39521
2024.03.12,20:00,3980.23,3980.56,3927.18,3949.11,16231
2024.03.12,21:00,3949.12,3952.94,3930.0,3940.86,9671
2024.03.12,22:00,3940.87,3957.8,3933.81,3949.79,15801
2024.03.12,23:00,3949.79,3980.54,3939.95,3979.96,16868
2024.03.13,00:00,3979.97,3999.77,3973.53,3977.43,14178
2024.03.13,01:00,3977.43,4029.69,3975.4,4021.4,23571
2024.03.13,02:00,4021.4,4037.0,4012.84,4032.61,14597
2024.03.13,03:00,4032.61,4045.86,4025.1,4043.78,12627
2024.03.13,04:00,4043.78,4045.0,4029.1,4043.0,13260
2024.03.13,05:00,4043.0,4043.15,4029.6,4037.04,9106
2024.03.13,06:00,4037.04,4054.73,4033.7,4048.27,18363
2024.03.13,07:00,4048.26,4078.38,4033.6,4038.36,29387
2024.03.13,08:00,4038.36,4083.0,4038.09,4063.75,28861
2024.03.13,09:00,4063.76,4066.67,4044.0,4049.77,15659
2024.03.13,10:00,4049.78,4057.34,4042.98,4055.89,15381
2024.03.13,11:00,4055.88,4060.21,4045.4,4048.9,11597
2024.03.13,12:00,4048.91,4053.0,4002.56,4006.37,28548
2024.03.13,13:00,4006.38,4022.6,3932.23,3976.32,47849
2024.03.13,14:00,3976.27,4000.0,3951.39,3965.81,38323
2024.03.13,15:00,3965.8,3999.94,3948.0,3962.8,33427
2024.03.13,16:00,3962.8,3989.4,3952.23,3983.01,24995
2024.03.13,17:00,3983.02,3995.26,3959.69,3981.01,18351
2024.03.13,18:00,3981.01,4011.06,3973.51,4003.85,15059
2024.03.13,19:00,4003.85,4010.18,3980.0,4000.44,12171
2024.03.13,20:00,4000.44,4021.0,3974.62,3988.99,22907
2024.03.13,21:00,3988.98,4004.6,3978.43,4004.31,9647
2024.03.13,22:00,4004.3,4005.37,3980.33,3983.11,11605
2024.03.13,23:00,3983.1,4011.61,3983.1,4004.79,12825
2024.03.14,00:00,4004.79,4010.98,3975.0,3975.08,13536
2024.03.14,01:00,3975.09,3987.5,3955.0,3983.89,18420
2024.03.14,02:00,3983.89,4001.76,3980.8,3984.54,12235
2024.03.14,03:00,3984.53,4000.8,3984.53,3993.77,14890
2024.03.14,04:00,3993.77,4005.69,3940.64,3956.63,20774
2024.03.14,05:00,3956.63,3972.83,3941.26,3969.16,14529
2024.03.14,06:00,3969.16,3993.21,3967.4,3980.75,15214
2024.03.14,07:00,3980.75,3989.94,3959.0,3963.46,13997
2024.03.14,08:00,3963.45,3983.41,3962.6,3978.61,12724
2024.03.14,09:00,3978.6,3997.7,3971.89,3988.2,15645
2024.03.14,10:00,3988.19,3990.0,3962.4,3968.34,13919
2024.03.14,11:00,3968.34,3969.85,3943.12,3955.04,17499
2024.03.14,12:00,3955.04,3967.4,3911.0,3943.41,24231
2024.03.14,13:00,3943.4,3952.28,3850.0,3878.69,56312
2024.03.14,14:00,3878.68,3930.78,3864.8,3887.2,49884
2024.03.14,15:00,3887.21,3904.0,3820.2,3845.81,49956
2024.03.14,16:00,3845.81,3896.02,3825.07,3892.1,49424
2024.03.14,17:00,3892.11,3895.66,3853.45,3874.81,19929
2024.03.14,18:00,3874.8,3874.81,3760.29,3812.31,46685
2024.03.14,19:00,3812.31,3828.0,3723.0,3785.89,68618
2024.03.14,20:00,3785.89,3865.0,3780.79,3844.2,38464
2024.03.14,21:00,3844.2,3870.77,3820.86,3865.75,34323
2024.03.14,22:00,3865.75,3890.76,3864.75,3877.61,16244
2024.03.14,23:00,3877.61,3892.0,3872.76,3881.7,10774
2024.03.15,00:00,3881.69,3934.02,3870.0,3904.04,24077
2024.03.15,01:00,3904.03,3909.79,3876.23,3878.83,15920
2024.03.15,02:00,3878.84,3884.6,3700.0,3747.42,75071
2024.03.15,03:00,3747.41,3770.37,3623.0,3722.2,93857
2024.03.15,04:00,3722.2,3735.0,3656.49,3672.64,76809
2024.03.15,05:00,3672.64,3727.66,3661.86,3674.21,40431
2024.03.15,06:00,3674.21,3752.22,3673.8,3749.83,33603
2024.03.15,07:00,3749.82,3779.92,3731.0,3754.12,24134
2024.03.15,08:00,3754.12,3761.65,3658.2,3661.73,49540
2024.03.15,09:00,3661.72,3698.4,3570.0,3682.91,97515
2024.03.15,10:00,3682.91,3695.73,3648.61,3659.05,37727
2024.03.15,11:00,3659.04,3698.0,3621.86,3689.33,46479
2024.03.15,12:00,3689.33,3708.19,3671.17,3697.33,28148
2024.03.15,13:00,3697.32,3742.0,3670.77,3723.4,36065
2024.03.15,14:00,3723.41,3731.41,3687.22,3720.8,28086
2024.03.15,15:00,3720.8,3725.8,3684.84,3688.9,24260
2024.03.15,16:00,3688.89,3716.1,3659.01,3683.89,29195
2024.03.15,17:00,3683.93,3698.42,3663.4,3694.75,18336
2024.03.15,18:00,3694.74,3789.16,3691.79,3787.57,31119
2024.03.15,19:00,3787.58,3806.62,3675.09,3689.54,49532
2024.03.15,20:00,3689.53,3690.0,3606.65,3629.65,43256
2024.03.15,21:00,3629.66,3671.35,3626.8,3669.65,14807
2024.03.15,22:00,3669.65,3734.44,3666.51,3729.8,14873
2024.03.15,23:00,3729.79,3749.93,3711.82,3742.19,14685
2024.03.16,00:00,3742.19,3774.89,3736.15,3759.73,26113
2024.03.16,01:00,3759.74,3781.12,3737.33,3743.2,24856
2024.03.16,02:00,3743.2,3745.0,3725.87,3731.41,12209
2024.03.16,03:00,3731.41,3749.31,3722.41,3735.52,10183
2024.03.16,04:00,3735.52,3743.6,3714.15,3725.41,10510
2024.03.16,05:00,3725.41,3728.2,3690.18,3714.0,14128
2024.03.16,06:00,3714.01,3728.97,3705.25,3725.34,11051
2024.03.16,07:00,3725.33,3741.35,3719.2,3740.19,14528
2024.03.16,08:00,3740.2,3741.1,3713.34,3718.24,14611
2024.03.16,09:00,3718.25,3731.8,3712.28,3719.47,9960
2024.03.16,10:00,3719.47,3722.74,3698.11,3701.97,14352
2024.03.16,11:00,3701.97,3708.2,3661.83,3692.29,23088
2024.03.16,12:00,3692.29,3711.37,3664.15,3665.39,22867
2024.03.16,13:00,3665.39,3684.6,3646.03,3646.41,27831
2024.03.16,14:00,3646.41,3666.55,3637.73,3665.01,23933
2024.03.16,15:00,3665.01,3684.01,3647.66,3679.55,18309
2024.03.16,16:00,3679.54,3679.88,3656.86,3664.56,12788
2024.03.16,17:00,3664.55,3672.01,3626.39,3632.38,28228
2024.03.16,18:00,3632.39,3638.14,3570.0,3595.61,54524
2024.03.16,19:00,3595.6,3638.01,3592.0,3600.6,27229
2024.03.16,20:00,3600.6,3633.8,3578.25,3619.4,22105
2024.03.16,21:00,3619.4,3628.78,3541.18,3556.39,37084
2024.03.16,22:00,3556.39,3581.7,3523.68,3557.99,28960
2024.03.16,23:00,3557.99,3557.99,3468.8,3523.09,58830
2024.03.17,00:00,3523.09,3568.03,3504.95,3508.84,34525
2024.03.17,01:00,3508.84,3559.68,3508.83,3558.59,27197
2024.03.17,02:00,3558.59,3582.4,3552.76,3571.6,17743
2024.03.17,03:00,3571.6,3574.18,3555.35,3571.5,10918
2024.03.17,04:00,3571.49,3572.51,3550.53,3558.94,7760
2024.03.17,05:00,3558.95,3569.23,3536.0,3545.78,11363
2024.03.17,06:00,3545.78,3550.27,3441.87,3444.07,37932
2024.03.17,07:00,3444.07,3481.7,3412.0,3472.72,57064
2024.03.17,08:00,3472.72,3575.0,3460.01,3556.61,42767
2024.03.17,09:00,3556.6,3574.69,3545.0,3555.6,20229
2024.03.17,10:00,3555.6,3605.57,3555.6,3596.4,28080
2024.03.17,11:00,3596.39,3606.41,3573.91,3578.99,16406
2024.03.17,12:00,3578.99,3601.8,3528.36,3540.31,25224
2024.03.17,13:00,3540.31,3584.06,3539.98,3574.97,21224
2024.03.17,14:00,3574.96,3601.34,3560.05,3599.05,18788
2024.03.17,15:00,3599.04,3647.15,3580.52,3628.42,29932
2024.03.17,16:00,3628.42,3636.55,3602.43,3611.36,25020
2024.03.17,17:00,3611.36,3649.0,3603.97,3644.62,12812
2024.03.17,18:00,3644.63,3653.72,3623.04,3632.93,15239
2024.03.17,19:00,3632.93,3656.45,3627.36,3651.18,9307
2024.03.17,20:00,3651.18,3658.0,3632.0,3634.1,8456
2024.03.17,21:00,3634.11,3643.67,3624.19,3639.88,9115
2024.03.17,22:00,3639.88,3678.68,3639.41,3645.49,19716
2024.03.17,23:00,3645.49,3654.99,3630.12,3644.71,10964
2024.03.18,00:00,3644.7,3645.02,3575.78,3577.8,28262
2024.03.18,01:00,3577.81,3612.34,3557.31,3601.97,22316
2024.03.18,02:00,3601.98,3627.45,3584.22,3598.07,19022
2024.03.18,03:00,3598.08,3617.63,3597.0,3600.39,12407
2024.03.18,04:00,3600.38,3629.98,3576.9,3615.49,19035
2024.03.18,05:00,3615.5,3642.52,3604.26,3634.3,15011
2024.03.18,06:00,3634.29,3640.97,3623.04,3627.17,10969
2024.03.18,07:00,3627.17,3635.74,3612.99,3626.65,20453
2024.03.18,08:00,3626.65,3627.0,3562.2,3597.95,32711
2024.03.18,09:00,3597.95,3601.32,3555.26,3562.95,28764
2024.03.18,10:00,3562.94,3593.0,3548.99,3591.78,24011
2024.03.18,11:00,3591.79,3615.0,3583.79,3597.82,18669
2024.03.18,12:00,3597.83,3613.41,3577.78,3598.19,23835
2024.03.18,13:00,3598.2,3600.0,3526.54,3546.11,38765
2024.03.18,14:00,3546.12,3563.99,3489.56,3513.4,41234
2024.03.18,15:00,3513.4,3529.09,3486.0,3525.18,30876
2024.03.18,16:00,3525.17,3563.86,3493.43,3501.2,27808
2024.03.18,17:00,3501.2,3516.66,3454.09,3508.17,38400
2024.03.18,18:00,3508.18,3516.24,3472.51,3477.3,32741
2024.03.18,19:00,3477.3,3508.4,3465.0,3478.89,30969
2024.03.18,20:00,3478.88,3510.71,3478.88,3508.53,11956
2024.03.18,21:00,3508.54,3548.0,3507.52,3526.59,16846
2024.03.18,22:00,3526.6,3529.0,3502.81,3522.31,14578
2024.03.18,23:00,3522.32,3546.26,3516.12,3520.46,11251
2024.03.19,00:00,3520.47,3548.09,3449.6,3457.19,33464
2024.03.19,01:00,3457.19,3461.99,3380.0,3391.76,77118
2024.03.19,02:00,3391.76,3442.65,3388.08,3407.14,41685
2024.03.19,03:00,3407.14,3437.52,3362.15,3419.17,37430
2024.03.19,04:00,3419.18,3427.8,3366.67,3379.07,31979
2024.03.19,05:00,3379.07,3397.4,3353.0,3382.21,38205
2024.03.19,06:00,3382.2,3393.07,3347.08,3374.99,28250
2024.03.19,07:00,3375.0,3375.0,3306.1,3360.14,47785
2024.03.19,08:00,3360.14,3360.16,3228.0,3241.76,85606
2024.03.19,09:00,3241.38,3295.94,3206.1,3291.9,72590
2024.03.19,10:00,3291.89,3292.05,3210.04,3238.21,52699
2024.03.19,11:00,3238.21,3281.91,3202.84,3276.51,54512
2024.03.19,12:00,3276.51,3316.73,3253.67,3295.93,48665
2024.03.19,13:00,3295.94,3308.79,3265.01,3292.48,35351
2024.03.19,14:00,3292.48,3292.64,3223.5,3258.94,35895
2024.03.19,15:00,3258.93,3325.69,3225.0,3303.16,44557
2024.03.19,16:00,3303.16,3345.0,3289.0,3327.79,43973
2024.03.19,17:00,3327.79,3357.68,3304.07,3314.29,39635
2024.03.19,18:00,3314.29,3333.04,3280.8,3316.38,26299
2024.03.19,19:00,3316.37,3359.8,3305.69,3333.26,19928
2024.03.19,20:00,3333.27,3338.84,3266.13,3279.28,31993
2024.03.19,21:00,3279.27,3298.9,3253.0,3290.88,21412
2024.03.19,22:00,3290.88,3296.43,3188.47,3211.29,48664
2024.03.19,23:00,3211.28,3218.44,3150.88,3158.64,51922
2024.03.20,00:00,3158.65,3238.9,3156.02,3235.11,45083
2024.03.20,01:00,3235.11,3236.42,3160.22,3175.38,45114
2024.03.20,02:00,3175.37,3228.73,3166.08,3224.32,32194
2024.03.20,03:00,3224.33,3266.01,3153.26,3161.02,54292
2024.03.20,04:00,3161.02,3194.24,3099.99,3129.11,74271
2024.03.20,05:00,3129.1,3140.65,3056.56,3109.96,62212
2024.03.20,06:00,3109.95,3148.38,3108.23,3141.18,26653
2024.03.20,07:00,3141.19,3226.0,3140.34,3218.48,78359
2024.03.20,08:00,3218.47,3234.19,3205.1,3207.79,38035
2024.03.20,09:00,3207.78,3246.0,3205.6,3235.18,30285
2024.03.20,10:00,3235.19,3254.26,3216.6,3231.18,29157
2024.03.20,11:00,3231.19,3296.72,3225.0,3293.26,39819
2024.03.20,12:00,3293.26,3357.0,3275.35,3354.75,58154
2024.03.20,13:00,3354.83,3372.4,3324.21,3346.09,43629
2024.03.20,14:00,3346.09,3388.0,3329.51,3385.59,39437
2024.03.20,15:00,3385.59,3397.0,3283.65,3292.55,84846
2024.03.20,16:00,3292.54,3315.51,3140.71,3241.21,106595
2024.03.20,17:00,3241.21,3340.69,3226.53,3299.19,67147
2024.03.20,18:00,3299.19,3405.78,3295.42,3397.6,55117
2024.03.20,19:00,3397.59,3398.28,3354.32,3379.01,35046
2024.03.20,20:00,3379.0,3492.56,3370.91,3460.73,54779
2024.03.20,21:00,3460.74,3518.75,3456.43,3498.53,44515
2024.03.20,22:00,3498.52,3525.0,3491.49,3520.46,33476
2024.03.20,23:00,3520.47,3535.24,3503.6,3516.53,29093
2024.03.21,00:00,3516.53,3550.81,3494.79,3516.36,42694
2024.03.21,01:00,3516.36,3530.17,3508.64,3526.05,21662
2024.03.21,02:00,3526.05,3558.99,3526.05,3540.25,19946
2024.03.21,03:00,3540.24,3555.0,3493.4,3510.59,25499
2024.03.21,04:00,3510.59,3521.6,3485.94,3494.3,19222
2024.03.21,05:00,3494.29,3511.27,3446.47,3510.08,26531
2024.03.21,06:00,3510.09,3533.57,3502.0,3507.16,20641
2024.03.21,07:00,3507.16,3537.2,3502.05,3516.03,23570
2024.03.21,08:00,3516.04,3585.76,3516.03,3569.46,30416
2024.03.21,09:00,3569.45,3587.32,3523.77,3536.96,29376
2024.03.21,10:00,3536.96,3550.0,3525.55,3541.98,17616
2024.03.21,11:00,3541.98,3549.8,3520.14,3531.18,17435
2024.03.21,12:00,3531.18,3565.73,3523.44,3541.6,17847
2024.03.21,13:00,3541.6,3574.41,3515.01,3519.85,33580
2024.03.21,14:00,3519.84,3564.84,3511.0,3529.52,20372
2024.03.21,15:00,3529.53,3533.2,3478.73,3497.6,32167
2024.03.21,16:00,3497.59,3530.41,3484.94,3528.56,20023
2024.03.21,17:00,3528.56,3545.99,3462.1,3472.99,32550
2024.03.21,18:00,3473.0,3481.14,3412.22,3421.71,36285
2024.03.21,19:00,3421.72,3452.43,3416.94,3441.38,42820
2024.03.21,20:00,3441.37,3500.0,3412.0,3484.27,31690
2024.03.21,21:00,3484.26,3507.36,3468.36,3503.75,13538
2024.03.21,22:00,3503.74,3521.91,3482.68,3483.2,17815
2024.03.21,23:00,3483.19,3500.0,3480.6,3492.85,9449
2024.03.22,00:00,3492.84,3519.8,3472.95,3495.32,16934
2024.03.22,01:00,3495.33,3511.38,3460.0,3463.21,13058
2024.03.22,02:00,3463.22,3481.5,3454.01,3478.02,11915
2024.03.22,03:00,3478.01,3527.61,3475.86,3522.01,19181
2024.03.22,04:00,3522.0,3527.0,3502.0,3511.12,15461
2024.03.22,05:00,3511.13,3533.49,3500.63,3531.81,12465
2024.03.22,06:00,3531.8,3542.52,3521.27,3532.18,13019
2024.03.22,07:00,3532.19,3533.0,3509.45,3511.4,17255
2024.03.22,08:00,3511.39,3523.8,3476.6,3483.0,15835
2024.03.22,09:00,3483.0,3494.04,3455.71,3466.49,15995
2024.03.22,10:00,3466.5,3473.0,3428.0,3433.01,18959
2024.03.22,11:00,3433.01,3442.0,3394.42,3405.19,17907
2024.03.22,12:00,3405.18,3425.84,3381.18,3411.5,20569
2024.03.22,13:00,3411.51,3419.5,3330.0,3340.35,41082
2024.03.22,14:00,3340.35,3360.86,3281.0,3287.4,52943
2024.03.22,15:00,3287.4,3377.47,3281.12,3349.31,45799
2024.03.22,16:00,3349.3,3349.7,3289.0,3312.79,33687
2024.03.22,17:00,3312.8,3344.41,3312.65,3335.97,19350
2024.03.22,18:00,3335.97,3362.19,3321.16,3342.5,36833
2024.03.22,19:00,3342.49,3358.99,3321.53,3340.46,34077
2024.03.22,20:00,3340.46,3345.59,3305.46,3317.49,27818
2024.03.22,21:00,3317.5,3318.83,3250.0,3294.8,29229
2024.03.22,22:00,3294.81,3301.49,3254.42,3287.2,18368
2024.03.22,23:00,3287.2,3336.36,3281.4,3336.35,11098
2024.03.23,00:00,3336.35,3337.01,3315.51,3319.04,11662
2024.03.23,01:00,3319.05,3353.4,3318.02,3347.26,13738
2024.03.23,02:00,3347.25,3362.38,3328.09,3338.59,14606
2024.03.23,03:00,3338.6,3339.5,3270.08,3303.56,18610
2024.03.23,04:00,3303.55,3337.5,3298.6,3327.58,10034
2024.03.23,05:00,3327.57,3336.8,3315.8,3331.62,6636
2024.03.23,06:00,3331.62,3347.63,3321.21,3341.83,9173
2024.03.23,07:00,3341.84,3383.8,3341.5,3365.28,16610
2024.03.23,08:00,3365.28,3377.44,3340.63,3350.79,11825
2024.03.23,09:00,3350.79,3356.96,3328.34,3354.11,10269
2024.03.23,10:00,3354.11,3380.57,3336.62,3347.49,13995
2024.03.23,11:00,3347.49,3368.8,3342.43,3364.99,7417
2024.03.23,12:00,3364.98,3382.28,3359.5,3369.67,9912
2024.03.23,13:00,3369.68,3374.27,3343.41,3365.67,13006
2024.03.23,14:00,3365.68,3422.55,3352.71,3415.17,23983
2024.03.23,15:00,3415.18,3423.03,3383.19,3405.5,22974
2024.03.23,16:00,3405.49,3435.48,3385.0,3414.64,17664
2024.03.23,17:00,3414.65,3422.61,3397.25,3403.82,14244
2024.03.23,18:00,3403.81,3413.39,3396.25,3405.32,6432
2024.03.23,19:00,3405.31,3411.79,3384.82,3386.12,6736
2024.03.23,20:00,3386.11,3394.49,3378.17,3387.0,5628
2024.03.23,21:00,3387.01,3397.98,3371.77,3388.05,8810
2024.03.23,22:00,3388.05,3401.6,3374.3,3377.1,29188
2024.03.23,23:00,3377.1,3379.78,3327.28,3329.53,20510
2024.03.24,00:00,3329.53,3358.82,3327.44,3357.61,8791
2024.03.24,01:00,3357.61,3368.16,3347.0,3351.28,5799
2024.03.24,02:00,3351.28,3356.7,3338.68,3344.07,8265
2024.03.24,03:00,3344.08,3344.08,3307.0,3307.62,25184
2024.03.24,04:00,3307.63,3325.49,3298.76,3323.4,21576
2024.03.24,05:00,3323.41,3334.82,3316.51,3325.14,5481
2024.03.24,06:00,3325.13,3335.07,3315.01,3326.48,5778
2024.03.24,07:00,3326.47,3343.07,3316.9,3341.8,6697
2024.03.24,08:00,3341.81,3379.69,3335.5,3377.59,12537
2024.03.24,09:00,3377.59,3378.5,3356.8,3365.08,8262
2024.03.24,10:00,3365.07,3392.72,3364.45,3376.11,8383
2024.03.24,11:00,3376.11,3391.99,3366.34,3387.38,7031
2024.03.24,12:00,3387.37,3405.0,3376.73,3400.01,10677
2024.03.24,13:00,3400.01,3412.47,3383.01,3386.49,10140
2024.03.24,14:00,3386.49,3414.46,3384.76,3397.98,8610
2024.03.24,15:00,3397.98,3406.88,3388.0,3397.51,6837
2024.03.24,16:00,3397.5,3409.5,3368.43,3369.68,10192
2024.03.24,17:00,3369.68,3379.8,3333.0,3367.52,23678
2024.03.24,18:00,3367.53,3396.05,3367.08,3386.49,10488
2024.03.24,19:00,3386.49,3395.0,3379.5,3382.5,5212
2024.03.24,20:00,3382.49,3425.45,3375.56,3414.18,14187
2024.03.24,21:00,3414.17,3429.62,3406.01,3423.46,10117
2024.03.24,22:00,3423.45,3450.0,3420.66,3441.54,14090
2024.03.24,23:00,3441.55,3471.22,3440.72,3454.98,12801
2024.03.25,00:00,3454.99,3461.17,3420.12,3428.5,10005
2024.03.25,01:00,3428.5,3446.71,3423.55,3429.08,10891
2024.03.25,02:00,3429.09,3445.33,3421.07,3440.6,12544
2024.03.25,03:00,3440.6,3454.99,3434.2,3454.97,8922
2024.03.25,04:00,3454.98,3491.37,3447.02,3489.99,33230
2024.03.25,05:00,3490.0,3506.49,3482.0,3486.33,27632
2024.03.25,06:00,3486.32,3487.98,3458.41,3467.77,10570
2024.03.25,07:00,3467.77,3479.0,3440.8,3444.6,13139
2024.03.25,08:00,3444.59,3464.14,3441.03,3448.99,14781
2024.03.25,09:00,3448.99,3460.0,3434.67,3456.83,11270
2024.03.25,10:00,3456.82,3472.0,3445.72,3454.9,13290
2024.03.25,11:00,3454.91,3455.72,3432.15,3436.19,9813
2024.03.25,12:00,3436.2,3460.5,3432.3,3449.99,11597
2024.03.25,13:00,3449.99,3486.0,3430.0,3484.91,15858
2024.03.25,14:00,3484.91,3565.0,3471.62,3562.46,66890
2024.03.25,15:00,3562.45,3587.9,3552.79,3581.49,31876
2024.03.25,16:00,3581.49,3613.0,3566.2,3605.68,33947
2024.03.25,17:00,3605.69,3666.0,3605.0,3638.91,74352
2024.03.25,18:00,3638.91,3645.15,3619.36,3639.4,48613
2024.03.25,19:00,3639.41,3642.1,3619.09,3638.96,27863
2024.03.25,20:00,3638.96,3646.66,3624.5,3627.61,13692
2024.03.25,21:00,3627.61,3628.53,3566.47,3589.01,19973
2024.03.25,22:00,3589.0,3620.5,3589.0,3611.75,13329
2024.03.25,23:00,3611.75,3619.86,3576.54,3590.42,14488
2024.03.26,00:00,3590.43,3618.27,3580.95,3598.0,24588
2024.03.26,01:00,3597.99,3623.82,3592.45,3616.02,36211
2024.03.26,02:00,3616.01,3622.12,3598.5,3622.11,20505
2024.03.26,03:00,3622.11,3643.71,3611.65,3623.0,36853
2024.03.26,04:00,3623.0,3640.93,3618.4,3639.84,27340
2024.03.26,05:00,3639.85,3639.85,3622.24,3630.29,22298
2024.03.26,06:00,3630.29,3650.0,3627.0,3649.44,10572
2024.03.26,07:00,3649.45,3678.86,3630.48,3635.13,23410
2024.03.26,08:00,3635.14,3660.81,3630.0,3653.33,17066
2024.03.26,09:00,3653.34,3670.32,3643.78,3664.72,13990
2024.03.26,10:00,3664.71,3667.33,3642.71,3649.23,15340
2024.03.26,11:00,3649.23,3649.27,3630.0,3631.6,12561
2024.03.26,12:00,3631.61,3654.34,3628.0,3644.55,15565
2024.03.26,13:00,3644.55,3648.37,3592.69,3608.2,31730
2024.03.26,14:00,3608.21,3620.2,3545.13,3593.49,43380
2024.03.26,15:00,3593.49,3597.99,3561.73,3593.35,18341
2024.03.26,16:00,3593.35,3603.55,3542.62,3561.41,24375
2024.03.26,17:00,3561.4,3589.4,3553.33,3583.8,13737
2024.03.26,18:00,3583.81,3594.99,3570.27,3573.71,8129
2024.03.26,19:00,3573.71,3580.9,3555.56,3560.82,42079
2024.03.26,20:00,3560.83,3583.54,3558.15,3576.37,13413
2024.03.26,21:00,3576.38,3597.0,3571.73,3587.01,7805
2024.03.26,22:00,3587.01,3606.36,3570.0,3605.02,9459
2024.03.26,23:00,3605.02,3613.5,3583.66,3587.33,10255
2024.03.27,00:00,3587.32,3618.91,3577.0,3616.56,11439
2024.03.27,01:00,3616.57,3627.67,3598.8,3606.18,9633
2024.03.27,02:00,3606.18,3619.96,3597.1,3618.79,8081
2024.03.27,03:00,3618.79,3622.22,3603.0,3603.11,8923
2024.03.27,04:00,3603.1,3609.2,3581.24,3591.28,11546
2024.03.27,05:00,3591.28,3614.28,3590.0,3612.41,9329
2024.03.27,06:00,3612.41,3616.5,3600.38,3607.14,5833
2024.03.27,07:00,3607.13,3609.0,3560.2,3565.21,14700
2024.03.27,08:00,3565.21,3581.28,3545.67,3551.21,12758
2024.03.27,09:00,3551.21,3576.52,3532.96,3573.81,17642
2024.03.27,10:00,3573.81,3585.88,3564.99,3582.01,11307
2024.03.27,11:00,3582.01,3590.84,3571.95,3585.07,13990
2024.03.27,12:00,3585.07,3594.83,3566.99,3580.68,12651
2024.03.27,13:00,3580.68,3665.84,3554.3,3565.86,73886
2024.03.27,14:00,3565.86,3573.17,3496.15,3558.54,73842
2024.03.27,15:00,3558.55,3560.7,3512.0,3514.3,30753
2024.03.27,16:00,3514.29,3528.27,3484.0,3524.15,24542
2024.03.27,17:00,3524.15,3531.76,3493.25,3498.0,12718
2024.03.27,18:00,3498.0,3508.67,3460.02,3461.24,22053
2024.03.27,19:00,3461.24,3499.84,3461.23,3491.18,14344
2024.03.27,20:00,3491.18,3514.99,3489.68,3512.2,13026
2024.03.27,21:00,3512.21,3520.65,3502.81,3506.55,7002
2024.03.27,22:00,3506.56,3521.47,3505.46,3515.15,12699
2024.03.27,23:00,3515.15,3515.25,3485.04,3501.19,10486
2024.03.28,00:00,3501.2,3531.47,3495.41,3515.77,15066
2024.03.28,01:00,3515.78,3520.58,3491.59,3496.39,38134
2024.03.28,02:00,3496.4,3512.91,3465.0,3480.19,34365
2024.03.28,03:00,3480.18,3498.89,3475.05,3496.61,10477
2024.03.28,04:00,3496.61,3516.74,3495.79,3516.19,10156
2024.03.28,05:00,3516.19,3542.37,3512.81,3533.7,20121
2024.03.28,06:00,3533.7,3576.99,3526.09,3574.4,31997
2024.03.28,07:00,3574.39,3579.95,3564.69,3573.88,11212
2024.03.28,08:00,3573.88,3595.7,3565.81,3575.69,18660
2024.03.28,09:00,3575.69,3594.95,3571.14,3584.08,10321
2024.03.28,10:00,3584.08,3593.6,3570.48,3589.75,14280
2024.03.28,11:00,3589.76,3593.35,3571.0,3579.73,12266
2024.03.28,12:00,3579.74,3592.4,3555.96,3576.78,16221
2024.03.28,13:00,3576.78,3603.38,3552.55,3582.59,27891
2024.03.28,14:00,3582.6,3611.78,3568.27,3607.38,22272
2024.03.28,15:00,3607.37,3609.71,3568.51,3578.7,17645
2024.03.28,16:00,3578.71,3580.75,3555.38,3563.22,13462
2024.03.28,17:00,3563.23,3565.63,3537.48,3553.86,10911
2024.03.28,18:00,3553.85,3569.28,3551.05,3561.4,22989
2024.03.28,19:00,3561.39,3576.14,3559.58,3563.05,13145
2024.03.28,20:00,3563.06,3566.74,3552.0,3561.0,6887
2024.03.28,21:00,3561.0,3575.2,3547.8,3560.59,8838
2024.03.28,22:00,3560.59,3569.49,3541.37,3566.69,10555
2024.03.28,23:00,3566.69,3580.0,3558.43,3560.49,6772
2024.03.29,00:00,3560.49,3564.19,3552.8,3564.18,5859
2024.03.29,01:00,3564.19,3584.37,3560.6,3569.58,7721
2024.03.29,02:00,3569.57,3571.0,3551.35,3561.96,8060
2024.03.29,03:00,3561.95,3570.72,3550.05,3562.39,6978
2024.03.29,04:00,3562.39,3580.8,3555.38,3564.01,10422
2024.03.29,05:00,3564.0,3574.61,3555.48,3558.04,8065
2024.03.29,06:00,3558.03,3575.0,3552.55,3574.61,18843
2024.03.29,07:00,3574.6,3576.27,3512.85,3519.43,21255
2024.03.29,08:00,3519.42,3546.03,3517.15,3536.8,25157
2024.03.29,09:00,3536.79,3546.12,3521.26,3533.38,8646
2024.03.29,10:00,3533.37,3551.49,3523.01,3551.18,10816
2024.03.29,11:00,3551.18,3562.71,3545.4,3549.85,11236
2024.03.29,12:00,3549.86,3556.8,3533.8,3539.78,11250
2024.03.29,13:00,3539.77,3558.0,3527.99,3548.5,9957
2024.03.29,14:00,3548.51,3558.0,3540.8,3543.65,9779
2024.03.29,15:00,3543.66,3547.95,3481.14,3488.53,33523
2024.03.29,16:00,3488.52,3502.36,3468.07,3479.36,20888
2024.03.29,17:00,3479.36,3495.7,3445.91,3485.23,27882
2024.03.29,18:00,3485.24,3496.11,3475.39,3492.63,7424
2024.03.29,19:00,3492.63,3500.6,3483.68,3500.34,4569
2024.03.29,20:00,3500.35,3501.0,3492.19,3497.2,14901
2024.03.29,21:00,3497.19,3499.6,3476.01,3485.3,21471
2024.03.29,22:00,3485.3,3522.03,3485.29,3521.89,10624
2024.03.29,23:00,3521.88,3524.55,3509.73,3509.74,7749
2024.03.30,00:00,3509.74,3514.35,3501.16,3514.19,6720
2024.03.30,01:00,3514.19,3521.89,3508.0,3511.41,7289
2024.03.30,02:00,3511.4,3512.74,3501.8,3506.26,6094
2024.03.30,03:00,3506.26,3509.43,3486.58,3490.0,14088
2024.03.30,04:00,3489.99,3511.01,3487.0,3507.42,14237
2024.03.30,05:00,3507.41,3532.77,3505.09,3508.01,22373
2024.03.30,06:00,3508.0,3508.56,3493.48,3499.6,11278
2024.03.30,07:00,3499.59,3503.0,3492.34,3492.64,8188
2024.03.30,08:00,3492.65,3510.0,3492.2,3505.24,10240
2024.03.30,09:00,3505.24,3515.25,3500.6,3515.25,7923
2024.03.30,10:00,3515.25,3529.39,3509.57,3526.88,8073
2024.03.30,11:00,3526.88,3564.0,3526.57,3560.0,17536
2024.03.30,12:00,3559.99,3565.81,3548.4,3552.0,8263
2024.03.30,13:00,3551.99,3552.97,3535.26,3543.47,7117
2024.03.30,14:00,3543.47,3547.34,3531.0,3534.19,5793
2024.03.30,15:00,3534.19,3548.92,3532.76,3536.61,7492
2024.03.30,16:00,3536.6,3547.71,3526.17,3542.53,8240
2024.03.30,17:00,3542.53,3542.54,3526.08,3531.96,5873
2024.03.30,18:00,3531.97,3531.97,3519.91,3524.75,5054
2024.03.30,19:00,3524.75,3524.75,3485.0,3509.02,14996
2024.03.30,20:00,3509.02,3511.99,3498.47,3505.81,4695
2024.03.30,21:00,3505.81,3510.9,3494.88,3504.25,4557
2024.03.30,22:00,3504.25,3519.0,3500.46,3506.4,5371
2024.03.30,23:00,3506.39,3510.22,3496.39,3505.64,4523
2024.03.31,00:00,3505.65,3520.0,3505.09,3518.2,5996
2024.03.31,01:00,3518.2,3528.77,3515.0,3523.31,5838
2024.03.31,02:00,3523.31,3544.07,3520.03,3532.22,7477
2024.03.31,03:00,3532.21,3542.37,3523.08,3537.26,5788
2024.03.31,04:00,3537.26,3547.96,3532.42,3543.01,4642
2024.03.31,05:00,3543.01,3607.97,3540.0,3604.2,33620
2024.03.31,06:00,3604.2,3631.99,3604.03,3615.99,25906
2024.03.31,07:00,3615.99,3629.21,3610.93,3625.38,11773
2024.03.31,08:00,3625.38,3632.8,3614.0,3617.82,11112
2024.03.31,09:00,3617.81,3618.45,3601.2,3601.21,7578
2024.03.31,10:00,3601.2,3609.7,3601.2,3604.76,6155
2024.03.31,11:00,3604.76,3612.39,3600.38,3609.2,8397
2024.03.31,12:00,3609.2,3627.53,3606.78,3616.33,10218
2024.03.31,13:00,3616.33,3630.0,3616.2,3623.44,10361
2024.03.31,14:00,3623.45,3638.0,3616.0,3622.35,10827
2024.03.31,15:00,3622.35,3624.6,3613.03,3617.68,8157
2024.03.31,16:00,3617.69,3633.81,3617.32,3621.0,8460
2024.03.31,17:00,3621.0,3629.83,3620.14,3626.58,4911
2024.03.31,18:00,3626.59,3655.32,3623.0,3629.19,15264
2024.03.31,19:00,3629.18,3643.71,3613.75,3638.18,12453
2024.03.31,20:00,3638.19,3644.06,3629.16,3633.25,6054
2024.03.31,21:00,3633.24,3639.61,3617.8,3625.32,7404
2024.03.31,22:00,3625.32,3639.82,3623.2,3629.8,6739
2024.03.31,23:00,3629.8,3650.6,3628.8,3645.29,8322
2024.04.01,00:00,3645.29,3645.95,3614.6,3625.41,12065
2024.04.01,01:00,3625.41,3627.0,3606.26,3609.79,9330
2024.04.01,02:00,3609.79,3615.38,3606.06,3613.01,7111
2024.04.01,03:00,3613.01,3620.0,3600.74,3610.42,8821
2024.04.01,04:00,3610.41,3613.3,3600.0,3600.41,6671
2024.04.01,05:00,3600.41,3605.9,3500.0,3510.0,44533
2024.04.01,06:00,3510.0,3547.94,3502.23,3542.3,31222
2024.04.01,07:00,3542.31,3555.71,3538.98,3546.88,16263
2024.04.01,08:00,3546.88,3546.89,3520.07,3534.2,19599
2024.04.01,09:00,3534.19,3551.25,3534.19,3539.93,8313
2024.04.01,10:00,3539.93,3547.19,3529.69,3546.45,6887
2024.04.01,11:00,3546.45,3560.17,3535.9,3537.98,9837
2024.04.01,12:00,3537.98,3559.56,3534.74,3558.01,9474
2024.04.01,13:00,3558.01,3570.58,3546.81,3555.21,14480
2024.04.01,14:00,3555.21,3557.54,3491.7,3508.49,30551
2024.04.01,15:00,3508.5,3513.99,3437.23,3444.04,58240
2024.04.01,16:00,3444.04,3463.67,3433.0,3444.99,27282
2024.04.01,17:00,3444.99,3451.01,3413.71,3443.55,21969
2024.04.01,18:00,3443.55,3448.96,3418.93,3446.83,13115
2024.04.01,19:00,3446.82,3489.18,3442.49,3486.33,16109
2024.04.01,20:00,3486.33,3497.38,3471.32,3495.99,10626
2024.04.01,21:00,3495.99,3504.57,3484.44,3492.8,12688
2024.04.01,22:00,3492.8,3514.88,3490.69,3504.21,7976
2024.04.01,23:00,3504.21,3514.62,3501.88,3503.8,5679
2024.04.02,00:00,3503.8,3505.6,3470.42,3486.99,12125
2024.04.02,01:00,3486.99,3502.99,3482.07,3493.2,7821
2024.04.02,02:00,3493.21,3493.21,3319.2,3366.19,69090
2024.04.02,03:00,3366.18,3382.8,3352.5,3366.08,35218
2024.04.02,04:00,3366.07,3382.74,3346.82,3362.96,17250
2024.04.02,05:00,3362.95,3373.42,3337.25,3369.59,20867
2024.04.02,06:00,3369.58,3388.58,3366.69,3382.38,14701
2024.04.02,07:00,3382.38,3388.16,3362.37,3362.9,14454
2024.04.02,08:00,3362.89,3371.62,3326.73,3335.21,22162
2024.04.02,09:00,3335.2,3355.0,3310.16,3345.41,37141
2024.04.02,10:00,3345.41,3350.0,3308.56,3328.12,21911
2024.04.02,11:00,3328.12,3332.55,3276.72,3308.64,45323
2024.04.02,12:00,3308.63,3324.26,3288.24,3297.03,24196
2024.04.02,13:00,3297.03,3308.35,3235.0,3270.96,54974
2024.04.02,14:00,3270.97,3317.85,3269.81,3293.26,37377
2024.04.02,15:00,3293.25,3311.68,3232.0,3240.13,34824
2024.04.02,16:00,3240.13,3269.8,3212.0,3261.54,46952
2024.04.02,17:00,3261.54,3272.02,3244.64,3269.0,16674
2024.04.02,18:00,3269.01,3284.46,3256.93,3274.75,14256
2024.04.02,19:00,3274.75,3284.45,3265.28,3277.53,15650
2024.04.02,20:00,3277.53,3295.55,3258.62,3269.82,23017
2024.04.02,21:00,3269.81,3274.4,3241.69,3266.19,16925
2024.04.02,22:00,3266.2,3302.68,3259.2,3298.34,9648
2024.04.02,23:00,3298.34,3305.0,3270.45,3278.96,10698
2024.04.03,00:00,3278.96,3290.0,3202.79,3278.05,41585
2024.04.03,01:00,3278.06,3304.21,3256.2,3297.0,23163
2024.04.03,02:00,3297.01,3312.03,3293.79,3307.17,13618
2024.04.03,03:00,3307.18,3324.19,3295.34,3315.41,14822
2024.04.03,04:00,3315.4,3324.6,3306.8,3315.0,9780
2024.04.03,05:00,3315.01,3316.68,3280.0,3293.04,12520
2024.04.03,06:00,3293.03,3313.4,3289.8,3310.27,13219
2024.04.03,07:00,3310.27,3319.71,3300.64,3305.53,13926
2024.04.03,08:00,3305.52,3357.58,3289.97,3344.0,25136
2024.04.03,09:00,3344.0,3355.11,3328.21,3346.62,16112
2024.04.03,10:00,3346.61,3348.18,3305.85,3318.75,14906
2024.04.03,11:00,3318.76,3326.4,3290.55,3317.53,17707
2024.04.03,12:00,3317.53,3328.83,3300.42,3310.04,12390
2024.04.03,13:00,3310.04,3319.16,3292.8,3311.87,12653
2024.04.03,14:00,3311.87,3363.58,3311.87,3357.65,29230
2024.04.03,15:00,3357.65,3358.61,3310.4,3329.2,19098
2024.04.03,16:00,3329.21,3367.4,3325.79,3349.15,18311
2024.04.03,17:00,3349.14,3357.19,3308.8,3324.52,14412
2024.04.03,18:00,3324.51,3334.33,3281.21,3333.97,20649
2024.04.03,19:00,3333.97,3341.3,3311.0,3314.29,11524
2024.04.03,20:00,3314.28,3315.93,3293.28,3305.78,13075
2024.04.03,21:00,3305.77,3319.88,3288.39,3318.4,15686
2024.04.03,22:00,3318.4,3322.2,3308.5,3318.56,20192
2024.04.03,23:00,3318.56,3325.64,3309.99,3310.83,6758
2024.04.04,00:00,3310.83,3333.0,3303.5,3327.8,7500
2024.04.04,01:00,3327.79,3333.0,3311.9,3321.45,8816
2024.04.04,02:00,3321.44,3321.6,3264.63,3274.64,24410
2024.04.04,03:00,3274.64,3286.1,3262.86,3274.37,15262
2024.04.04,04:00,3274.38,3292.36,3250.92,3287.4,28021
2024.04.04,05:00,3287.39,3302.84,3281.9,3296.0,7238
2024.04.04,06:00,3296.01,3312.26,3294.46,3310.67,8122
2024.04.04,07:00,3310.66,3334.46,3301.6,3322.79,12489
2024.04.04,08:00,3322.8,3336.83,3319.42,3331.41,9053
2024.04.04,09:00,3331.41,3341.87,3328.98,3338.2,7051
2024.04.04,10:00,3338.19,3355.48,3330.76,3341.41,9145
2024.04.04,11:00,3341.41,3349.28,3334.39,3340.37,6800
2024.04.04,12:00,3340.36,3354.39,3338.95,3347.72,9359
2024.04.04,13:00,3347.71,3380.49,3347.2,3365.77,18649
2024.04.04,14:00,3365.75,3395.19,3359.36,3381.2,17474
2024.04.04,15:00,3381.2,3383.55,3359.77,3364.12,13864
2024.04.04,16:00,3364.11,3392.99,3360.68,3375.23,12681
2024.04.04,17:00,3375.23,3416.83,3371.42,3412.59,13821
2024.04.04,18:00,3412.59,3443.93,3376.61,3379.77,26577
2024.04.04,19:00,3379.78,3385.94,3361.03,3366.09,13431
2024.04.04,20:00,3366.09,3370.3,3278.02,3325.32,51508
2024.04.04,21:00,3325.33,3338.66,3299.71,3321.59,12457
2024.04.04,22:00,3321.59,3331.22,3307.89,3312.28,11490
2024.04.04,23:00,3312.28,3336.0,3308.6,3327.4,11108
2024.04.05,00:00,3327.39,3336.0,3308.33,3329.66,13095
2024.04.05,01:00,3329.65,3329.8,3285.35,3299.67,15989
2024.04.05,02:00,3299.68,3299.95,3252.8,3267.59,22951
2024.04.05,03:00,3267.6,3310.37,3264.58,3308.3,12770
2024.04.05,04:00,3308.3,3319.25,3276.23,3296.19,13119
2024.04.05,05:00,3296.18,3297.06,3242.01,3273.8,20478
2024.04.05,06:00,3273.79,3291.3,3270.0,3288.19,8819
2024.04.05,07:00,3288.2,3292.01,3273.12,3287.61,10583
2024.04.05,08:00,3287.6,3312.8,3278.02,3285.2,15544
2024.04.05,09:00,3285.21,3285.21,3253.0,3277.6,17614
2024.04.05,10:00,3277.6,3284.33,3256.0,3276.03,12395
2024.04.05,11:00,3276.02,3279.23,3236.8,3243.51,15260
2024.04.05,12:00,3243.52,3265.6,3210.0,3262.14,40345
2024.04.05,13:00,3262.14,3289.48,3235.02,3283.2,21578
2024.04.05,14:00,3283.21,3329.54,3275.73,3318.73,25769
2024.04.05,15:00,3318.73,3328.73,3301.19,3326.43,17022
2024.04.05,16:00,3326.43,3333.31,3305.96,3319.99,14781
2024.04.05,17:00,3319.99,3329.52,3306.68,3312.54,8626
2024.04.05,18:00,3312.55,3335.4,3305.1,3326.6,9842
2024.04.05,19:00,3326.59,3350.0,3318.89,3320.1,9315
2024.04.05,20:00,3320.11,3344.95,3317.69,3334.41,6361
2024.04.05,21:00,3334.41,3342.59,3321.54,3321.54,3889
2024.04.05,22:00,3321.54,3328.0,3310.46,3314.64,4524
2024.04.05,23:00,3314.65,3328.91,3314.64,3317.85,3873
2024.04.06,00:00,3317.85,3337.74,3311.2,3323.89,6726
2024.04.06,01:00,3323.89,3331.2,3313.02,3317.59,6995
2024.04.06,02:00,3317.59,3326.59,3306.68,3321.41,6972
2024.04.06,03:00,3321.41,3346.39,3321.41,3331.34,7969
2024.04.06,04:00,3331.33,3337.95,3321.13,3328.99,4119
2024.04.06,05:00,3329.0,3352.81,3327.23,3337.05,9052
2024.04.06,06:00,3337.06,3346.5,3332.16,3342.8,6172
2024.04.06,07:00,3342.81,3343.4,3328.18,3330.39,7370
2024.04.06,08:00,3330.4,3344.19,3325.0,3340.89,6516
2024.04.06,09:00,3340.9,3351.52,3330.86,3333.11,6958
2024.04.06,10:00,3333.12,3342.49,3330.8,3338.61,6104
2024.04.06,11:00,3338.62,3346.49,3328.98,3330.67,6579
2024.04.06,12:00,3330.67,3336.94,3320.46,3332.79,5261
2024.04.06,13:00,3332.79,3332.8,3313.4,3318.41,6951
2024.04.06,14:00,3318.4,3339.4,3316.8,3335.05,7100
2024.04.06,15:00,3335.05,3361.77,3332.82,3335.37,10695
2024.04.06,16:00,3335.37,3340.13,3331.22,3340.12,5479
2024.04.06,17:00,3340.13,3354.26,3332.9,3340.99,6974
2024.04.06,18:00,3341.0,3347.8,3336.94,3347.0,5566
2024.04.06,19:00,3347.01,3357.54,3342.2,3349.24,7040
2024.04.06,20:00,3349.23,3364.7,3344.0,3361.71,16168
2024.04.06,21:00,3361.7,3368.56,3349.37,3352.44,10745
2024.04.06,22:00,3352.44,3379.75,3351.87,3378.4,6588
2024.04.06,23:00,3378.4,3398.42,3350.9,3351.59,13199
2024.04.07,00:00,3351.59,3360.25,3344.08,3357.73,7890
2024.04.07,01:00,3357.73,3397.2,3357.2,3388.9,12691
2024.04.07,02:00,3388.91,3413.61,3379.16,3382.82,14282
2024.04.07,03:00,3382.82,3393.38,3379.0,3388.41,5923
2024.04.07,04:00,3388.4,3393.37,3374.6,3384.77,5281
2024.04.07,05:00,3384.78,3406.51,3383.6,3400.0,5465
2024.04.07,06:00,3400.0,3401.08,3381.12,3384.81,4206
2024.04.07,07:00,3384.82,3394.27,3383.66,3385.19,5182
2024.04.07,08:00,3385.19,3395.19,3384.03,3392.83,4323
2024.04.07,09:00,3392.82,3393.81,3377.32,3383.6,4946
2024.04.07,10:00,3383.6,3393.19,3376.83,3392.5,6427
2024.04.07,11:00,3392.49,3393.4,3384.04,3390.34,5378
2024.04.07,12:00,3390.33,3407.01,3384.71,3401.01,9338
2024.04.07,13:00,3401.01,3420.0,3397.79,3405.9,10256
2024.04.07,14:00,3405.89,3414.4,3394.04,3408.2,7548
2024.04.07,15:00,3408.2,3417.38,3385.58,3390.13,13632
2024.04.07,16:00,3390.14,3412.97,3387.99,3396.01,12957
2024.04.07,17:00,3396.0,3397.72,3377.34,3386.59,9884
2024.04.07,18:00,3386.59,3387.52,3368.0,3382.51,7921
2024.04.07,19:00,3382.52,3392.3,3372.82,3381.39,6305
2024.04.07,20:00,3381.38,3403.0,3378.15,3401.29,5881
2024.04.07,21:00,3401.28,3412.95,3397.85,3398.96,9311
2024.04.07,22:00,3398.95,3429.99,3395.2,3421.0,15531
2024.04.07,23:00,3420.99,3459.94,3420.01,3454.2,19887
2024.04.08,00:00,3454.2,3457.27,3425.04,3429.3,9984
2024.04.08,01:00,3429.29,3441.0,3421.06,3425.45,7818
2024.04.08,02:00,3425.44,3437.6,3417.97,3425.0,7769
2024.04.08,03:00,3424.99,3425.23,3406.36,3423.0,7991
2024.04.08,04:00,3422.99,3426.73,3413.22,3420.13,5302
2024.04.08,05:00,3420.14,3432.24,3420.13,3428.6,8222
2024.04.08,06:00,3428.61,3432.2,3421.12,3431.08,5914
2024.04.08,07:00,3431.07,3478.34,3429.45,3473.88,33367
2024.04.08,08:00,3473.88,3611.84,3469.8,3596.32,87954
2024.04.08,09:00,3596.32,3624.89,3585.52,3618.79,39439
2024.04.08,10:00,3618.79,3633.0,3608.65,3619.21,28210
2024.04.08,11:00,3619.21,3640.44,3614.8,3633.08,20074
2024.04.08,12:00,3633.07,3669.01,3633.07,3643.43,34193
2024.04.08,13:00,3643.43,3672.11,3612.0,3627.8,37479
2024.04.08,14:00,3627.8,3650.05,3615.86,3645.75,26220
2024.04.08,15:00,3645.75,3652.0,3623.35,3629.2,17931
2024.04.08,16:00,3629.2,3664.27,3627.16,3658.56,19438
2024.04.08,17:00,3658.55,3677.0,3640.36,3668.19,15332
2024.04.08,18:00,3668.2,3710.45,3668.19,3691.59,25538
2024.04.08,19:00,3691.6,3704.54,3682.0,3702.8,16679
2024.04.08,20:00,3702.8,3708.59,3681.06,3690.0,8739
2024.04.08,21:00,3690.0,3696.6,3682.42,3686.0,6994
2024.04.08,22:00,3686.01,3729.0,3682.6,3721.24,12058
2024.04.08,23:00,3721.24,3730.71,3690.32,3694.61,14186
2024.04.09,00:00,3694.61,3725.0,3687.64,3694.25,14092
2024.04.09,01:00,3694.25,3696.8,3665.25,3679.99,18248
2024.04.09,02:00,3679.99,3727.34,3675.25,3706.6,14229
2024.04.09,03:00,3706.6,3716.89,3683.19,3692.29,14346
2024.04.09,04:00,3692.3,3701.94,3673.4,3696.0,10682
2024.04.09,05:00,3696.01,3701.24,3681.0,3692.35,10091
2024.04.09,06:00,3692.36,3696.34,3631.0,3642.49,31150
2024.04.09,07:00,3642.49,3656.99,3632.0,3641.81,26738
2024.04.09,08:00,3641.81,3641.81,3580.57,3628.77,45676
2024.04.09,09:00,3628.78,3646.6,3616.0,3630.0,14959
2024.04.09,10:00,3630.0,3638.75,3612.26,3627.97,13097
2024.04.09,11:00,3627.96,3643.51,3624.11,3632.85,10018
2024.04.09,12:00,3632.85,3643.37,3620.92,3630.21,13664
2024.04.09,13:00,3630.21,3639.94,3591.26,3592.79,19917
2024.04.09,14:00,3592.8,3613.44,3490.72,3522.77,63464
2024.04.09,15:00,3522.77,3532.0,3478.5,3529.92,32055
2024.04.09,16:00,3529.93,3532.96,3495.04,3497.32,18669
2024.04.09,17:00,3497.32,3507.22,3450.46,3504.19,30140
2024.04.09,18:00,3504.2,3512.81,3497.61,3505.2,8395
2024.04.09,19:00,3505.2,3524.7,3494.42,3517.1,8486
2024.04.09,20:00,3517.1,3526.63,3512.2,3515.0,7526
2024.04.09,21:00,3515.0,3516.25,3496.02,3509.2,7125
2024.04.09,22:00,3509.21,3521.62,3502.5,3518.7,4572
2024.04.09,23:00,3518.7,3518.71,3485.82,3506.39,20243
2024.04.10,00:00,3506.4,3520.6,3498.32,3506.4,8617
2024.04.10,01:00,3506.39,3516.4,3473.7,3515.44,14769
2024.04.10,02:00,3515.44,3537.5,3465.64,3477.57,22170
2024.04.10,03:00,3477.58,3514.08,3473.33,3513.0,13444
2024.04.10,04:00,3513.01,3524.46,3505.98,3516.46,10076
2024.04.10,05:00,3516.46,3541.71,3515.0,3533.34,10068
2024.04.10,06:00,3533.34,3554.19,3530.3,3538.81,8518
2024.04.10,07:00,3538.8,3549.99,3534.45,3536.61,8102
2024.04.10,08:00,3536.61,3537.0,3501.59,3517.79,15695
2024.04.10,09:00,3517.78,3536.34,3506.8,3531.67,9524
2024.04.10,10:00,3531.67,3540.36,3493.07,3519.41,19226
2024.04.10,11:00,3519.41,3526.0,3512.88,3521.32,10192
2024.04.10,12:00,3521.33,3527.99,3411.82,3440.01,60031
2024.04.10,13:00,3440.0,3464.0,3415.8,3462.0,28833
2024.04.10,14:00,3462.0,3502.89,3446.76,3486.39,26429
2024.04.10,15:00,3486.39,3489.9,3462.03,3479.41,13559
2024.04.10,16:00,3479.41,3532.96,3469.5,3527.4,21899
2024.04.10,17:00,3527.41,3547.49,3511.6,3517.96,20741
2024.04.10,18:00,3517.95,3519.84,3478.42,3495.21,17367
2024.04.10,19:00,3495.21,3523.16,3488.89,3521.52,13122
2024.04.10,20:00,3521.52,3529.62,3510.84,3514.01,7285
2024.04.10,21:00,3514.0,3517.92,3495.58,3513.22,6420
2024.04.10,22:00,3513.23,3562.95,3511.8,3538.21,17047
2024.04.10,23:00,3538.2,3547.05,3532.59,3545.64,6260
2024.04.11,00:00,3545.64,3547.85,3526.9,3534.0,7370
2024.04.11,01:00,3534.0,3542.8,3524.27,3530.4,7464
2024.04.11,02:00,3530.4,3576.6,3527.58,3566.56,12680
2024.04.11,03:00,3566.55,3575.85,3555.8,3575.84,8957
2024.04.11,04:00,3575.84,3581.86,3553.03,3561.58,12120
2024.04.11,05:00,3561.59,3569.3,3556.13,3563.2,6394
2024.04.11,06:00,3563.21,3585.73,3561.95,3575.21,14125
2024.04.11,07:00,3575.2,3605.76,3575.2,3583.4,16078
2024.04.11,08:00,3583.4,3618.3,3578.13,3608.17,23943
2024.04.11,09:00,3608.18,3608.78,3578.4,3578.85,14671
2024.04.11,10:00,3578.84,3585.08,3558.0,3561.54,11356
2024.04.11,11:00,3561.55,3565.89,3514.57,3522.88,19135
2024.04.11,12:00,3522.89,3575.0,3520.22,3557.72,33067
2024.04.11,13:00,3557.72,3570.53,3490.1,3526.29,34708
2024.04.11,14:00,3526.29,3527.76,3486.31,3494.19,24158
2024.04.11,15:00,3494.2,3511.28,3487.42,3508.32,17013
2024.04.11,16:00,3508.31,3522.0,3474.52,3503.8,22047
2024.04.11,17:00,3503.81,3521.91,3499.28,3511.93,10666
2024.04.11,18:00,3511.92,3517.4,3495.53,3505.08,6897
2024.04.11,19:00,3505.07,3518.89,3497.62,3517.7,6261
2024.04.11,20:00,3517.71,3532.25,3512.22,3524.19,7972
2024.04.11,21:00,3524.19,3524.39,3495.68,3500.99,10857
2024.04.11,22:00,3501.0,3512.53,3497.36,3505.63,5470
2024.04.11,23:00,3505.63,3510.78,3490.63,3502.52,4718
2024.04.12,00:00,3502.52,3525.19,3501.34,3523.62,10786
2024.04.12,01:00,3523.61,3526.29,3505.29,3509.09,5826
2024.04.12,02:00,3509.09,3530.55,3502.39,3520.23,8722
2024.04.12,03:00,3520.22,3537.93,3520.22,3534.01,6611
2024.04.12,04:00,3534.01,3552.4,3528.2,3547.61,7808
2024.04.12,05:00,3547.61,3551.69,3536.25,3542.16,6892
2024.04.12,06:00,3542.16,3543.14,3526.6,3534.71,6461
2024.04.12,07:00,3534.7,3539.1,3507.95,3516.2,15215
2024.04.12,08:00,3516.2,3528.56,3513.2,3526.01,15080
2024.04.12,09:00,3526.01,3531.9,3508.98,3515.46,20134
2024.04.12,10:00,3515.45,3532.99,3508.95,3530.2,12097
2024.04.12,11:00,3530.2,3541.78,3527.65,3532.22,10333
2024.04.12,12:00,3532.22,3532.48,3488.18,3497.73,24426
2024.04.12,13:00,3497.74,3497.74,3450.17,3463.55,32631
2024.04.12,14:00,3463.55,3475.01,3439.23,3442.06,22458
2024.04.12,15:00,3442.06,3457.61,3439.7,3440.71,13570
2024.04.12,16:00,3440.7,3454.56,3408.37,3423.31,32830
2024.04.12,17:00,3423.32,3428.14,3296.0,3325.39,91165
2024.04.12,18:00,3325.39,3341.8,3100.0,3211.4,149908
2024.04.12,19:00,3211.4,3243.2,3195.0,3206.17,94485
2024.04.12,20:00,3206.17,3256.0,3201.07,3226.28,39190
2024.04.12,21:00,3226.28,3227.0,3207.66,3218.8,25789
2024.04.12,22:00,3218.8,3230.56,3210.04,3218.95,20679
2024.04.12,23:00,3218.94,3246.15,3207.19,3237.43,24219
2024.04.13,00:00,3237.42,3237.43,3216.82,3233.14,19442
2024.04.13,01:00,3233.13,3233.59,3141.6,3160.0,49302
2024.04.13,02:00,3160.0,3216.28,3158.91,3213.46,36593
2024.04.13,03:00,3213.45,3233.53,3202.99,3230.91,23801
2024.04.13,04:00,3230.91,3265.0,3223.38,3255.79,29605
2024.04.13,05:00,3255.8,3262.98,3246.74,3247.81,16941
2024.04.13,06:00,3247.8,3267.53,3246.32,3265.49,9938
2024.04.13,07:00,3265.5,3272.31,3248.7,3257.6,15099
2024.04.13,08:00,3257.61,3264.32,3247.4,3251.81,11749
2024.04.13,09:00,3251.81,3271.47,3248.0,3265.81,10782
2024.04.13,10:00,3265.82,3279.97,3258.59,3275.85,11668
2024.04.13,11:00,3275.85,3301.9,3266.24,3268.2,15528
2024.04.13,12:00,3268.2,3290.23,3257.64,3277.8,11004
2024.04.13,13:00,3277.81,3291.23,3264.7,3270.42,12715
2024.04.13,14:00,3270.42,3278.0,3250.7,3262.19,12774
2024.04.13,15:00,3262.2,3296.83,3255.02,3272.39,15289
2024.04.13,16:00,3272.4,3279.79,3229.06,3245.85,27460
2024.04.13,17:00,3245.85,3247.0,3189.23,3194.01,53585
2024.04.13,18:00,3194.01,3237.92,3182.02,3233.8,30584
2024.04.13,19:00,3233.8,3237.12,3017.19,3085.2,81095
2024.04.13,20:00,3085.2,3094.88,2852.0,2911.55,254698
2024.04.13,21:00,2911.55,2951.66,2859.4,2950.61,103005
2024.04.13,22:00,2950.61,3032.98,2897.5,3018.81,85031
2024.04.13,23:00,3018.8,3063.2,2998.0,3007.01,57271
2024.04.14,00:00,3007.01,3019.46,2906.73,2967.39,60014
2024.04.14,01:00,2967.39,3009.99,2935.0,2992.29,35498
2024.04.14,02:00,2992.28,3005.88,2953.25,2956.86,22807
2024.04.14,03:00,2956.86,2977.08,2912.41,2970.85,40510
2024.04.14,04:00,2970.86,3049.67,2965.18,3042.62,44626
2024.04.14,05:00,3042.62,3079.07,3036.03,3073.1,27521
2024.04.14,06:00,3073.1,3098.4,3054.38,3090.86,36464
2024.04.14,07:00,3090.86,3102.15,3070.94,3084.2,21469
2024.04.14,08:00,3084.19,3099.13,3057.14,3068.6,22050
2024.04.14,09:00,3068.61,3076.63,3027.0,3042.91,27073
2024.04.14,10:00,3042.9,3067.48,3031.12,3055.16,17990
2024.04.14,11:00,3055.15,3061.2,3008.86,3027.01,26493
2024.04.14,12:00,3027.0,3066.78,3022.79,3044.96,24057
2024.04.14,13:00,3044.96,3068.26,3028.1,3033.6,24857
2024.04.14,14:00,3033.6,3058.16,3006.0,3035.85,41264
2024.04.14,15:00,3035.82,3074.07,3032.98,3055.74,23310
2024.04.14,16:00,3055.75,3101.27,3052.26,3081.24,27839
2024.04.14,17:00,3081.23,3094.03,2980.0,3051.57,72838
2024.04.14,18:00,3051.58,3091.52,3039.0,3083.49,27585
2024.04.14,19:00,3083.49,3090.0,3060.8,3073.62,13720
2024.04.14,20:00,3073.63,3089.47,3057.81,3067.04,14744
2024.04.14,21:00,3067.04,3072.0,3047.29,3065.41,11717
2024.04.14,22:00,3065.4,3171.47,3065.4,3156.69,53264
2024.04.14,23:00,3156.69,3174.23,3148.95,3155.11,19857
2024.04.15,00:00,3155.11,3155.55,3102.0,3112.98,30609
2024.04.15,01:00,3112.98,3133.04,3100.0,3129.0,18024
2024.04.15,02:00,3129.01,3147.89,3125.3,3138.26,16638
2024.04.15,03:00,3138.26,3158.62,3133.66,3146.5,13564
2024.04.15,04:00,3146.51,3148.38,3123.0,3138.7,14300
2024.04.15,05:00,3138.71,3161.02,3134.57,3157.8,12787
2024.04.15,06:00,3157.79,3255.43,3156.55,3241.12,63347
2024.04.15,07:00,3241.11,3251.93,3225.0,3242.05,21731
2024.04.15,08:00,3242.04,3264.5,3235.0,3249.32,18304
2024.04.15,09:00,3249.32,3262.8,3234.41,3254.47,16452
2024.04.15,10:00,3254.47,3268.64,3249.55,3260.64,11702
2024.04.15,11:00,3260.64,3277.85,3226.75,3229.64,18094
2024.04.15,12:00,3229.64,3246.03,3226.0,3231.61,15941
2024.04.15,13:00,3231.61,3238.33,3183.08,3193.63,28974
2024.04.15,14:00,3193.63,3209.0,3126.2,3128.83,47449
2024.04.15,15:00,3128.82,3165.0,3102.2,3163.21,37815
2024.04.15,16:00,3163.2,3179.4,3130.75,3136.69,31119
2024.04.15,17:00,3136.7,3173.12,3088.93,3115.6,43449
2024.04.15,18:00,3115.61,3126.09,3047.21,3055.8,42638
2024.04.15,19:00,3055.8,3116.03,3023.19,3100.1,44674
2024.04.15,20:00,3100.09,3116.93,3073.27,3081.61,16731
2024.04.15,21:00,3081.6,3114.52,3057.29,3107.0,15891
2024.04.15,22:00,3107.0,3128.44,3084.24,3126.83,13911
2024.04.15,23:00,3126.83,3126.83,3090.2,3101.99,11273
2024.04.16,00:00,3102.0,3107.3,3060.71,3082.25,20099
2024.04.16,01:00,3082.25,3120.59,3072.86,3079.21,23057
2024.04.16,02:00,3079.2,3099.56,3051.35,3094.24,17896
2024.04.16,03:00,3094.23,3107.0,3055.36,3072.19,30247
2024.04.16,04:00,3072.2,3079.39,2986.0,3025.94,44585
2024.04.16,05:00,3025.95,3058.98,3017.32,3047.11,15689
2024.04.16,06:00,3047.1,3087.35,3042.86,3082.15,12437
2024.04.16,07:00,3082.15,3128.01,3077.38,3107.29,21921
2024.04.16,08:00,3107.3,3110.76,3077.05,3085.04,13373
2024.04.16,09:00,3085.05,3103.07,3073.95,3079.9,10412
2024.04.16,10:00,3079.9,3090.8,3003.0,3051.35,59603
2024.04.16,11:00,3051.35,3099.18,3044.54,3093.31,22795
2024.04.16,12:00,3093.31,3093.31,3063.16,3074.7,18071
2024.04.16,13:00,3074.71,3095.37,3038.93,3068.01,31087
2024.04.16,14:00,3068.02,3092.61,3036.94,3042.35,27677
2024.04.16,15:00,3042.34,3054.63,3008.7,3009.04,31487
2024.04.16,16:00,3009.05,3059.25,2995.0,3057.91,32975
2024.04.16,17:00,3057.91,3084.99,3031.6,3043.25,26811
2024.04.16,18:00,3043.26,3076.66,3035.46,3073.7,19919
2024.04.16,19:00,3073.7,3077.77,3054.66,3057.64,9454
2024.04.16,20:00,3057.65,3072.25,3049.9,3070.25,8808
2024.04.16,21:00,3070.26,3118.24,3068.02,3102.49,14509
2024.04.16,22:00,3102.48,3104.86,3078.43,3093.6,7589
2024.04.16,23:00,3093.6,3095.5,3079.2,3084.22,5603
2024.04.17,00:00,3084.21,3107.24,3076.42,3095.0,11839
2024.04.17,01:00,3095.01,3096.29,3068.39,3091.94,13223
2024.04.17,02:00,3091.94,3100.8,3072.97,3085.79,12134
2024.04.17,03:00,3085.79,3096.29,3082.1,3095.61,7979
2024.04.17,04:00,3095.6,3123.75,3085.54,3113.01,14146
2024.04.17,05:00,3113.01,3120.13,3083.54,3089.53,14758
2024.04.17,06:00,3089.53,3098.73,3080.76,3091.06,9775
2024.04.17,07:00,3091.05,3094.42,3064.05,3076.6,14368
2024.04.17,08:00,3076.6,3087.64,3067.05,3073.19,8601
2024.04.17,09:00,3073.2,3087.34,3070.01,3079.39,7446
2024.04.17,10:00,3079.39,3080.16,3053.67,3059.6,12859
2024.04.17,11:00,3059.6,3073.0,3037.65,3040.2,16820
2024.04.17,12:00,3040.19,3050.6,3015.42,3031.41,22478
2024.04.17,13:00,3031.41,3063.65,3023.73,3043.38,22938
2024.04.17,14:00,3043.38,3044.35,2942.6,2982.6,74576
2024.04.17,15:00,2982.6,2993.37,2925.85,2946.8,65446
2024.04.17,16:00,2946.79,2998.96,2914.47,2951.21,49927
2024.04.17,17:00,2951.21,3007.47,2947.81,3002.34,20309
2024.04.17,18:00,3002.35,3043.73,2997.43,3026.2,27593
2024.04.17,19:00,3026.2,3026.6,2982.84,3001.6,15831
2024.04.17,20:00,3001.59,3011.59,2964.35,2972.4,12744
2024.04.17,21:00,2972.39,3014.91,2972.39,2998.98,14861
2024.04.17,22:00,2998.99,3008.75,2986.66,3008.59,9995
2024.04.17,23:00,3008.59,3014.11,2977.17,2985.41,11238
2024.04.18,00:00,2985.41,2998.25,2950.98,2993.17,20103
2024.04.18,01:00,2993.18,3011.33,2987.68,3003.89,14042
2024.04.18,02:00,3003.9,3014.83,2991.23,3011.2,9175
2024.04.18,03:00,3011.19,3035.08,3010.7,3025.68,14631
2024.04.18,04:00,3025.67,3034.29,3008.11,3014.31,13001
2024.04.18,05:00,3014.31,3021.74,2977.58,2984.1,13762
2024.04.18,06:00,2984.11,2991.7,2956.6,2972.99,20463
2024.04.18,07:00,2972.99,2988.89,2962.49,2975.2,12934
2024.04.18,08:00,2975.19,2992.19,2954.01,2985.04,18860
2024.04.18,09:00,2985.04,3010.58,2982.6,3007.62,17960
2024.04.18,10:00,3007.62,3015.32,2997.6,3011.07,11852
2024.04.18,11:00,3011.07,3065.56,3010.06,3046.46,30045
2024.04.18,12:00,3046.45,3052.19,2985.69,3024.98,24444
2024.04.18,13:00,3024.99,3051.0,3008.39,3049.26,21038
2024.04.18,14:00,3049.25,3093.33,3035.86,3080.15,36651
2024.04.18,15:00,3080.14,3094.4,3056.48,3069.17,25935
2024.04.18,16:00,3069.17,3083.54,3055.99,3061.69,18853
2024.04.18,17:00,3061.68,3071.12,3032.03,3037.62,16056
2024.04.18,18:00,3037.61,3057.63,3018.2,3051.6,15234
2024.04.18,19:00,3051.6,3066.9,3049.5,3064.19,10218
2024.04.18,20:00,3064.19,3075.0,3057.8,3068.26,8137
2024.04.18,21:00,3068.26,3075.0,3060.46,3065.61,4934
2024.04.18,22:00,3065.61,3080.82,3056.1,3070.35,6603
2024.04.18,23:00,3070.35,3078.05,3061.21,3064.4,4117
2024.04.19,00:00,3064.4,3070.24,3040.81,3041.46,12566
2024.04.19,01:00,3041.45,3044.55,2927.51,2941.96,58922
2024.04.19,02:00,2941.96,2948.74,2865.18,2943.79,82321
2024.04.19,03:00,2943.8,3000.63,2936.47,2979.8,46395
2024.04.19,04:00,2979.81,3024.64,2979.0,3005.68,27262
2024.04.19,05:00,3005.68,3016.41,2980.93,3000.81,18228
2024.04.19,06:00,3000.81,3110.0,2989.57,3103.84,51009
2024.04.19,07:00,3103.83,3128.89,3067.51,3084.41,42581
2024.04.19,08:00,3084.41,3124.44,3077.19,3111.47,34205
2024.04.19,09:00,3111.48,3118.04,3093.02,3102.71,12193
2024.04.19,10:00,3102.72,3117.49,3082.37,3098.08,14677
2024.04.19,11:00,3098.08,3119.25,3092.3,3102.61,18566
2024.04.19,12:00,3102.6,3121.0,3090.47,3099.68,18808
2024.04.19,13:00,3099.68,3107.54,3080.1,3098.24,20134
2024.04.19,14:00,3098.24,3103.0,3054.35,3080.34,22460
2024.04.19,15:00,3080.34,3094.36,3074.68,3080.74,13215
2024.04.19,16:00,3080.73,3086.78,3029.72,3065.76,26070
2024.04.19,17:00,3065.76,3093.16,3058.12,3080.46,13643
2024.04.19,18:00,3080.46,3084.89,3069.63,3076.73,10156
2024.04.19,19:00,3076.73,3107.94,3072.63,3104.1,10689
2024.04.19,20:00,3104.1,3104.15,3071.14,3078.33,9378
2024.04.19,21:00,3078.32,3102.07,3078.32,3100.25,5945
2024.04.19,22:00,3100.25,3105.68,3069.27,3069.84,10199
2024.04.19,23:00,3069.84,3072.64,3020.63,3056.46,28216
2024.04.20,00:00,3056.45,3070.8,3023.77,3030.53,19102
2024.04.20,01:00,3030.52,3057.85,3018.75,3051.2,11892
2024.04.20,02:00,3051.19,3065.75,3046.18,3053.99,6637
2024.04.20,03:00,3054.0,3058.75,3050.07,3055.99,4550
2024.04.20,04:00,3055.99,3068.34,3049.31,3064.92,8357
2024.04.20,05:00,3064.92,3070.18,3057.63,3063.4,5566
2024.04.20,06:00,3063.41,3070.75,3054.43,3065.15,7043
2024.04.20,07:00,3065.14,3071.03,3058.72,3060.64,6851
2024.04.20,08:00,3060.64,3061.29,3044.37,3049.6,7967
2024.04.20,09:00,3049.59,3051.3,3029.99,3043.79,9445
2024.04.20,10:00,3043.79,3050.0,3031.08,3037.99,7801
2024.04.20,11:00,3038.0,3054.97,3037.76,3047.39,6363
2024.04.20,12:00,3047.38,3067.87,3040.34,3059.45,9408
2024.04.20,13:00,3059.44,3069.94,3058.98,3061.61,5991
2024.04.20,14:00,3061.62,3068.85,3054.13,3065.94,7073
2024.04.20,15:00,3065.95,3114.6,3056.59,3109.86,18632
2024.04.20,16:00,3109.86,3116.42,3087.66,3098.99,15985
2024.04.20,17:00,3099.0,3166.46,3098.99,3154.29,27163
2024.04.20,18:00,3154.28,3161.59,3133.33,3139.19,12415
2024.04.20,19:00,3139.2,3150.68,3127.0,3148.21,8883
2024.04.20,20:00,3148.21,3171.88,3145.0,3156.4,14263
2024.04.20,21:00,3156.4,3162.35,3144.05,3152.11,7576
2024.04.20,22:00,3152.11,3156.77,3140.91,3141.0,7176
2024.04.20,23:00,3140.99,3162.39,3140.9,3155.79,6426
2024.04.21,00:00,3155.79,3156.37,3126.87,3135.61,9537
2024.04.21,01:00,3135.6,3155.0,3135.23,3149.72,5037
2024.04.21,02:00,3149.71,3192.94,3144.81,3181.79,24665
2024.04.21,03:00,3181.8,3197.18,3163.8,3166.8,12153
2024.04.21,04:00,3166.81,3180.91,3152.54,3175.75,8518
2024.04.21,05:00,3175.76,3189.4,3170.37,3176.41,6214
2024.04.21,06:00,3176.4,3191.22,3171.44,3177.99,7443
2024.04.21,07:00,3177.99,3184.03,3163.55,3179.55,10268
2024.04.21,08:00,3179.54,3189.0,3169.01,3169.44,8908
2024.04.21,09:00,3169.45,3175.13,3164.4,3170.35,8063
2024.04.21,10:00,3170.36,3174.51,3153.66,3169.8,10504
2024.04.21,11:00,3169.79,3183.0,3158.0,3168.81,10778
2024.04.21,12:00,3168.81,3176.7,3153.99,3157.61,7065
2024.04.21,13:00,3157.61,3169.89,3137.32,3145.61,12053
2024.04.21,14:00,3145.6,3157.68,3141.71,3147.8,7211
2024.04.21,15:00,3147.81,3165.39,3147.37,3158.82,6572
2024.04.21,16:00,3158.82,3161.36,3116.49,3137.68,21755
2024.04.21,17:00,3137.68,3149.72,3132.86,3148.51,7579
2024.04.21,18:00,3148.51,3148.99,3134.81,3145.6,4667
2024.04.21,19:00,3145.59,3156.73,3136.76,3136.79,5844
2024.04.21,20:00,3136.78,3153.4,3129.82,3149.2,6526
2024.04.21,21:00,3149.21,3169.57,3144.07,3145.0,8335
2024.04.21,22:00,3145.0,3164.03,3140.0,3155.61,6652
2024.04.21,23:00,3155.6,3155.94,3141.45,3147.67,3612
2024.04.22,00:00,3147.66,3168.15,3144.55,3152.13,6331
2024.04.22,01:00,3152.12,3191.79,3138.29,3140.8,25348
2024.04.22,02:00,3140.79,3148.47,3129.15,3148.0,9899
2024.04.22,03:00,3147.99,3210.75,3145.6,3190.1,23195
2024.04.22,04:00,3190.09,3202.08,3184.53,3194.21,11845
2024.04.22,05:00,3194.2,3231.29,3194.2,3227.66,17776
2024.04.22,06:00,3227.66,3235.0,3219.7,3220.34,15853
2024.04.22,07:00,3220.35,3231.45,3203.34,3203.6,10533
2024.04.22,08:00,3203.59,3218.49,3194.61,3204.62,15266
2024.04.22,09:00,3204.62,3218.0,3200.1,3215.4,7984
2024.04.22,10:00,3215.39,3224.0,3208.6,3209.8,8244
2024.04.22,11:00,3209.8,3212.82,3187.99,3194.54,10910
2024.04.22,12:00,3194.55,3208.78,3185.19,3204.46,9143
2024.04.22,13:00,3204.47,3211.64,3177.54,3192.6,15975
2024.04.22,14:00,3192.6,3207.9,3178.29,3183.79,13990
2024.04.22,15:00,3183.79,3186.2,3166.8,3183.32,12911
2024.04.22,16:00,3183.33,3199.73,3169.3,3185.15,13335
2024.04.22,17:00,3185.16,3216.99,3184.45,3199.07,14989
2024.04.22,18:00,3199.07,3204.9,3190.15,3191.41,7834
2024.04.22,19:00,3191.4,3196.18,3175.75,3188.23,8187
2024.04.22,20:00,3188.24,3203.99,3184.02,3190.12,7922
2024.04.22,21:00,3190.12,3198.22,3184.47,3197.36,3829
2024.04.22,22:00,3197.35,3224.2,3197.1,3218.79,9971
2024.04.22,23:00,3218.79,3223.4,3195.37,3200.2,9598
2024.04.23,00:00,3200.19,3218.2,3194.6,3218.08,7193
2024.04.23,01:00,3218.09,3223.36,3204.31,3206.37,7490
2024.04.23,02:00,3206.36,3216.37,3190.23,3194.79,7319
2024.04.23,03:00,3194.79,3200.0,3181.37,3183.9,8999
2024.04.23,04:00,3183.9,3193.49,3168.52,3176.17,9552
2024.04.23,05:00,3176.18,3187.56,3172.26,3185.0,7481
2024.04.23,06:00,3184.99,3191.4,3169.33,3174.59,7451
2024.04.23,07:00,3174.6,3177.72,3152.0,3160.48,14386
2024.04.23,08:00,3160.49,3171.31,3152.45,3169.14,9916
2024.04.23,09:00,3169.14,3172.7,3163.0,3166.58,6137
2024.04.23,10:00,3166.58,3185.55,3166.57,3181.2,9805
2024.04.23,11:00,3181.2,3183.33,3163.74,3179.8,8815
2024.04.23,12:00,3179.79,3189.89,3173.11,3187.21,11982
2024.04.23,13:00,3187.22,3207.9,3175.0,3207.9,16621
2024.04.23,14:00,3207.9,3263.61,3204.61,3247.84,44320
2024.04.23,15:00,3247.84,3249.15,3220.36,3226.13,17880
2024.04.23,16:00,3226.12,3241.56,3217.8,3233.54,9893
2024.04.23,17:00,3233.53,3246.22,3225.03,3237.4,8311
2024.04.23,18:00,3237.4,3240.3,3218.99,3229.42,7900
2024.04.23,19:00,3229.42,3229.42,3213.0,3218.31,5492
2024.04.23,20:00,3218.31,3223.05,3186.43,3209.6,13083
2024.04.23,21:00,3209.6,3212.95,3200.78,3209.21,4012
2024.04.23,22:00,3209.21,3220.37,3207.01,3215.41,5289
2024.04.23,23:00,3215.41,3222.08,3202.61,3219.46,4573
2024.04.24,00:00,3219.46,3233.85,3210.4,3228.94,8855
2024.04.24,01:00,3228.94,3249.28,3227.97,3238.97,7579
2024.04.24,02:00,3238.97,3241.57,3215.92,3231.6,13266
2024.04.24,03:00,3231.6,3245.35,3229.78,3237.61,8485
2024.04.24,04:00,3237.61,3275.54,3236.8,3271.48,15638
2024.04.24,05:00,3271.47,3274.84,3249.18,3257.19,10573
2024.04.24,06:00,3257.2,3260.96,3245.11,3256.04,7606
2024.04.24,07:00,3256.04,3265.77,3249.42,3250.11,8845
2024.04.24,08:00,3250.1,3260.6,3244.81,3252.11,8094
2024.04.24,09:00,3252.12,3254.55,3241.86,3254.25,9561
2024.04.24,10:00,3254.25,3270.53,3246.2,3266.81,14038
2024.04.24,11:00,3266.8,3287.0,3265.1,3281.96,20936
2024.04.24,12:00,3281.97,3293.56,3267.1,3273.06,14780
2024.04.24,13:00,3273.05,3273.36,3240.02,3247.71,26524
2024.04.24,14:00,3247.7,3256.09,3186.99,3214.09,49276
2024.04.24,15:00,3214.09,3214.1,3167.23,3175.8,34642
2024.04.24,16:00,3175.8,3192.12,3158.02,3173.64,26526
2024.04.24,17:00,3173.64,3193.83,3173.2,3180.2,12048
2024.04.24,18:00,3180.21,3181.19,3123.87,3129.76,23037
2024.04.24,19:00,3129.75,3150.25,3104.9,3134.67,23084
2024.04.24,20:00,3134.67,3142.55,3117.36,3133.25,18154
2024.04.24,21:00,3133.24,3150.8,3127.45,3149.79,9017
2024.04.24,22:00,3149.8,3152.59,3121.78,3132.2,9997
2024.04.24,23:00,3132.21,3142.92,3112.05,3140.8,12740
2024.04.25,00:00,3140.79,3161.57,3136.52,3156.81,13688
2024.04.25,01:00,3156.8,3171.2,3142.66,3143.1,13475
2024.04.25,02:00,3143.1,3164.28,3126.6,3154.23,15028
2024.04.25,03:00,3154.22,3160.99,3141.42,3147.41,10032
2024.04.25,04:00,3147.41,3157.0,3126.17,3156.67,12539
2024.04.25,05:00,3156.67,3165.0,3143.17,3158.13,7024
2024.04.25,06:00,3158.14,3167.35,3154.51,3157.83,5514
2024.04.25,07:00,3157.83,3160.06,3129.8,3136.39,11060
2024.04.25,08:00,3136.39,3149.4,3123.33,3138.83,11226
2024.04.25,09:00,3138.83,3152.99,3130.37,3136.14,9220
2024.04.25,10:00,3136.15,3136.15,3072.2,3083.0,41084
2024.04.25,11:00,3083.01,3120.42,3081.41,3112.0,15118
2024.04.25,12:00,3112.01,3154.51,3094.4,3109.0,33495
2024.04.25,13:00,3109.0,3127.65,3082.58,3123.85,29841
2024.04.25,14:00,3123.86,3145.0,3105.28,3117.65,19234
2024.04.25,15:00,3117.65,3168.0,3113.8,3160.4,22020
2024.04.25,16:00,3160.4,3166.6,3148.0,3157.99,17443
2024.04.25,17:00,3157.99,3172.0,3146.24,3160.62,19745
2024.04.25,18:00,3160.62,3173.22,3149.0,3171.4,11977
2024.04.25,19:00,3171.4,3175.65,3153.6,3165.84,6061
2024.04.25,20:00,3165.84,3180.0,3155.94,3174.01,8854
2024.04.25,21:00,3174.0,3191.64,3168.64,3170.68,8419
2024.04.25,22:00,3170.68,3172.31,3157.42,3159.8,5456
2024.04.25,23:00,3159.81,3165.93,3152.3,3155.8,4725
2024.04.26,00:00,3155.81,3159.59,3134.39,3146.2,12134
2024.04.26,01:00,3146.2,3160.75,3124.25,3147.79,14734
2024.04.26,02:00,3147.79,3164.08,3145.67,3153.97,8259
2024.04.26,03:00,3153.97,3155.0,3140.0,3141.59,6546
2024.04.26,04:00,3141.58,3142.66,3130.0,3133.81,8921
2024.04.26,05:00,3133.81,3152.83,3129.0,3152.34,10074
2024.04.26,06:00,3152.34,3154.13,3135.91,3140.31,8392
2024.04.26,07:00,3140.32,3146.53,3130.76,3135.46,16196
2024.04.26,08:00,3135.45,3145.83,3133.33,3142.76,7781
2024.04.26,09:00,3142.76,3157.99,3139.01,3150.15,8354
2024.04.26,10:00,3150.14,3156.15,3121.8,3123.11,11969
2024.04.26,11:00,3123.11,3132.85,3122.7,3128.63,6674
2024.04.26,12:00,3128.63,3150.61,3118.6,3130.0,16487
2024.04.26,13:00,3130.0,3150.21,3110.38,3146.61,18126
2024.04.26,14:00,3146.61,3167.7,3121.55,3125.91,25337
2024.04.26,15:00,3125.9,3134.67,3102.0,3117.6,19007
2024.04.26,16:00,3117.61,3129.4,3105.71,3121.68,8554
2024.04.26,17:00,3121.68,3145.74,3118.75,3145.29,10266
2024.04.26,18:00,3145.29,3155.0,3142.0,3152.81,7402
2024.04.26,19:00,3152.8,3153.39,3133.48,3133.84,5561
2024.04.26,20:00,3133.79,3150.68,3133.79,3144.31,5884
2024.04.26,21:00,3144.32,3153.8,3140.4,3151.87,3519
2024.04.26,22:00,3151.88,3152.59,3120.77,3132.4,8786
2024.04.26,23:00,3132.39,3136.6,3126.84,3131.3,3544
2024.04.27,00:00,3131.3,3138.8,3085.0,3108.52,18798
2024.04.27,01:00,3108.52,3114.61,3066.74,3093.83,27426
2024.04.27,02:00,3093.82,3131.63,3089.3,3120.41,15779
2024.04.27,03:00,3120.41,3125.16,3114.9,3122.18,6740
2024.04.27,04:00,3122.18,3129.48,3116.43,3126.62,5157
2024.04.27,05:00,3126.62,3126.99,3107.69,3117.41,10421
2024.04.27,06:00,3117.41,3130.91,3114.52,3124.13,6316
2024.04.27,07:00,3124.13,3133.25,3119.3,3120.59,4451
2024.04.27,08:00,3120.59,3123.8,3112.0,3114.57,5256
2024.04.27,09:00,3114.56,3122.52,3107.8,3120.0,5199
2024.04.27,10:00,3120.0,3122.6,3109.52,3115.05,5774
2024.04.27,11:00,3115.06,3128.57,3109.06,3124.92,8594
2024.04.27,12:00,3124.92,3142.4,3122.0,3137.37,12702
2024.04.27,13:00,3137.37,3153.59,3133.25,3151.19,17503
2024.04.27,14:00,3151.2,3167.01,3143.9,3151.13,15161
2024.04.27,15:00,3151.14,3156.91,3138.27,3145.05,7151
2024.04.27,16:00,3145.05,3163.01,3142.41,3153.01,13372
2024.04.27,17:00,3153.01,3264.64,3152.66,3257.75,52931
2024.04.27,18:00,3257.75,3285.0,3229.45,3256.6,40463
2024.04.27,19:00,3256.61,3261.0,3233.0,3237.4,9579
2024.04.27,20:00,3237.4,3246.42,3223.07,3237.94,10010
2024.04.27,21:00,3237.94,3252.82,3232.51,3242.51,6671
2024.04.27,22:00,3242.52,3255.47,3242.43,3245.19,9083
2024.04.27,23:00,3245.2,3263.3,3244.95,3255.56,9261
2024.04.28,00:00,3255.55,3260.5,3250.45,3254.55,8488
2024.04.28,01:00,3254.54,3276.92,3253.6,3266.54,7286
2024.04.28,02:00,3266.54,3322.28,3262.28,3310.61,29569
2024.04.28,03:00,3310.6,3329.6,3304.24,3308.87,21151
2024.04.28,04:00,3308.86,3311.83,3300.23,3301.21,9304
2024.04.28,05:00,3301.2,3328.0,3301.18,3313.0,8976
2024.04.28,06:00,3313.0,3326.0,3308.0,3322.01,12432
2024.04.28,07:00,3322.0,3339.99,3313.95,3317.6,13334
2024.04.28,08:00,3317.59,3324.78,3306.73,3311.39,8239
2024.04.28,09:00,3311.39,3318.0,3301.91,3308.26,7721
2024.04.28,10:00,3308.25,3310.6,3286.87,3300.25,16974
2024.04.28,11:00,3300.25,3302.0,3275.01,3286.41,23845
2024.04.28,12:00,3286.41,3298.31,3283.8,3288.01,8560
2024.04.28,13:00,3288.0,3323.19,3285.0,3314.39,22442
2024.04.28,14:00,3314.39,3327.79,3305.71,3315.0,11154
2024.04.28,15:00,3315.0,3326.81,3312.24,3321.01,8774
2024.04.28,16:00,3321.0,3331.11,3308.17,3320.6,11540
2024.04.28,17:00,3320.6,3330.71,3313.74,3326.52,7906
2024.04.28,18:00,3326.53,3357.4,3319.4,3344.29,13147
2024.04.28,19:00,3344.29,3344.6,3315.9,3316.92,6548
2024.04.28,20:00,3316.92,3321.0,3308.81,3311.41,4850
2024.04.28,21:00,3311.4,3313.7,3298.03,3306.24,6572
2024.04.28,22:00,3306.23,3311.49,3282.9,3290.61,15048
2024.04.28,23:00,3290.62,3290.62,3251.97,3263.45,20897
2024.04.29,00:00,3263.44,3286.34,3259.34,3282.52,10534
2024.04.29,01:00,3282.52,3286.95,3264.38,3276.06,12460
2024.04.29,02:00,3276.05,3279.56,3215.0,3221.46,35102
2024.04.29,03:00,3221.46,3224.91,3168.01,3177.6,48522
2024.04.29,04:00,3177.6,3206.43,3171.6,3201.49,17347
2024.04.29,05:00,3201.49,3205.0,3175.45,3204.96,19141
2024.04.29,06:00,3204.96,3208.28,3153.44,3181.85,35467
2024.04.29,07:00,3181.85,3190.18,3171.66,3189.0,17064
2024.04.29,08:00,3188.99,3189.0,3165.0,3172.1,16417
2024.04.29,09:00,3172.11,3187.3,3160.96,3177.28,12080
2024.04.29,10:00,3177.28,3195.4,3172.01,3175.88,11740
2024.04.29,11:00,3175.88,3178.99,3147.54,3160.11,20676
2024.04.29,12:00,3160.11,3175.08,3133.0,3171.57,21691
2024.04.29,13:00,3171.58,3176.1,3115.13,3131.59,29494
2024.04.29,14:00,3131.6,3181.71,3124.61,3175.75,22856
2024.04.29,15:00,3175.74,3186.54,3167.17,3182.45,12539
2024.04.29,16:00,3182.45,3189.6,3155.23,3158.5,14715
2024.04.29,17:00,3158.49,3180.0,3157.31,3173.86,9067
2024.04.29,18:00,3173.85,3178.54,3161.6,3175.89,6886
2024.04.29,19:00,3175.88,3186.02,3162.03,3186.01,10282
2024.04.29,20:00,3186.02,3193.04,3174.15,3176.8,4938
2024.04.29,21:00,3176.8,3178.58,3163.91,3176.0,4278
2024.04.29,22:00,3176.0,3220.0,3172.61,3215.41,15286
2024.04.29,23:00,3215.4,3235.43,3213.64,3216.73,13238
2024.04.30,00:00,3216.74,3250.95,3202.14,3244.37,15000
2024.04.30,01:00,3244.37,3245.2,3170.26,3173.4,21902
2024.04.30,02:00,3173.41,3197.37,3150.0,3193.65,23936
2024.04.30,03:00,3193.65,3194.79,3176.41,3180.79,5917
2024.04.30,04:00,3180.8,3185.48,3168.01,3170.55,8506
2024.04.30,05:00,3170.55,3177.2,3152.0,3168.91,10791
2024.04.30,06:00,3168.91,3175.32,3163.71,3173.0,6487
2024.04.30,07:00,3173.01,3174.16,3153.0,3157.35,10716
2024.04.30,08:00,3157.35,3161.75,3056.11,3067.35,59490
2024.04.30,09:00,3067.34,3074.6,3030.0,3047.8,41851
2024.04.30,10:00,3047.81,3055.84,3032.0,3046.14,19932
2024.04.30,11:00,3046.14,3046.14,3003.7,3007.45,32250
2024.04.30,12:00,3007.45,3017.2,2966.01,3009.2,47504
2024.04.30,13:00,3009.2,3022.78,2984.21,2993.61,22019
2024.04.30,14:00,2993.6,3037.42,2985.01,3020.38,24778
2024.04.30,15:00,3020.38,3029.0,2985.16,2994.12,26680
2024.04.30,16:00,2994.11,2998.6,2945.0,2986.99,37975
2024.04.30,17:00,2987.0,2998.0,2975.07,2985.26,19114
2024.04.30,18:00,2985.25,2991.83,2955.88,2976.39,17899
2024.04.30,19:00,2976.39,2985.83,2921.0,2928.96,43111
2024.04.30,20:00,2928.96,2980.63,2928.0,2967.01,27006
2024.04.30,21:00,2967.0,2994.3,2966.28,2987.87,11883
2024.04.30,22:00,2987.87,3029.4,2985.93,3010.11,18116
2024.04.30,23:00,3010.1,3029.15,3001.0,3014.05,8843
2024.05.01,00:00,3014.04,3023.24,2988.0,2999.05,15150
2024.05.01,01:00,2999.05,3014.7,2978.27,3002.33,16442
2024.05.01,02:00,3002.33,3003.8,2960.03,2987.81,18023
2024.05.01,03:00,2987.81,3008.0,2985.9,3004.37,6505
2024.05.01,04:00,3004.37,3013.87,3002.4,3006.19,7007
2024.05.01,05:00,3006.19,3010.75,2986.21,2995.0,10166
2024.05.01,06:00,2995.0,2997.11,2950.0,2954.16,19114
2024.05.01,07:00,2954.16,2957.25,2859.0,2869.71,87637
2024.05.01,08:00,2869.7,2874.53,2817.0,2862.59,74822
2024.05.01,09:00,2862.59,2891.75,2857.36,2875.97,30422
2024.05.01,10:00,2875.98,2897.66,2860.0,2894.45,16754
2024.05.01,11:00,2894.44,2906.27,2880.0,2905.39,21421
2024.05.01,12:00,2905.4,2934.0,2898.32,2917.01,21260
2024.05.01,13:00,2917.0,2921.35,2880.0,2889.64,17983
2024.05.01,14:00,2889.64,2912.42,2882.03,2906.0,15255
2024.05.01,15:00,2906.0,2907.56,2865.91,2885.45,21544
2024.05.01,16:00,2885.46,2913.23,2875.63,2891.01,15208
2024.05.01,17:00,2891.0,2933.63,2868.72,2921.92,19072
2024.05.01,18:00,2921.92,3015.73,2918.14,2990.04,89485
2024.05.01,19:00,2990.04,3001.2,2909.97,2926.06,48675
2024.05.01,20:00,2926.05,2948.0,2914.42,2941.19,16862
2024.05.01,21:00,2941.2,2976.5,2935.81,2967.99,14539
2024.05.01,22:00,2968.0,2980.49,2966.07,2969.56,10787
2024.05.01,23:00,2969.56,2984.89,2962.61,2972.46,10819
2024.05.02,00:00,2972.46,2982.18,2944.68,2948.4,13371
2024.05.02,01:00,2948.41,2957.05,2893.26,2906.02,23929
2024.05.02,02:00,2906.01,2929.49,2901.55,2917.2,23550
2024.05.02,03:00,2917.19,2934.0,2917.19,2929.33,13593
2024.05.02,04:00,2929.34,2938.0,2917.54,2922.8,10692
2024.05.02,05:00,2922.8,2923.19,2898.2,2916.06,10234
2024.05.02,06:00,2916.05,2925.22,2910.14,2914.6,7378
2024.05.02,07:00,2914.6,2936.61,2914.05,2921.22,11471
2024.05.02,08:00,2921.22,2946.16,2916.73,2941.8,13350
2024.05.02,09:00,2941.8,2948.4,2934.6,2946.35,7557
2024.05.02,10:00,2946.36,2968.0,2937.54,2965.66,15119
2024.05.02,11:00,2965.66,3002.51,2965.21,2995.55,43060
2024.05.02,12:00,2995.54,3013.0,2980.52,2982.61,22415
2024.05.02,13:00,2982.61,2988.88,2957.6,2965.81,20809
2024.05.02,14:00,2965.8,2997.94,2952.4,2992.26,25160
2024.05.02,15:00,2992.25,3001.45,2985.8,2990.17,20554
2024.05.02,16:00,2990.16,2995.0,2976.81,2981.36,11939
2024.05.02,17:00,2981.36,2999.0,2975.63,2992.51,8669
2024.05.02,18:00,2992.51,3006.0,2972.0,2991.78,15391
2024.05.02,19:00,2991.78,3000.99,2980.46,2999.81,7031
2024.05.02,20:00,2999.8,3002.0,2968.84,2986.01,14304
2024.05.02,21:00,2986.01,3016.72,2984.52,2996.48,10971
2024.05.02,22:00,2996.49,3015.45,2989.85,2997.41,9738
2024.05.02,23:00,2997.41,2999.0,2984.45,2986.19,5644
2024.05.03,00:00,2986.19,2995.35,2977.7,2983.59,7945
2024.05.03,01:00,2983.6,3015.76,2981.25,3006.99,11579
2024.05.03,02:00,3006.99,3036.17,3002.89,3012.2,13633
2024.05.03,03:00,3012.19,3023.8,3006.15,3010.15,7861
2024.05.03,04:00,3010.14,3017.2,2997.1,3004.01,7962
2024.05.03,05:00,3004.0,3005.31,2995.11,2997.18,6504
2024.05.03,06:00,2997.19,2999.2,2981.8,2982.01,8790
2024.05.03,07:00,2982.01,2991.69,2958.71,2969.0,14158
2024.05.03,08:00,2969.0,2983.92,2964.4,2972.11,7303
2024.05.03,09:00,2972.11,2990.62,2970.15,2983.2,5248
2024.05.03,10:00,2983.2,2986.15,2958.32,2971.01,10351
2024.05.03,11:00,2971.01,2985.17,2963.25,2979.5,11671
2024.05.03,12:00,2979.49,3045.0,2969.75,3035.01,49430
2024.05.03,13:00,3035.0,3064.56,3030.6,3061.05,53810
2024.05.03,14:00,3061.05,3073.73,3044.35,3055.0,25297
2024.05.03,15:00,3055.01,3086.0,3048.99,3075.52,23900
2024.05.03,16:00,3075.52,3087.99,3063.2,3067.6,16747
2024.05.03,17:00,3067.61,3083.5,3062.61,3079.35,7892
2024.05.03,18:00,3079.35,3083.09,3066.85,3069.2,7218
2024.05.03,19:00,3069.2,3074.19,3062.61,3072.5,6391
2024.05.03,20:00,3072.51,3126.99,3068.59,3113.0,27495
2024.05.03,21:00,3112.99,3116.53,3094.2,3109.95,7942
2024.05.03,22:00,3109.95,3116.6,3104.01,3106.0,6868
2024.05.03,23:00,3106.0,3120.0,3098.8,3102.61,9820
2024.05.04,00:00,3102.61,3125.86,3098.55,3117.34,8475
2024.05.04,01:00,3117.33,3130.85,3105.0,3105.2,10276
2024.05.04,02:00,3105.21,3106.59,3092.85,3100.79,6304
2024.05.04,03:00,3100.79,3113.94,3099.42,3112.0,6150
2024.05.04,04:00,3112.0,3123.06,3105.07,3116.99,8549
2024.05.04,05:00,3116.99,3122.83,3106.21,3118.6,5875
2024.05.04,06:00,3118.6,3118.6,3104.13,3106.34,5221
2024.05.04,07:00,3106.33,3109.05,3095.37,3095.94,6006
2024.05.04,08:00,3095.94,3111.28,3095.68,3108.4,5162
2024.05.04,09:00,3108.41,3112.89,3102.0,3106.34,4224
2024.05.04,10:00,3106.35,3168.0,3101.08,3165.34,23801
2024.05.04,11:00,3165.34,3167.8,3120.32,3130.45,21885
2024.05.04,12:00,3130.45,3152.88,3125.0,3150.81,8507
2024.05.04,13:00,3150.8,3158.95,3117.57,3129.61,14218
2024.05.04,14:00,3129.61,3135.91,3119.49,3130.6,7683
2024.05.04,15:00,3130.6,3131.4,3115.08,3126.81,6959
2024.05.04,16:00,3126.8,3129.58,3115.1,3128.41,6783
2024.05.04,17:00,3128.4,3135.42,3114.08,3122.21,6026
2024.05.04,18:00,3122.21,3131.61,3118.31,3124.51,5370
2024.05.04,19:00,3124.5,3140.0,3119.38,3137.01,5365
2024.05.04,20:00,3137.02,3147.0,3127.63,3127.63,7184
2024.05.04,21:00,3127.63,3130.0,3104.34,3121.53,8831
2024.05.04,22:00,3121.54,3124.01,3106.07,3107.4,4051
2024.05.04,23:00,3107.4,3119.65,3106.47,3117.23,3346
2024.05.05,00:00,3117.24,3126.41,3086.11,3108.3,18146
2024.05.05,01:00,3108.3,3113.94,3072.99,3090.2,18492
2024.05.05,02:00,3090.2,3096.2,3080.88,3080.89,5919
2024.05.05,03:00,3080.88,3087.73,3074.0,3086.91,7984
2024.05.05,04:00,3086.9,3095.4,3085.69,3089.0,6034
2024.05.05,05:00,3089.0,3097.86,3080.83,3085.71,4263
2024.05.05,06:00,3085.71,3096.45,3081.47,3092.44,3628
2024.05.05,07:00,3092.43,3114.8,3090.4,3105.7,7654
2024.05.05,08:00,3105.7,3171.93,3103.52,3155.79,36786
2024.05.05,09:00,3155.79,3157.33,3130.04,3143.92,17320
2024.05.05,10:00,3143.93,3152.08,3129.0,3134.37,8007
2024.05.05,11:00,3134.38,3141.17,3127.89,3138.1,4613
2024.05.05,12:00,3138.1,3141.04,3129.43,3137.2,3747
2024.05.05,13:00,3137.19,3155.0,3127.04,3147.59,11927
2024.05.05,14:00,3147.59,3154.83,3128.6,3153.27,8515
2024.05.05,15:00,3153.27,3168.0,3144.44,3160.19,12649
2024.05.05,16:00,3160.18,3166.34,3142.89,3148.22,11493
2024.05.05,17:00,3148.22,3160.95,3143.67,3147.8,4571
2024.05.05,18:00,3147.81,3147.94,3130.68,3139.66,6062
2024.05.05,19:00,3139.65,3145.78,3132.95,3142.45,3600
2024.05.05,20:00,3142.45,3144.72,3133.3,3137.47,5750
2024.05.05,21:00,3137.47,3137.72,3122.89,3136.3,3771
2024.05.05,22:00,3136.3,3136.84,3126.0,3131.99,2552
2024.05.05,23:00,3132.0,3146.66,3130.41,3136.41,5266
2024.05.06,00:00,3136.4,3157.83,3136.4,3147.97,5614
2024.05.06,01:00,3147.98,3165.97,3137.16,3143.8,8132
2024.05.06,02:00,3143.8,3153.5,3132.21,3132.54,5654
2024.05.06,03:00,3132.54,3139.2,3124.38,3134.61,6847
2024.05.06,04:00,3134.61,3148.1,3127.94,3148.1,5715
2024.05.06,05:00,3148.09,3178.58,3141.28,3178.52,14823
2024.05.06,06:00,3178.52,3191.94,3172.36,3176.41,17475
2024.05.06,07:00,3176.42,3184.34,3168.64,3180.53,8045
2024.05.06,08:00,3180.54,3221.4,3175.96,3197.61,30001
2024.05.06,09:00,3197.61,3207.45,3192.09,3202.19,9844
2024.05.06,10:00,3202.2,3204.1,3131.2,3145.96,31687
2024.05.06,11:00,3145.96,3164.3,3138.97,3149.23,26789
2024.05.06,12:00,3149.23,3154.99,3085.23,3102.94,42512
2024.05.06,13:00,3102.94,3121.06,3095.07,3116.97,23147
2024.05.06,14:00,3116.97,3124.26,3073.77,3077.46,27735
2024.05.06,15:00,3077.46,3094.07,3056.61,3089.25,25388
2024.05.06,16:00,3089.25,3096.36,3069.32,3072.26,11303
2024.05.06,17:00,3072.25,3089.55,3060.0,3070.5,8835
2024.05.06,18:00,3070.49,3084.98,3061.38,3076.5,8137
2024.05.06,19:00,3076.5,3076.71,3046.35,3069.84,14245
2024.05.06,20:00,3069.83,3081.24,3062.01,3077.42,7555
2024.05.06,21:00,3077.43,3089.11,3076.65,3085.11,5435
2024.05.06,22:00,3085.12,3086.53,3078.27,3081.79,4925
2024.05.06,23:00,3081.79,3081.8,3060.98,3062.6,5281
2024.05.07,00:00,3062.59,3083.82,3048.52,3071.99,11077
2024.05.07,01:00,3071.99,3096.8,3068.4,3094.56,8389
2024.05.07,02:00,3094.56,3095.4,3082.36,3086.1,5461
2024.05.07,03:00,3086.1,3087.9,3021.34,3049.19,23290
2024.05.07,04:00,3049.19,3067.65,3044.01,3066.17,8773
2024.05.07,05:00,3066.18,3081.55,3055.32,3069.39,7582
2024.05.07,06:00,3069.38,3075.99,3058.15,3069.36,6225
2024.05.07,07:00,3069.36,3082.5,3064.0,3077.4,6780
2024.05.07,08:00,3077.4,3125.54,3074.21,3119.4,39142
2024.05.07,09:00,3119.39,3129.85,3108.71,3113.01,11248
2024.05.07,10:00,3113.02,3115.0,3089.79,3100.01,12974
2024.05.07,11:00,3100.01,3105.49,3059.09,3063.39,15731
2024.05.07,12:00,3063.4,3083.49,3063.22,3075.91,9548
2024.05.07,13:00,3075.91,3081.45,3048.62,3060.62,14548
2024.05.07,14:00,3060.63,3092.73,3045.7,3091.79,15430
2024.05.07,15:00,3091.8,3106.0,3068.4,3071.41,20242
2024.05.07,16:00,3071.41,3079.41,3061.0,3071.3,7247
2024.05.07,17:00,3071.3,3071.78,3054.9,3059.39,7354
2024.05.07,18:00,3059.39,3059.88,3027.0,3047.92,12967
2024.05.07,19:00,3047.92,3055.41,3044.4,3049.62,6351
2024.05.07,20:00,3049.61,3059.1,3034.54,3048.16,6779
2024.05.07,21:00,3048.15,3061.44,3035.89,3051.2,6716
2024.05.07,22:00,3051.2,3052.85,3028.06,3036.64,7366
2024.05.07,23:00,3036.64,3037.8,2998.0,3005.69,27563
2024.05.08,00:00,3005.69,3023.74,2994.58,3020.25,13053
2024.05.08,01:00,3020.26,3030.0,3015.01,3024.25,7544
2024.05.08,02:00,3024.24,3034.35,3024.24,3026.1,5555
2024.05.08,03:00,3026.11,3038.15,3018.94,3032.33,4872
2024.05.08,04:00,3032.32,3036.52,3000.28,3012.81,10382
2024.05.08,05:00,3012.8,3028.9,3004.6,3025.81,6239
2024.05.08,06:00,3025.8,3030.43,2994.66,3015.19,18190
2024.05.08,07:00,3015.19,3022.0,2989.56,2995.01,13511
2024.05.08,08:00,2995.01,3009.33,2982.89,3001.28,12875
2024.05.08,09:00,3001.28,3006.1,2978.4,2998.42,13765
2024.05.08,10:00,2998.43,3011.4,2996.06,3004.53,11363
2024.05.08,11:00,3004.53,3006.2,2982.0,2990.31,8332
2024.05.08,12:00,2990.31,3006.96,2985.0,3002.26,9694
2024.05.08,13:00,3002.26,3032.42,2988.89,3027.79,18780
2024.05.08,14:00,3027.8,3032.5,3008.4,3020.22,15738
2024.05.08,15:00,3020.22,3023.08,2986.0,3006.98,15447
2024.05.08,16:00,3006.99,3016.16,2992.45,3016.15,7254
2024.05.08,17:00,3016.15,3024.11,3005.38,3011.09,6506
2024.05.08,18:00,3011.1,3022.16,3008.94,3009.5,4298
2024.05.08,19:00,3009.5,3015.4,2986.58,2999.38,7955
2024.05.08,20:00,2999.39,3004.0,2936.48,2951.61,25973
2024.05.08,21:00,2951.61,2982.31,2942.74,2972.01,12376
2024.05.08,22:00,2972.0,2974.75,2953.92,2969.18,9259
2024.05.08,23:00,2969.17,2977.5,2961.73,2974.21,7962
2024.05.09,00:00,2974.2,2990.0,2972.2,2987.4,6426
2024.05.09,01:00,2987.41,2999.49,2987.2,2997.33,7149
2024.05.09,02:00,2997.33,3005.1,2993.0,2998.49,5358
2024.05.09,03:00,2998.49,3003.0,2987.98,2997.9,5873
2024.05.09,04:00,2997.91,3004.61,2992.69,2993.19,7961
2024.05.09,05:00,2993.19,3014.96,2992.57,3004.25,12133
2024.05.09,06:00,3004.25,3013.04,2997.4,3001.0,5902
2024.05.09,07:00,3000.99,3002.0,2975.7,2983.59,19324
2024.05.09,08:00,2983.59,2991.8,2975.07,2984.81,7137
2024.05.09,09:00,2984.8,2986.99,2964.06,2982.54,9874
2024.05.09,10:00,2982.54,2984.33,2952.96,2955.19,11440
2024.05.09,11:00,2955.2,2985.19,2950.77,2977.2,11177
2024.05.09,12:00,2977.2,2998.21,2975.6,2988.15,11378
2024.05.09,13:00,2988.15,2990.19,2955.86,2973.61,18369
2024.05.09,14:00,2973.61,2989.3,2968.24,2987.2,12528
2024.05.09,15:00,2987.21,3019.28,2980.79,3005.99,20229
2024.05.09,16:00,3005.99,3025.98,2992.34,2994.61,15148
2024.05.09,17:00,2994.61,3012.26,2989.59,3003.8,8126
2024.05.09,18:00,3003.79,3016.8,3001.67,3016.8,5172
2024.05.09,19:00,3016.8,3023.78,3013.06,3021.41,5692
2024.05.09,20:00,3021.4,3029.18,3015.66,3021.8,4841
2024.05.09,21:00,3021.81,3029.85,3016.04,3020.39,4375
2024.05.09,22:00,3020.39,3059.0,3016.61,3054.34,12498
2024.05.09,23:00,3054.35,3055.6,3028.4,3036.23,10438
2024.05.10,00:00,3036.24,3037.39,3021.9,3026.0,6840
2024.05.10,01:00,3026.0,3044.0,3018.23,3037.2,18740
2024.05.10,02:00,3037.2,3037.21,3024.81,3030.84,7006
2024.05.10,03:00,3030.84,3030.84,3022.91,3028.95,4527
2024.05.10,04:00,3028.95,3033.82,3024.55,3031.59,6532
2024.05.10,05:00,3031.6,3033.78,3021.64,3029.8,6927
2024.05.10,06:00,3029.8,3049.79,3027.82,3046.59,13572
2024.05.10,07:00,3046.6,3053.89,3039.46,3042.26,12444
2024.05.10,08:00,3042.27,3045.23,3029.31,3036.99,10710
2024.05.10,09:00,3037.0,3037.0,3024.49,3033.18,8273
2024.05.10,10:00,3033.18,3035.07,3023.82,3029.95,3812
2024.05.10,11:00,3029.95,3038.94,3022.0,3037.85,6651
2024.05.10,12:00,3037.85,3044.53,3023.1,3028.0,6526
2024.05.10,13:00,3028.0,3031.0,3016.54,3020.66,6809
2024.05.10,14:00,3020.65,3025.05,2924.18,2935.78,62539
2024.05.10,15:00,2935.79,2946.11,2907.79,2918.54,36829
2024.05.10,16:00,2918.54,2935.0,2888.47,2921.7,36631
2024.05.10,17:00,2921.71,2921.71,2878.03,2892.77,27946
2024.05.10,18:00,2892.77,2909.4,2885.4,2907.64,11597
2024.05.10,19:00,2907.63,2916.55,2897.39,2901.6,7866
2024.05.10,20:00,2901.6,2912.59,2888.19,2893.37,7220
2024.05.10,21:00,2893.36,2906.53,2887.4,2906.52,7038
2024.05.10,22:00,2906.52,2910.4,2896.55,2905.56,6617
2024.05.10,23:00,2905.56,2916.11,2905.18,2909.99,4191
2024.05.11,00:00,2909.98,2920.0,2907.61,2914.46,7043
2024.05.11,01:00,2914.45,2936.59,2913.93,2919.49,10169
2024.05.11,02:00,2919.5,2924.66,2912.23,2918.79,6128
2024.05.11,03:00,2918.8,2919.91,2905.2,2911.0,4354
2024.05.11,04:00,2911.0,2916.16,2905.9,2913.01,4009
2024.05.11,05:00,2913.0,2922.69,2913.0,2918.86,3593
2024.05.11,06:00,2918.85,2927.74,2916.33,2920.27,4891
2024.05.11,07:00,2920.27,2924.59,2915.13,2921.79,4569
2024.05.11,08:00,2921.8,2925.38,2909.84,2910.56,7823
2024.05.11,09:00,2910.56,2911.88,2897.73,2911.28,8221
2024.05.11,10:00,2911.29,2911.43,2900.0,2906.88,2985
2024.05.11,11:00,2906.87,2910.25,2886.46,2903.4,7241
2024.05.11,12:00,2903.4,2910.52,2897.75,2900.19,4567
2024.05.11,13:00,2900.2,2916.44,2896.0,2913.84,5888
2024.05.11,14:00,2913.84,2915.15,2900.62,2902.34,6349
2024.05.11,15:00,2902.33,2945.67,2902.33,2925.72,18000
2024.05.11,16:00,2925.72,2931.72,2917.43,2924.45,5526
2024.05.11,17:00,2924.46,2932.44,2918.4,2930.28,4175
2024.05.11,18:00,2930.27,2940.37,2923.06,2932.79,4509
2024.05.11,19:00,2932.79,2933.61,2925.6,2930.61,1780
2024.05.11,20:00,2930.61,2930.96,2912.41,2922.84,4705
2024.05.11,21:00,2922.84,2922.85,2915.85,2918.76,2071
2024.05.11,22:00,2918.75,2921.98,2915.6,2915.99,3968
2024.05.11,23:00,2915.99,2919.59,2906.48,2912.45,5587
2024.05.12,00:00,2912.45,2925.33,2911.2,2920.75,3462
2024.05.12,01:00,2920.74,2924.98,2912.21,2912.51,1866
2024.05.12,02:00,2912.51,2924.17,2909.11,2919.6,2918
2024.05.12,03:00,2919.59,2923.4,2916.45,2921.13,2753
2024.05.12,04:00,2921.12,2932.26,2920.6,2928.82,3096
2024.05.12,05:00,2928.82,2928.97,2922.89,2925.93,2155
2024.05.12,06:00,2925.94,2927.2,2917.33,2919.75,2646
2024.05.12,07:00,2919.74,2922.28,2901.17,2907.8,6282
2024.05.12,08:00,2907.8,2918.12,2902.68,2915.8,4718
2024.05.12,09:00,2915.79,2918.15,2910.0,2915.69,4019
2024.05.12,10:00,2915.7,2943.73,2914.02,2930.63,11027
2024.05.12,11:00,2930.64,2934.2,2925.0,2928.0,3078
2024.05.12,12:00,2928.0,2934.2,2925.41,2929.7,3958
2024.05.12,13:00,2929.71,2937.98,2927.6,2936.2,3810
2024.05.12,14:00,2936.21,2939.57,2927.0,2929.53,4748
2024.05.12,15:00,2929.53,2943.77,2926.62,2938.0,5714
2024.05.12,16:00,2937.99,2955.2,2929.58,2929.59,11529
2024.05.12,17:00,2929.59,2943.2,2921.25,2941.61,6925
2024.05.12,18:00,2941.62,2941.8,2927.8,2929.01,2647
2024.05.12,19:00,2929.0,2930.8,2921.62,2929.59,3121
2024.05.12,20:00,2929.6,2930.3,2923.06,2923.6,2128
2024.05.12,21:00,2923.6,2934.23,2913.78,2929.21,7174
2024.05.12,22:00,2929.21,2934.6,2926.49,2931.97,4645
2024.05.12,23:00,2931.96,2936.27,2928.9,2929.29,3238
2024.05.13,00:00,2929.3,2942.97,2929.29,2932.91,4546
2024.05.13,01:00,2932.91,2935.4,2906.71,2917.73,14707
2024.05.13,02:00,2917.74,2923.28,2874.0,2885.35,28524
2024.05.13,03:00,2885.35,2890.65,2864.76,2889.92,35381
2024.05.13,04:00,2889.92,2889.93,2878.46,2885.75,9801
2024.05.13,05:00,2885.74,2894.25,2870.37,2875.42,8407
2024.05.13,06:00,2875.42,2922.66,2872.6,2919.19,15514
2024.05.13,07:00,2919.2,2958.0,2915.46,2953.99,23266
2024.05.13,08:00,2953.99,2987.97,2953.99,2972.96,34194
2024.05.13,09:00,2972.97,2996.4,2972.96,2985.89,12248
2024.05.13,10:00,2985.88,2987.6,2948.4,2963.0,14042
2024.05.13,11:00,2963.0,2969.55,2954.38,2965.57,7848
2024.05.13,12:00,2965.57,2973.0,2954.83,2965.71,16952
2024.05.13,13:00,2965.72,2987.0,2962.03,2964.81,24900
2024.05.13,14:00,2964.81,2973.56,2949.26,2951.92,30167
2024.05.13,15:00,2951.93,2973.45,2950.0,2961.22,15776
2024.05.13,16:00,2961.21,2976.91,2954.52,2976.33,19006
2024.05.13,17:00,2976.33,2977.89,2935.2,2940.97,16202
2024.05.13,18:00,2940.96,2944.99,2928.66,2943.52,8713
2024.05.13,19:00,2943.51,2957.7,2943.31,2956.7,7961
2024.05.13,20:00,2956.69,2960.0,2950.6,2954.39,4558
2024.05.13,21:00,2954.4,2956.28,2944.74,2951.39,3624
2024.05.13,22:00,2951.39,2954.6,2938.0,2940.27,8305
2024.05.13,23:00,2940.28,2952.94,2940.27,2950.99,4011
2024.05.14,00:00,2950.99,2958.76,2937.51,2945.8,8841
2024.05.14,01:00,2945.8,2960.6,2938.16,2946.4,7608
2024.05.14,02:00,2946.39,2955.88,2938.51,2949.18,7903
2024.05.14,03:00,2949.18,2956.81,2936.66,2940.99,5395
2024.05.14,04:00,2940.99,2947.62,2931.01,2937.29,5061
2024.05.14,05:00,2937.29,2949.07,2936.0,2942.69,4078
2024.05.14,06:00,2942.69,2942.69,2882.29,2916.03,28100
2024.05.14,07:00,2916.04,2920.6,2913.06,2920.03,8258
2024.05.14,08:00,2920.02,2920.03,2905.84,2914.06,7522
2024.05.14,09:00,2914.06,2918.58,2906.49,2912.59,4880
2024.05.14,10:00,2912.6,2914.67,2897.53,2903.92,7753
2024.05.14,11:00,2903.92,2912.61,2903.1,2907.94,3940
2024.05.14,12:00,2907.94,2920.0,2887.92,2894.61,27329
2024.05.14,13:00,2894.6,2912.43,2889.57,2896.78,13024
2024.05.14,14:00,2896.79,2924.14,2870.25,2894.3,46163
2024.05.14,15:00,2894.29,2915.94,2887.29,2898.93,23456
2024.05.14,16:00,2898.94,2900.67,2884.82,2892.88,10511
2024.05.14,17:00,2892.88,2894.95,2862.0,2876.07,17010
2024.05.14,18:00,2876.06,2890.42,2870.86,2887.57,6610
2024.05.14,19:00,2887.58,2897.85,2886.21,2893.74,6005
2024.05.14,20:00,2893.73,2900.71,2888.01,2892.5,6251
2024.05.14,21:00,2892.51,2903.0,2887.5,2896.0,4634
2024.05.14,22:00,2895.99,2898.6,2887.77,2889.59,5341
2024.05.14,23:00,2889.58,2890.78,2878.65,2881.93,3990
2024.05.15,00:00,2881.93,2894.99,2863.75,2869.59,7442
2024.05.15,01:00,2869.59,2887.47,2868.73,2885.85,4972
2024.05.15,02:00,2885.86,2893.53,2884.19,2888.39,5335
2024.05.15,03:00,2888.39,2903.08,2888.38,2902.64,6360
2024.05.15,04:00,2902.65,2904.73,2897.98,2903.81,4157
2024.05.15,05:00,2903.81,2913.22,2900.26,2906.98,10504
2024.05.15,06:00,2906.98,2910.6,2900.86,2906.15,4854
2024.05.15,07:00,2906.15,2922.0,2902.63,2916.51,11966
2024.05.15,08:00,2916.5,2919.0,2903.32,2905.2,7202
2024.05.15,09:00,2905.2,2933.8,2894.29,2920.16,14420
2024.05.15,10:00,2920.16,2923.76,2906.29,2907.28,13941
2024.05.15,11:00,2907.28,2908.79,2886.81,2898.74,15547
2024.05.15,12:00,2898.74,2958.7,2893.02,2947.35,44690
2024.05.15,13:00,2947.34,2982.0,2935.43,2950.48,35917
2024.05.15,14:00,2950.49,2976.66,2945.0,2976.08,19583
2024.05.15,15:00,2976.09,2992.99,2969.19,2976.81,32677
2024.05.15,16:00,2976.8,2989.73,2970.0,2974.18,12435
2024.05.15,17:00,2974.19,2989.98,2973.17,2983.45,7088
2024.05.15,18:00,2983.45,3008.63,2982.55,3003.56,16626
2024.05.15,19:00,3003.57,3025.96,2991.18,3024.56,19664
2024.05.15,20:00,3024.55,3029.0,3010.56,3021.27,11879
2024.05.15,21:00,3021.27,3023.52,3011.83,3013.45,6759
2024.05.15,22:00,3013.45,3022.73,3009.49,3013.35,7222
2024.05.15,23:00,3013.36,3041.36,3013.35,3032.55,29001
2024.05.16,00:00,3032.55,3041.24,3016.39,3021.54,30500
2024.05.16,01:00,3021.54,3024.58,3008.95,3014.99,11328
2024.05.16,02:00,3014.99,3016.79,2997.0,3003.8,9052
2024.05.16,03:00,3003.8,3018.55,2999.0,3013.44,9958
2024.05.16,04:00,3013.45,3014.89,3004.46,3008.05,6500
2024.05.16,05:00,3008.06,3010.65,3004.81,3006.48,5948
2024.05.16,06:00,3006.48,3019.55,3004.4,3015.46,6659
2024.05.16,07:00,3015.46,3021.37,3012.89,3016.31,9543
2024.05.16,08:00,3016.31,3027.85,3005.5,3009.19,11475
2024.05.16,09:00,3009.18,3010.0,2999.4,3010.0,10276
2024.05.16,10:00,3009.99,3010.4,2989.72,2998.31,13675
2024.05.16,11:00,2998.31,3009.2,2992.2,3006.45,7755
2024.05.16,12:00,3006.45,3009.12,2973.84,2980.0,26479
2024.05.16,13:00,2980.01,2987.87,2967.0,2983.14,18564
2024.05.16,14:00,2983.15,2987.27,2937.7,2941.27,25846
2024.05.16,15:00,2941.28,2961.7,2931.05,2956.57,18371
2024.05.16,16:00,2956.57,2960.64,2943.39,2946.62,20053
2024.05.16,17:00,2946.62,2952.42,2925.02,2947.24,14508
2024.05.16,18:00,2947.24,2954.35,2946.39,2949.01,6901
2024.05.16,19:00,2949.0,2956.17,2943.41,2944.76,6824
2024.05.16,20:00,2944.75,2945.93,2933.51,2937.37,5444
2024.05.16,21:00,2937.37,2941.44,2927.1,2940.59,6267
2024.05.16,22:00,2940.59,2940.8,2922.8,2939.54,5394
2024.05.16,23:00,2939.54,2946.1,2931.81,2944.7,6541
2024.05.17,00:00,2944.7,2953.13,2940.96,2952.65,6770
2024.05.17,01:00,2952.65,2952.99,2933.06,2945.27,7558
2024.05.17,02:00,2945.26,2956.03,2940.62,2950.21,6386
2024.05.17,03:00,2950.21,2956.28,2948.14,2950.49,8279
2024.05.17,04:00,2950.5,2957.0,2944.56,2945.32,6333
2024.05.17,05:00,2945.32,2949.94,2941.0,2947.34,4853
2024.05.17,06:00,2947.35,2967.99,2940.0,2960.47,14836
2024.05.17,07:00,2960.46,3033.0,2960.45,3024.67,57064
2024.05.17,08:00,3024.66,3059.53,3017.74,3028.15,33359
2024.05.17,09:00,3028.14,3035.71,3023.38,3028.01,10685
2024.05.17,10:00,3028.0,3039.75,3018.0,3037.1,15510
2024.05.17,11:00,3037.1,3037.81,3024.22,3030.4,9042
2024.05.17,12:00,3030.4,3084.9,3020.1,3079.79,26334
2024.05.17,13:00,3079.79,3088.59,3053.48,3059.48,21973
2024.05.17,14:00,3059.49,3094.55,3057.24,3092.0,24088
2024.05.17,15:00,3092.0,3118.54,3076.2,3111.54,36567
2024.05.17,16:00,3111.54,3120.0,3093.74,3095.75,16142
2024.05.17,17:00,3095.76,3102.79,3084.0,3085.44,17473
2024.05.17,18:00,3085.43,3089.61,3067.16,3087.41,14203
2024.05.17,19:00,3087.41,3089.58,3079.18,3085.16,4631
2024.05.17,20:00,3085.16,3091.99,3080.59,3088.99,3643
2024.05.17,21:00,3088.99,3094.0,3085.43,3086.19,4055
2024.05.17,22:00,3086.19,3095.76,3085.95,3090.99,4128
2024.05.17,23:00,3090.98,3094.34,3087.72,3092.01,3801
2024.05.18,00:00,3092.0,3098.8,3086.12,3096.45,6069
2024.05.18,01:00,3096.45,3114.0,3083.61,3108.19,11371
2024.05.18,02:00,3108.19,3109.4,3092.23,3099.06,9378
2024.05.18,03:00,3099.06,3126.66,3098.6,3114.4,19575
2024.05.18,04:00,3114.39,3119.94,3099.16,3101.84,6957
2024.05.18,05:00,3101.84,3102.29,3093.27,3097.39,7530
2024.05.18,06:00,3097.38,3100.35,3090.71,3099.01,6199
2024.05.18,07:00,3099.01,3114.0,3095.81,3101.99,9348
2024.05.18,08:00,3102.0,3120.37,3100.27,3117.1,8862
2024.05.18,09:00,3117.1,3128.83,3112.2,3126.75,9916
2024.05.18,10:00,3126.74,3143.45,3120.4,3137.19,16978
2024.05.18,11:00,3137.2,3146.98,3132.15,3133.79,12112
2024.05.18,12:00,3133.79,3135.0,3116.31,3117.59,11322
2024.05.18,13:00,3117.6,3121.75,3106.02,3108.01,11311
2024.05.18,14:00,3108.0,3114.99,3095.71,3105.06,13002
2024.05.18,15:00,3105.05,3115.0,3101.58,3110.89,7300
2024.05.18,16:00,3110.89,3121.2,3105.88,3110.96,8173
2024.05.18,17:00,3110.96,3118.6,3109.8,3114.24,3833
2024.05.18,18:00,3114.25,3117.4,3110.07,3112.23,3203
2024.05.18,19:00,3112.22,3120.69,3110.61,3119.69,2561
2024.05.18,20:00,3119.69,3126.89,3114.25,3120.0,4589
2024.05.18,21:00,3120.0,3121.78,3106.05,3115.79,4775
2024.05.18,22:00,3115.8,3126.38,3113.8,3117.92,3028
2024.05.18,23:00,3117.91,3124.77,3115.7,3122.94,2573
2024.05.19,00:00,3122.94,3125.5,3112.61,3112.97,4333
2024.05.19,01:00,3112.96,3120.77,3112.96,3117.93,2742
2024.05.19,02:00,3117.93,3136.64,3117.66,3133.2,7461
2024.05.19,03:00,3133.21,3134.12,3126.2,3129.36,4301
2024.05.19,04:00,3129.35,3130.52,3114.28,3123.3,4403
2024.05.19,05:00,3123.31,3124.7,3117.34,3119.29,3528
2024.05.19,06:00,3119.28,3119.29,3103.33,3110.0,4662
2024.05.19,07:00,3110.0,3118.26,3104.32,3115.81,5478
2024.05.19,08:00,3115.8,3116.6,3103.75,3107.55,5503
2024.05.19,09:00,3107.56,3110.76,3098.13,3110.1,8831
2024.05.19,10:00,3110.11,3125.0,3101.11,3104.66,10061
2024.05.19,11:00,3104.65,3107.31,3082.04,3102.58,17787
2024.05.19,12:00,3102.59,3103.0,3074.57,3077.5,16697
2024.05.19,13:00,3077.49,3090.89,3068.03,3085.35,9742
2024.05.19,14:00,3085.35,3087.98,3074.27,3079.35,5327
2024.05.19,15:00,3079.35,3079.36,3063.26,3077.25,8999
2024.05.19,16:00,3077.25,3080.79,3057.82,3062.25,8227
2024.05.19,17:00,3062.26,3076.59,3059.55,3072.91,5018
2024.05.19,18:00,3072.91,3077.21,3067.9,3072.03,3738
2024.05.19,19:00,3072.03,3083.9,3059.14,3065.2,10657
2024.05.19,20:00,3065.2,3082.41,3062.31,3075.04,5672
2024.05.19,21:00,3075.05,3079.6,3053.38,3070.19,5546
2024.05.19,22:00,3070.18,3079.7,3067.94,3077.05,3939
2024.05.19,23:00,3077.05,3077.55,3068.14,3071.19,3481
2024.05.20,00:00,3071.2,3084.67,3060.36,3079.59,7742
2024.05.20,01:00,3079.59,3084.0,3047.67,3079.2,13383
2024.05.20,02:00,3079.21,3093.59,3077.22,3092.61,11934
2024.05.20,03:00,3092.6,3100.67,3085.73,3087.21,5754
2024.05.20,04:00,3087.2,3126.99,3085.27,3123.6,17261
2024.05.20,05:00,3123.6,3140.0,3123.05,3124.94,19138
2024.05.20,06:00,3124.94,3125.62,3065.0,3073.65,19569
2024.05.20,07:00,3073.64,3098.73,3068.96,3091.73,10705
2024.05.20,08:00,3091.72,3107.29,3091.72,3098.5,9818
2024.05.20,09:00,3098.51,3108.38,3095.41,3097.35,8199
2024.05.20,10:00,3097.35,3113.94,3093.45,3104.15,13747
2024.05.20,11:00,3104.15,3110.39,3086.5,3093.8,13653
2024.05.20,12:00,3093.79,3097.05,3077.51,3085.39,9855
2024.05.20,13:00,3085.39,3100.0,3077.0,3094.92,8402
2024.05.20,14:00,3094.91,3095.74,3076.69,3090.76,8970
2024.05.20,15:00,3090.77,3121.0,3086.6,3118.53,16455
2024.05.20,16:00,3118.52,3148.87,3110.85,3135.4,30112
2024.05.20,17:00,3135.4,3151.44,3126.0,3143.63,17520
2024.05.20,18:00,3143.64,3154.52,3135.44,3148.78,13524
2024.05.20,19:00,3148.79,3457.12,3141.49,3438.87,217850
2024.05.20,20:00,3438.86,3580.0,3420.37,3500.07,131745
2024.05.20,21:00,3500.07,3648.91,3485.02,3646.08,104978
2024.05.20,22:00,3646.09,3683.34,3606.78,3611.96,87434
2024.05.20,23:00,3611.96,3694.0,3610.95,3661.78,49349
2024.05.21,00:00,3661.79,3721.0,3661.78,3688.9,61078
2024.05.21,01:00,3688.9,3693.7,3638.8,3686.99,51556
2024.05.21,02:00,3687.0,3689.74,3655.4,3675.06,36263
2024.05.21,03:00,3675.06,3708.48,3674.1,3695.9,27539
2024.05.21,04:00,3695.9,3699.6,3657.24,3658.55,26759
2024.05.21,05:00,3658.54,3659.0,3624.28,3646.27,31825
2024.05.21,06:00,3646.28,3687.44,3644.51,3669.74,33646
2024.05.21,07:00,3669.73,3674.27,3651.13,3660.49,25141
2024.05.21,08:00,3660.5,3663.0,3649.36,3658.57,21186
2024.05.21,09:00,3658.58,3685.3,3658.3,3681.86,21844
2024.05.21,10:00,3681.87,3731.35,3676.5,3717.0,50339
2024.05.21,11:00,3717.0,3823.5,3711.21,3777.97,92407
2024.05.21,12:00,3777.98,3811.3,3748.57,3794.0,67595
2024.05.21,13:00,3793.99,3836.0,3760.89,3768.75,65504
2024.05.21,14:00,3768.75,3831.39,3765.77,3776.0,58789
2024.05.21,15:00,3775.99,3805.9,3766.76,3777.68,32543
2024.05.21,16:00,3777.69,3841.54,3766.75,3774.1,60030
2024.05.21,17:00,3774.11,3779.25,3723.25,3748.78,56817
2024.05.21,18:00,3748.78,3759.25,3721.87,3731.51,20098
2024.05.21,19:00,3731.51,3739.25,3680.68,3712.27,32826
2024.05.21,20:00,3712.26,3749.95,3709.13,3746.88,17736
2024.05.21,21:00,3746.88,3760.5,3737.35,3749.27,14345
2024.05.21,22:00,3749.28,3821.5,3749.27,3813.8,30481
2024.05.21,23:00,3813.79,3816.66,3785.5,3789.6,16079
2024.05.22,00:00,3789.59,3803.5,3775.21,3782.0,14278
2024.05.22,01:00,3782.01,3789.06,3775.6,3789.05,10438
2024.05.22,02:00,3789.06,3807.54,3774.91,3793.15,17273
2024.05.22,03:00,3793.15,3813.69,3784.35,3793.43,16669
2024.05.22,04:00,3793.42,3795.07,3720.01,3749.5,39861
2024.05.22,05:00,3749.49,3766.15,3737.57,3758.39,18633
2024.05.22,06:00,3758.4,3772.35,3754.15,3765.6,13481
2024.05.22,07:00,3765.6,3769.5,3735.1,3746.79,11722
2024.05.22,08:00,3746.8,3779.8,3734.38,3767.43,13259
2024.05.22,09:00,3767.43,3768.65,3729.07,3731.79,14777
2024.05.22,10:00,3731.79,3748.32,3724.8,3740.02,12790
2024.05.22,11:00,3740.01,3749.91,3690.0,3690.6,24894
2024.05.22,12:00,3690.59,3722.76,3653.15,3666.96,44576
2024.05.22,13:00,3666.97,3704.59,3666.01,3695.79,28286
2024.05.22,14:00,3695.79,3754.61,3679.35,3744.53,57260
2024.05.22,15:00,3744.53,3773.88,3723.08,3762.66,37323
2024.05.22,16:00,3762.65,3779.73,3745.41,3762.36,34386
2024.05.22,17:00,3762.41,3798.0,3728.21,3740.01,29283
2024.05.22,18:00,3740.0,3744.0,3700.6,3733.43,24245
2024.05.22,19:00,3733.44,3747.3,3721.8,3736.61,22914
2024.05.22,20:00,3736.61,3771.0,3729.71,3749.23,25417
2024.05.22,21:00,3749.23,3781.0,3723.38,3774.5,30106
2024.05.22,22:00,3774.5,3779.79,3736.72,3744.95,22866
2024.05.22,23:00,3744.95,3748.76,3734.45,3737.73,10187
2024.05.23,00:00,3737.72,3771.61,3737.72,3761.04,9679
2024.05.23,01:00,3761.03,3773.11,3736.67,3759.49,15046
2024.05.23,02:00,3759.49,3776.4,3757.5,3769.63,13289
2024.05.23,03:00,3769.63,3788.86,3757.15,3782.11,13390
2024.05.23,04:00,3782.1,3794.75,3765.8,3790.4,12927
2024.05.23,05:00,3790.41,3790.41,3762.82,3768.02,10161
2024.05.23,06:00,3768.01,3800.0,3759.41,3790.19,14660
2024.05.23,07:00,3790.2,3833.65,3780.09,3814.0,32416
2024.05.23,08:00,3813.99,3814.28,3790.94,3811.82,17615
2024.05.23,09:00,3811.82,3846.19,3803.58,3808.6,29490
2024.05.23,10:00,3808.6,3848.63,3801.12,3828.22,34813
2024.05.23,11:00,3828.21,3925.24,3827.49,3918.46,58069
2024.05.23,12:00,3918.45,3949.29,3723.0,3865.46,79899
2024.05.23,13:00,3865.45,3901.74,3730.0,3781.61,121056
2024.05.23,14:00,3781.62,3824.24,3752.78,3763.99,53595
2024.05.23,15:00,3763.98,3840.0,3759.0,3812.95,35589
2024.05.23,16:00,3812.96,3821.57,3770.7,3796.42,20988
2024.05.23,17:00,3796.42,3827.77,3779.92,3784.33,19816
2024.05.23,18:00,3784.34,3794.37,3685.0,3776.58,83658
2024.05.23,19:00,3776.57,3824.0,3751.1,3791.34,31908
2024.05.23,20:00,3791.33,3791.45,3498.0,3756.01,139094
2024.05.23,21:00,3756.01,3901.0,3720.0,3843.4,217905
2024.05.23,22:00,3843.4,3847.19,3795.98,3811.0,31129
2024.05.23,23:00,3811.0,3813.04,3751.68,3783.61,31665
2024.05.24,00:00,3783.6,3829.61,3744.34,3813.21,23867
2024.05.24,01:00,3813.2,3826.41,3795.08,3810.2,13232
2024.05.24,02:00,3810.2,3828.91,3794.04,3822.0,12722
2024.05.24,03:00,3822.0,3825.79,3798.89,3803.82,9694
2024.05.24,04:00,3803.82,3815.63,3795.02,3804.22,10370
2024.05.24,05:00,3804.22,3812.38,3726.06,3728.47,32202
2024.05.24,06:00,3728.47,3741.48,3670.08,3672.7,44839
2024.05.24,07:00,3672.69,3691.22,3651.0,3679.24,35232
2024.05.24,08:00,3679.24,3682.0,3626.1,3674.0,32026
2024.05.24,09:00,3674.0,3691.55,3645.04,3684.8,15080
2024.05.24,10:00,3684.8,3713.28,3681.21,3699.63,23292
2024.05.24,11:00,3699.63,3717.67,3693.23,3712.62,11190
2024.05.24,12:00,3712.62,3725.8,3699.07,3714.69,15786
2024.05.24,13:00,3714.69,3726.0,3678.99,3684.14,19209
2024.05.24,14:00,3684.14,3731.87,3671.15,3708.86,23825
2024.05.24,15:00,3708.87,3732.83,3688.39,3693.67,26574
2024.05.24,16:00,3693.66,3700.6,3655.26,3665.2,29671
2024.05.24,17:00,3665.2,3712.16,3664.75,3711.36,18647
2024.05.24,18:00,3711.36,3759.0,3708.37,3732.85,27447
2024.05.24,19:00,3732.85,3748.75,3720.57,3744.4,17070
2024.05.24,20:00,3744.4,3755.05,3731.4,3732.11,22139
2024.05.24,21:00,3732.1,3747.0,3725.74,3736.34,6927
2024.05.24,22:00,3736.35,3741.79,3730.19,3737.38,3542
2024.05.24,23:00,3737.37,3739.28,3723.01,3728.28,4824
2024.05.25,00:00,3728.28,3728.93,3709.03,3711.73,5603
2024.05.25,01:00,3711.73,3728.29,3710.81,3717.12,5393
2024.05.25,02:00,3717.13,3736.51,3715.0,3732.99,6108
2024.05.25,03:00,3732.99,3747.72,3726.0,3745.26,8151
2024.05.25,04:00,3745.26,3779.43,3745.26,3769.11,15544
2024.05.25,05:00,3769.1,3771.51,3750.22,3752.55,5773
2024.05.25,06:00,3752.55,3758.94,3744.4,3748.21,7340
2024.05.25,07:00,3748.2,3759.64,3744.6,3746.6,5245
2024.05.25,08:00,3746.6,3754.39,3741.0,3742.82,5278
2024.05.25,09:00,3742.82,3760.93,3737.02,3759.0,8543
2024.05.25,10:00,3759.01,3773.42,3750.9,3767.07,7669
2024.05.25,11:00,3767.07,3775.0,3736.42,3739.39,11060
2024.05.25,12:00,3739.39,3743.2,3719.8,3737.47,16680
2024.05.25,13:00,3737.47,3747.1,3725.4,3734.17,6026
2024.05.25,14:00,3734.18,3753.73,3730.25,3747.95,7176
2024.05.25,15:00,3747.95,3758.2,3741.63,3743.79,5843
2024.05.25,16:00,3743.8,3755.85,3742.2,3748.46,4456
2024.05.25,17:00,3748.45,3752.0,3736.68,3741.06,3970
2024.05.25,18:00,3741.06,3760.0,3740.0,3759.62,3736
2024.05.25,19:00,3759.61,3766.02,3754.22,3757.64,4494
2024.05.25,20:00,3757.65,3760.28,3743.73,3745.36,3011
2024.05.25,21:00,3745.35,3747.7,3739.32,3746.03,2437
2024.05.25,22:00,3746.03,3746.15,3730.12,3737.66,5366
2024.05.25,23:00,3737.66,3751.93,3737.58,3749.26,3800
2024.05.26,00:00,3749.25,3750.4,3741.73,3745.21,3035
2024.05.26,01:00,3745.2,3760.49,3745.2,3757.99,4556
2024.05.26,02:00,3757.99,3760.2,3731.17,3737.6,6373
2024.05.26,03:00,3737.6,3772.93,3734.44,3771.59,14756
2024.05.26,04:00,3771.59,3771.6,3745.0,3748.34,5321
2024.05.26,05:00,3748.34,3762.39,3741.16,3760.53,3950
2024.05.26,06:00,3760.54,3762.58,3752.55,3759.95,3613
2024.05.26,07:00,3759.96,3795.06,3759.0,3786.02,17391
2024.05.26,08:00,3786.01,3816.57,3777.22,3794.46,17766
2024.05.26,09:00,3794.45,3816.79,3788.85,3800.0,19029
2024.05.26,10:00,3800.0,3811.0,3790.52,3804.61,8676
2024.05.26,11:00,3804.61,3822.4,3803.28,3813.79,18358
2024.05.26,12:00,3813.79,3813.8,3800.0,3803.31,11883
2024.05.26,13:00,3803.31,3811.45,3792.14,3808.9,9264
2024.05.26,14:00,3808.89,3865.59,3803.3,3862.4,28227
2024.05.26,15:00,3862.4,3875.8,3825.6,3833.05,37197
2024.05.26,16:00,3833.06,3884.2,3831.26,3863.87,27384
2024.05.26,17:00,3863.87,3865.4,3841.83,3844.57,7645
2024.05.26,18:00,3844.58,3850.9,3832.2,3847.7,7237
2024.05.26,19:00,3847.7,3878.87,3847.69,3878.86,8611
2024.05.26,20:00,3878.86,3879.63,3857.91,3860.74,5550
2024.05.26,21:00,3860.74,3860.75,3823.11,3852.54,9857
2024.05.26,22:00,3852.55,3854.78,3835.67,3838.06,7255
2024.05.26,23:00,3838.07,3840.94,3817.39,3826.47,9263
2024.05.27,00:00,3826.47,3857.5,3823.37,3843.0,9421
2024.05.27,01:00,3843.0,3889.0,3837.24,3883.73,11809
2024.05.27,02:00,3883.72,3939.59,3878.62,3914.49,34844
2024.05.27,03:00,3914.49,3938.05,3905.75,3919.58,31067
2024.05.27,04:00,3919.59,3935.0,3908.0,3919.43,11177
2024.05.27,05:00,3919.43,3923.39,3888.71,3904.68,12750
2024.05.27,06:00,3904.67,3917.26,3891.0,3894.13,9425
2024.05.27,07:00,3894.14,3920.75,3892.39,3914.01,8187
2024.05.27,08:00,3914.01,3954.35,3905.68,3911.49,24111
2024.05.27,09:00,3911.48,3924.13,3901.6,3910.99,11367
2024.05.27,10:00,3910.99,3911.0,3884.17,3906.4,13291
2024.05.27,11:00,3906.41,3915.51,3885.3,3900.49,9364
2024.05.27,12:00,3900.5,3915.02,3891.81,3911.99,10677
2024.05.27,13:00,3912.0,3939.94,3908.6,3930.89,18061
2024.05.27,14:00,3930.89,3953.4,3919.0,3943.85,22072
2024.05.27,15:00,3943.86,3977.0,3928.15,3963.39,29999
2024.05.27,16:00,3963.39,3974.3,3943.01,3946.2,16458
2024.05.27,17:00,3946.2,3951.5,3924.39,3938.01,9660
2024.05.27,18:00,3938.02,3942.32,3924.35,3926.65,6345
2024.05.27,19:00,3926.64,3929.85,3854.16,3873.25,24286
2024.05.27,20:00,3873.26,3897.74,3860.71,3892.92,19760
2024.05.27,21:00,3892.91,3905.14,3879.15,3890.64,6540
2024.05.27,22:00,3890.64,3901.94,3884.05,3887.86,8389
2024.05.27,23:00,3887.87,3898.76,3883.1,3894.22,4646
2024.05.28,00:00,3894.21,3895.33,3864.0,3877.2,12271
2024.05.28,01:00,3877.2,3910.0,3838.0,3847.94,20497
2024.05.28,02:00,3847.95,3872.0,3834.74,3862.61,17860
2024.05.28,03:00,3862.61,3866.05,3827.41,3849.71,17786
2024.05.28,04:00,3849.72,3854.65,3821.63,3836.59,15671
2024.05.28,05:00,3836.58,3860.58,3831.3,3860.57,8059
2024.05.28,06:00,3860.58,3864.85,3845.99,3858.0,11746
2024.05.28,07:00,3857.99,3861.19,3842.86,3847.29,14559
2024.05.28,08:00,3847.3,3881.01,3839.0,3876.61,16157
2024.05.28,09:00,3876.6,3893.5,3868.2,3881.0,15084
2024.05.28,10:00,3881.01,3931.09,3878.6,3899.33,24040
2024.05.28,11:00,3899.33,3913.88,3890.15,3904.34,14837
2024.05.28,12:00,3904.34,3911.62,3891.2,3893.09,12465
2024.05.28,13:00,3893.1,3912.0,3853.0,3861.15,29796
2024.05.28,14:00,3861.15,3884.49,3841.05,3856.99,26771
2024.05.28,15:00,3856.99,3871.23,3831.29,3861.1,27211
2024.05.28,16:00,3861.1,3869.14,3820.04,3825.63,22354
2024.05.28,17:00,3825.64,3846.1,3818.48,3825.1,13066
2024.05.28,18:00,3825.11,3840.5,3773.9,3800.0,32534
2024.05.28,19:00,3800.0,3847.95,3795.19,3840.81,20471
2024.05.28,20:00,3840.8,3850.0,3823.0,3833.01,7927
2024.05.28,21:00,3833.01,3852.1,3827.11,3843.43,5468
2024.05.28,22:00,3843.43,3864.85,3842.53,3863.0,22729
2024.05.28,23:00,3862.99,3871.76,3841.6,3844.69,6878
2024.05.29,00:00,3844.69,3855.19,3842.25,3848.59,4388
2024.05.29,01:00,3848.6,3854.58,3835.15,3844.41,9124
2024.05.29,02:00,3844.41,3862.41,3836.04,3847.41,10477
2024.05.29,03:00,3847.41,3861.59,3844.0,3851.0,11984
2024.05.29,04:00,3850.99,3888.55,3847.22,3871.79,21983
2024.05.29,05:00,3871.79,3881.64,3861.32,3868.25,14221
2024.05.29,06:00,3868.24,3871.91,3856.36,3858.24,8182
2024.05.29,07:00,3858.24,3859.92,3818.48,3820.0,18194
2024.05.29,08:00,3819.99,3827.05,3781.0,3801.01,30086
2024.05.29,09:00,3801.01,3817.38,3792.43,3805.61,16056
2024.05.29,10:00,3805.62,3825.36,3803.01,3824.92,8796
2024.05.29,11:00,3824.92,3828.88,3808.45,3811.16,9154
2024.05.29,12:00,3811.15,3828.87,3794.0,3815.4,13373
2024.05.29,13:00,3815.41,3838.83,3780.2,3798.04,27445
2024.05.29,14:00,3798.04,3802.94,3763.38,3778.21,21685
2024.05.29,15:00,3778.21,3799.56,3750.6,3759.85,24697
2024.05.29,16:00,3759.84,3770.58,3744.41,3764.36,20925
2024.05.29,17:00,3764.26,3780.0,3750.82,3766.2,8709
2024.05.29,18:00,3766.2,3769.75,3745.95,3758.28,8110
2024.05.29,19:00,3758.28,3772.0,3747.64,3749.66,6699
2024.05.29,20:00,3749.66,3759.82,3742.59,3753.6,10251
2024.05.29,21:00,3753.61,3792.99,3749.2,3777.68,14024
2024.05.29,22:00,3777.69,3789.79,3765.96,3779.34,8362
2024.05.29,23:00,3779.34,3788.55,3763.93,3767.43,7821
2024.05.30,00:00,3767.44,3782.77,3751.9,3758.0,7176
2024.05.30,01:00,3757.99,3778.33,3750.75,3775.55,7428
2024.05.30,02:00,3775.55,3791.78,3775.18,3779.81,9435
2024.05.30,03:00,3779.81,3797.79,3777.08,3791.31,6121
2024.05.30,04:00,3791.3,3801.65,3780.55,3782.6,6081
2024.05.30,05:00,3782.59,3786.51,3770.72,3784.61,5878
2024.05.30,06:00,3784.6,3786.0,3734.0,3740.34,18295
2024.05.30,07:00,3740.33,3755.55,3712.73,3720.32,26708
2024.05.30,08:00,3720.32,3737.5,3702.58,3735.8,17662
2024.05.30,09:00,3735.8,3737.96,3717.76,3734.49,7873
2024.05.30,10:00,3734.5,3743.61,3715.0,3741.53,12695
2024.05.30,11:00,3741.53,3757.25,3733.4,3737.0,11513
2024.05.30,12:00,3737.01,3771.61,3733.39,3765.29,14697
2024.05.30,13:00,3765.29,3794.84,3760.48,3788.56,14724
2024.05.30,14:00,3788.55,3798.97,3762.0,3767.2,13715
2024.05.30,15:00,3767.19,3786.66,3756.12,3776.12,9151
2024.05.30,16:00,3776.12,3788.55,3769.81,3788.4,6800
2024.05.30,17:00,3788.4,3825.35,3778.91,3811.92,17885
2024.05.30,18:00,3811.92,3819.8,3794.16,3815.6,15295
2024.05.30,19:00,3815.61,3816.5,3752.24,3762.01,17208
2024.05.30,20:00,3762.0,3762.4,3719.3,3737.69,16450
2024.05.30,21:00,3737.69,3755.97,3734.33,3751.36,4507
2024.05.30,22:00,3751.37,3754.07,3744.16,3747.44,5119
2024.05.30,23:00,3747.43,3751.99,3744.77,3747.91,4606
2024.05.31,00:00,3747.9,3753.0,3743.95,3752.74,3990
2024.05.31,01:00,3752.75,3766.35,3740.45,3748.49,6650
2024.05.31,02:00,3748.49,3770.0,3746.5,3752.95,5789
2024.05.31,03:00,3752.95,3766.72,3752.94,3760.21,4128
2024.05.31,04:00,3760.21,3766.55,3756.11,3762.61,3974
2024.05.31,05:00,3762.6,3763.5,3735.02,3746.65,6930
2024.05.31,06:00,3746.64,3751.0,3735.4,3739.09,6277
2024.05.31,07:00,3739.09,3749.95,3724.41,3729.11,10434
2024.05.31,08:00,3729.11,3743.62,3726.45,3735.21,7285
2024.05.31,09:00,3735.21,3748.43,3730.01,3747.08,6459
2024.05.31,10:00,3747.09,3785.8,3747.08,3784.68,17620
2024.05.31,11:00,3784.68,3813.2,3779.5,3802.62,15341
2024.05.31,12:00,3802.62,3849.94,3801.29,3825.08,31697
2024.05.31,13:00,3825.07,3832.32,3781.35,3786.34,20719
2024.05.31,14:00,3786.34,3798.59,3757.99,3773.39,22409
2024.05.31,15:00,3773.38,3777.59,3742.35,3744.77,14221
2024.05.31,16:00,3744.77,3758.42,3723.75,3754.16,22972
2024.05.31,17:00,3754.16,3770.74,3750.43,3768.16,8070
2024.05.31,18:00,3768.16,3788.62,3764.02,3785.89,13462
2024.05.31,19:00,3785.89,3794.62,3775.1,3785.45,12105
2024.05.31,20:00,3785.45,3800.94,3778.2,3794.56,5965
2024.05.31,21:00,3794.56,3795.59,3779.93,3785.51,9950
2024.05.31,22:00,3785.51,3790.65,3767.36,3770.38,5125
2024.05.31,23:00,3770.38,3774.14,3742.0,3762.29,11822
2024.06.01,00:00,3762.29,3768.66,3752.67,3764.15,6432
2024.06.01,01:00,3764.15,3776.19,3759.22,3766.79,5351
2024.06.01,02:00,3766.79,3779.36,3766.0,3777.79,3479
2024.06.01,03:00,3777.79,3782.07,3774.51,3778.98,3898
2024.06.01,04:00,3778.98,3785.26,3771.19,3784.35,3846
2024.06.01,05:00,3784.35,3794.11,3778.33,3789.79,6063
2024.06.01,06:00,3789.79,3791.81,3782.31,3788.84,5030
2024.06.01,07:00,3788.84,3790.67,3770.31,3773.0,4903
2024.06.01,08:00,3772.99,3802.0,3772.43,3799.11,11748
2024.06.01,09:00,3799.11,3809.55,3788.48,3793.14,8704
2024.06.01,10:00,3793.14,3796.05,3784.07,3785.99,3260
2024.06.01,11:00,3785.99,3793.39,3782.07,3788.28,4303
2024.06.01,12:00,3788.28,3806.97,3787.0,3795.71,6240
2024.06.01,13:00,3795.71,3809.8,3795.3,3802.01,5232
2024.06.01,14:00,3802.01,3814.67,3797.0,3809.66,5739
2024.06.01,15:00,3809.66,3812.69,3798.17,3798.6,5988
2024.06.01,16:00,3798.6,3806.43,3794.15,3799.0,5596
2024.06.01,17:00,3799.0,3809.09,3790.21,3807.01,5935
2024.06.01,18:00,3807.01,3809.81,3797.71,3802.0,4140
2024.06.01,19:00,3801.99,3806.73,3797.15,3804.51,2493
2024.06.01,20:00,3804.5,3807.5,3799.0,3806.78,3852
2024.06.01,21:00,3806.78,3822.0,3805.5,3815.51,7398
2024.06.01,22:00,3815.5,3833.3,3815.5,3821.86,8282
2024.06.01,23:00,3821.86,3823.39,3813.12,3815.82,4764
2024.06.02,00:00,3815.82,3836.25,3814.0,3835.3,5719
2024.06.02,01:00,3835.3,3838.59,3822.5,3824.0,7291
2024.06.02,02:00,3824.0,3826.46,3797.7,3806.5,16733
2024.06.02,03:00,3806.5,3811.17,3802.71,3807.13,10617
2024.06.02,04:00,3807.13,3821.49,3804.26,3821.35,15363
2024.06.02,05:00,3821.35,3824.5,3805.5,3805.55,9589
2024.06.02,06:00,3805.52,3815.0,3805.01,3814.98,7052
2024.06.02,07:00,3814.99,3815.0,3792.25,3793.33,10260
2024.06.02,08:00,3793.33,3801.58,3781.43,3794.2,6504
2024.06.02,09:00,3794.2,3797.78,3770.99,3780.16,13434
2024.06.02,10:00,3780.16,3783.4,3771.38,3782.19,7947
2024.06.02,11:00,3782.19,3810.0,3777.1,3805.01,12157
2024.06.02,12:00,3805.01,3810.0,3786.11,3788.11,6339
2024.06.02,13:00,3788.12,3800.6,3776.86,3796.09,6066
2024.06.02,14:00,3796.1,3810.0,3790.01,3806.0,7433
2024.06.02,15:00,3805.99,3807.93,3792.71,3798.78,4139
2024.06.02,16:00,3798.79,3803.67,3787.3,3791.35,4645
2024.06.02,17:00,3791.35,3791.35,3772.11,3772.12,12225
2024.06.02,18:00,3772.11,3774.39,3752.62,3770.85,12726
2024.06.02,19:00,3770.86,3783.19,3759.97,3782.37,7987
2024.06.02,20:00,3782.37,3787.45,3765.99,3787.44,10509
2024.06.02,21:00,3787.45,3793.54,3781.77,3783.09,4365
2024.06.02,22:00,3783.09,3796.44,3775.91,3782.3,4880
2024.06.02,23:00,3782.3,3787.7,3780.46,3780.91,6302
2024.06.03,00:00,3780.92,3782.43,3761.05,3773.48,6841
2024.06.03,01:00,3773.49,3806.2,3772.0,3803.73,9571
2024.06.03,02:00,3803.72,3821.32,3803.72,3808.41,10995
2024.06.03,03:00,3808.4,3810.0,3792.04,3799.5,7133
2024.06.03,04:00,3799.51,3822.13,3795.18,3817.55,9083
2024.06.03,05:00,3817.56,3830.83,3812.25,3814.5,8970
2024.06.03,06:00,3814.5,3842.01,3811.56,3826.3,12324
2024.06.03,07:00,3826.29,3832.0,3812.92,3817.82,11368
2024.06.03,08:00,3817.81,3840.16,3815.0,3824.75,15922
2024.06.03,09:00,3824.75,3826.0,3812.58,3816.02,10925
2024.06.03,10:00,3816.02,3820.0,3807.69,3809.41,5003
2024.06.03,11:00,3809.42,3818.75,3804.7,3809.0,5177
2024.06.03,12:00,3809.01,3841.66,3808.6,3840.79,11232
2024.06.03,13:00,3840.79,3849.99,3823.23,3823.24,19915
2024.06.03,14:00,3823.23,3833.73,3758.43,3769.42,37906
2024.06.03,15:00,3769.42,3796.83,3765.6,3796.82,13424
2024.06.03,16:00,3796.82,3798.63,3760.0,3769.81,14286
2024.06.03,17:00,3769.81,3782.81,3759.0,3780.2,7874
2024.06.03,18:00,3780.2,3789.7,3776.0,3778.76,5040
2024.06.03,19:00,3778.77,3781.37,3767.5,3773.4,4597
2024.06.03,20:00,3773.39,3784.88,3770.6,3771.76,3736
2024.06.03,21:00,3771.75,3778.25,3759.67,3773.45,7798
2024.06.03,22:00,3773.45,3778.51,3760.2,3778.51,6052
2024.06.03,23:00,3778.51,3781.08,3761.15,3767.06,3663
2024.06.04,00:00,3767.07,3769.74,3730.0,3759.93,18075
2024.06.04,01:00,3759.93,3779.67,3751.94,3774.66,7044
2024.06.04,02:00,3774.66,3783.08,3768.02,3771.49,5120
2024.06.04,03:00,3771.49,3785.19,3770.62,3773.51,7000
2024.06.04,04:00,3773.51,3778.03,3763.59,3764.5,6799
2024.06.04,05:00,3764.51,3773.83,3757.96,3762.0,4637
2024.06.04,06:00,3762.0,3769.2,3752.1,3763.35,5841
2024.06.04,07:00,3763.35,3778.63,3762.66,3774.72,4891
2024.06.04,08:00,3774.72,3782.99,3760.0,3761.11,6464
2024.06.04,09:00,3761.11,3764.19,3741.6,3749.05,10764
2024.06.04,10:00,3749.05,3770.0,3747.1,3765.89,6832
2024.06.04,11:00,3765.89,3769.0,3757.26,3764.65,4774
2024.06.04,12:00,3764.65,3768.75,3753.57,3763.76,8421
2024.06.04,13:00,3763.77,3787.43,3763.77,3776.0,15570
2024.06.04,14:00,3776.0,3795.98,3768.29,3778.0,19498
2024.06.04,15:00,3777.99,3817.99,3771.47,3810.63,23679
2024.06.04,16:00,3810.63,3826.42,3803.56,3818.7,21521
2024.06.04,17:00,3818.7,3831.65,3804.67,3813.57,12212
2024.06.04,18:00,3813.57,3826.0,3811.76,3811.77,8554
2024.06.04,19:00,3811.67,3811.76,3776.2,3800.38,9901
2024.06.04,20:00,3800.37,3812.26,3792.0,3806.74,5430
2024.06.04,21:00,3806.74,3821.54,3802.41,3812.98,8286
2024.06.04,22:00,3812.97,3822.0,3808.29,3814.39,6712
2024.06.04,23:00,3814.39,3816.0,3808.5,3810.23,4026
2024.06.05,00:00,3810.23,3829.25,3808.84,3819.74,6857
2024.06.05,01:00,3819.73,3839.92,3813.33,3822.6,11142
2024.06.05,02:00,3822.6,3823.55,3800.0,3803.56,11539
2024.06.05,03:00,3803.57,3810.78,3801.4,3810.45,7921
2024.06.05,04:00,3810.45,3812.63,3803.55,3809.8,7743
2024.06.05,05:00,3809.81,3811.31,3777.33,3788.76,23429
2024.06.05,06:00,3788.76,3814.67,3784.17,3814.66,10749
2024.06.05,07:00,3814.66,3820.81,3804.0,3809.58,10556
2024.06.05,08:00,3809.57,3811.03,3800.0,3802.78,10499
2024.06.05,09:00,3802.79,3806.0,3790.27,3797.48,7386
2024.06.05,10:00,3797.49,3801.4,3788.9,3795.37,6920
2024.06.05,11:00,3795.36,3807.6,3790.48,3804.31,6710
2024.06.05,12:00,3804.31,3824.44,3802.5,3820.24,16294
2024.06.05,13:00,3820.23,3821.82,3792.49,3799.56,9821
2024.06.05,14:00,3799.55,3803.24,3782.0,3794.91,10963
2024.06.05,15:00,3794.9,3820.0,3792.34,3813.58,10477
2024.06.05,16:00,3813.59,3820.98,3796.8,3802.16,10391
2024.06.05,17:00,3802.16,3848.41,3800.0,3840.93,15820
2024.06.05,18:00,3840.94,3870.5,3839.04,3846.0,34159
2024.06.05,19:00,3846.0,3878.0,3833.88,3876.54,12924
2024.06.05,20:00,3876.53,3887.47,3862.6,3863.89,10852
2024.06.05,21:00,3863.88,3864.0,3845.45,3847.85,6034
2024.06.05,22:00,3847.85,3853.0,3842.28,3850.76,5472
2024.06.05,23:00,3850.76,3869.5,3848.4,3865.99,9069
2024.06.06,00:00,3866.0,3867.5,3857.43,3859.14,4463
2024.06.06,01:00,3859.14,3869.85,3853.2,3861.15,6615
2024.06.06,02:00,3861.16,3878.6,3859.55,3868.53,9694
2024.06.06,03:00,3868.52,3873.03,3860.69,3861.69,5404
2024.06.06,04:00,3861.7,3865.5,3854.75,3862.51,7364
2024.06.06,05:00,3862.5,3865.0,3839.69,3847.0,11837
2024.06.06,06:00,3846.99,3854.5,3838.53,3846.24,9519
2024.06.06,07:00,3846.25,3856.01,3841.45,3852.1,9816
2024.06.06,08:00,3852.1,3853.0,3842.84,3846.17,5438
2024.06.06,09:00,3846.17,3854.01,3845.24,3850.59,5501
2024.06.06,10:00,3850.6,3852.2,3846.11,3850.51,4059
2024.06.06,11:00,3850.5,3856.5,3844.99,3849.51,9694
2024.06.06,12:00,3849.51,3866.48,3841.0,3845.79,12027
2024.06.06,13:00,3845.79,3852.0,3820.0,3835.08,16090
2024.06.06,14:00,3835.07,3846.77,3827.29,3844.39,8567
2024.06.06,15:00,3844.39,3847.29,3838.49,3845.01,9697
2024.06.06,16:00,3845.0,3855.6,3822.76,3830.63,23171
2024.06.06,17:00,3830.63,3836.86,3817.27,3833.25,8667
2024.06.06,18:00,3833.26,3840.91,3826.96,3833.07,11688
2024.06.06,19:00,3833.07,3833.08,3787.15,3791.01,19326
2024.06.06,20:00,3791.01,3802.35,3760.0,3800.36,23855
2024.06.06,21:00,3800.37,3804.3,3793.92,3801.41,4571
2024.06.06,22:00,3801.4,3813.85,3799.4,3811.93,5532
2024.06.06,23:00,3811.94,3815.45,3808.0,3813.46,4898
2024.06.07,00:00,3813.47,3813.47,3806.0,3808.32,4653
2024.06.07,01:00,3808.32,3810.63,3799.17,3805.98,5626
2024.06.07,02:00,3805.99,3807.75,3792.34,3800.7,4743
2024.06.07,03:00,3800.7,3807.92,3793.21,3806.3,4280
2024.06.07,04:00,3806.3,3819.0,3806.0,3815.71,4662
2024.06.07,05:00,3815.7,3825.75,3814.23,3818.27,5295
2024.06.07,06:00,3818.27,3821.11,3812.8,3817.01,4700
2024.06.07,07:00,3817.0,3824.41,3814.85,3816.31,4789
2024.06.07,08:00,3816.31,3817.1,3808.36,3811.15,5402
2024.06.07,09:00,3811.16,3813.5,3807.33,3811.95,4378
2024.06.07,10:00,3811.96,3813.79,3801.11,3810.8,4858
2024.06.07,11:00,3810.8,3839.98,3808.07,3835.0,10360
2024.06.07,12:00,3834.99,3841.39,3771.39,3807.68,45906
2024.06.07,13:00,3807.69,3820.31,3794.04,3815.0,11879
2024.06.07,14:00,3815.0,3829.57,3809.07,3822.3,8806
2024.06.07,15:00,3822.3,3822.49,3790.81,3800.73,10523
2024.06.07,16:00,3800.73,3807.67,3779.24,3783.99,10815
2024.06.07,17:00,3784.0,3784.66,3723.8,3724.05,23657
2024.06.07,18:00,3724.06,3729.99,3600.0,3679.71,123558
2024.06.07,19:00,3679.72,3704.71,3657.42,3687.37,21132
2024.06.07,20:00,3687.37,3694.25,3670.43,3691.4,20080
2024.06.07,21:00,3691.4,3698.46,3685.24,3693.51,8037
2024.06.07,22:00,3693.5,3700.0,3686.01,3695.06,7482
2024.06.07,23:00,3695.07,3695.28,3678.31,3678.32,6591
2024.06.08,00:00,3678.31,3690.23,3673.82,3686.02,6642
2024.06.08,01:00,3686.02,3692.3,3678.56,3690.94,7074
2024.06.08,02:00,3690.95,3690.95,3685.84,3687.96,4274
2024.06.08,03:00,3687.97,3690.45,3685.5,3690.0,4196
2024.06.08,04:00,3690.0,3690.18,3680.02,3681.19,3846
2024.06.08,05:00,3681.19,3685.0,3677.22,3680.64,2976
2024.06.08,06:00,3680.64,3687.77,3679.52,3684.99,2669
2024.06.08,07:00,3684.99,3709.5,3684.99,3708.98,6785
2024.06.08,08:00,3708.98,3709.39,3693.04,3695.95,4463
2024.06.08,09:00,3695.94,3698.89,3691.0,3693.18,5013
2024.06.08,10:00,3693.18,3697.37,3680.0,3694.67,21617
2024.06.08,11:00,3694.66,3697.0,3678.53,3683.13,7159
2024.06.08,12:00,3683.13,3688.49,3677.0,3682.58,5761
2024.06.08,13:00,3682.58,3687.27,3660.08,3687.26,11843
2024.06.08,14:00,3687.27,3696.48,3682.0,3696.01,5896
2024.06.08,15:00,3696.02,3697.47,3687.4,3688.13,7413
2024.06.08,16:00,3688.13,3692.25,3678.83,3683.01,5997
2024.06.08,17:00,3683.01,3687.89,3672.18,3687.49,5261
2024.06.08,18:00,3687.5,3694.5,3686.99,3689.02,4872
2024.06.08,19:00,3689.01,3693.52,3681.31,3682.61,3785
2024.06.08,20:00,3682.6,3684.46,3670.53,3674.09,4507
2024.06.08,21:00,3674.08,3680.0,3670.91,3676.26,2684
2024.06.08,22:00,3676.26,3679.67,3670.37,3676.69,2955
2024.06.08,23:00,3676.7,3684.22,3671.9,3681.57,2851
2024.06.09,00:00,3681.58,3684.19,3678.34,3681.28,3019
2024.06.09,01:00,3681.28,3684.66,3679.5,3682.25,2589
2024.06.09,02:00,3682.25,3682.25,3666.36,3668.26,8367
2024.06.09,03:00,3668.27,3674.92,3668.26,3674.22,4067
2024.06.09,04:00,3674.21,3677.89,3669.21,3676.0,3784
2024.06.09,05:00,3676.0,3684.45,3670.99,3680.61,4105
2024.06.09,06:00,3680.62,3689.21,3680.61,3686.68,3652
2024.06.09,07:00,3686.69,3692.0,3684.76,3685.99,4838
2024.06.09,08:00,3685.98,3688.95,3683.02,3687.15,2575
2024.06.09,09:00,3687.15,3691.5,3687.0,3690.04,2591
2024.06.09,10:00,3690.03,3692.68,3686.21,3687.44,2334
2024.06.09,11:00,3687.44,3693.87,3685.99,3693.5,3686
2024.06.09,12:00,3693.49,3712.5,3690.0,3704.67,8568
2024.06.09,13:00,3704.68,3708.51,3680.99,3687.7,10141
2024.06.09,14:00,3687.71,3694.9,3683.16,3692.24,4277
2024.06.09,15:00,3692.24,3695.2,3683.43,3690.59,6162
2024.06.09,16:00,3690.6,3701.25,3689.43,3698.26,3543
2024.06.09,17:00,3698.25,3702.11,3693.51,3700.0,3812
2024.06.09,18:00,3699.99,3709.18,3698.5,3704.88,4148
2024.06.09,19:00,3704.87,3709.43,3698.2,3701.09,2606
2024.06.09,20:00,3701.09,3704.6,3695.06,3700.31,2984
2024.06.09,21:00,3700.31,3721.52,3693.72,3714.72,6487
2024.06.09,22:00,3714.71,3718.0,3706.46,3707.74,3303
2024.06.09,23:00,3707.74,3709.06,3703.11,3706.4,1802
2024.06.10,00:00,3706.4,3706.94,3686.5,3693.53,6551
2024.06.10,01:00,3693.53,3696.48,3685.54,3692.0,3775
2024.06.10,02:00,3691.99,3697.8,3690.38,3691.31,3504
2024.06.10,03:00,3691.32,3692.81,3680.97,3684.14,3411
2024.06.10,04:00,3684.14,3692.41,3680.01,3691.09,4418
2024.06.10,05:00,3691.09,3691.09,3682.23,3684.19,3478
2024.06.10,06:00,3684.19,3684.2,3670.02,3671.89,6157
2024.06.10,07:00,3671.89,3676.5,3642.74,3647.79,15230
2024.06.10,08:00,3647.8,3673.73,3646.94,3671.02,7686
2024.06.10,09:00,3671.02,3674.37,3658.16,3673.14,6560
2024.06.10,10:00,3673.15,3681.01,3670.3,3677.9,6171
2024.06.10,11:00,3677.9,3681.0,3671.17,3675.95,4080
2024.06.10,12:00,3675.95,3682.4,3669.0,3675.55,5550
2024.06.10,13:00,3675.55,3680.0,3665.42,3673.2,6380
2024.06.10,14:00,3673.21,3680.76,3662.96,3680.7,5610
2024.06.10,15:00,3680.71,3713.67,3677.34,3702.54,19248
2024.06.10,16:00,3702.53,3705.68,3683.98,3698.5,7213
2024.06.10,17:00,3698.5,3699.22,3687.07,3696.59,3030
2024.06.10,18:00,3696.58,3701.0,3677.22,3688.25,5519
2024.06.10,19:00,3688.24,3689.0,3659.81,3668.33,11331
2024.06.10,20:00,3668.33,3674.78,3650.64,3672.05,9696
2024.06.10,21:00,3672.05,3677.0,3665.72,3673.59,3273
2024.06.10,22:00,3673.59,3674.63,3666.54,3674.63,3349
2024.06.10,23:00,3674.63,3677.07,3660.0,3667.85,5133
2024.06.11,00:00,3667.85,3673.0,3658.83,3662.79,5116
2024.06.11,01:00,3662.79,3670.35,3605.5,3626.98,20534
2024.06.11,02:00,3626.98,3643.67,3567.0,3602.6,47610
2024.06.11,03:00,3602.6,3612.87,3590.21,3595.6,13470
2024.06.11,04:00,3595.6,3595.61,3533.46,3565.6,40332
2024.06.11,05:00,3565.6,3567.0,3542.4,3561.59,9931
2024.06.11,06:00,3561.59,3570.01,3505.0,3540.79,19715
2024.06.11,07:00,3540.79,3548.48,3523.46,3534.6,13234
2024.06.11,08:00,3534.6,3543.62,3503.4,3534.4,19229
2024.06.11,09:00,3534.4,3541.13,3505.0,3514.8,16200
2024.06.11,10:00,3514.8,3549.36,3506.03,3529.4,24251
2024.06.11,11:00,3529.4,3541.69,3522.0,3529.56,11823
2024.06.11,12:00,3529.56,3546.47,3524.22,3534.01,11303
2024.06.11,13:00,3534.0,3545.82,3508.91,3521.24,15660
2024.06.11,14:00,3521.23,3536.38,3512.12,3513.5,13276
2024.06.11,15:00,3513.5,3530.0,3432.01,3447.75,61935
2024.06.11,16:00,3447.75,3482.07,3443.66,3452.71,28530
2024.06.11,17:00,3452.71,3479.98,3432.0,3471.99,17381
2024.06.11,18:00,3471.98,3496.62,3465.71,3489.79,12755
2024.06.11,19:00,3489.79,3502.44,3477.99,3497.21,13866
2024.06.11,20:00,3497.21,3498.14,3483.7,3487.7,6784
2024.06.11,21:00,3487.7,3503.03,3485.8,3501.86,4218
2024.06.11,22:00,3501.86,3509.0,3497.18,3500.6,6583
2024.06.11,23:00,3500.61,3509.65,3492.99,3497.33,5821
2024.06.12,00:00,3497.33,3505.59,3489.26,3492.99,5904
2024.06.12,01:00,3492.99,3495.77,3462.07,3482.67,10370
2024.06.12,02:00,3482.66,3507.33,3476.38,3498.61,11712
2024.06.12,03:00,3498.6,3513.78,3495.27,3509.99,8121
2024.06.12,04:00,3509.99,3532.39,3509.06,3521.48,10218
2024.06.12,05:00,3521.48,3521.99,3507.02,3508.56,7408
2024.06.12,06:00,3508.56,3521.5,3507.7,3516.0,5451
2024.06.12,07:00,3515.99,3527.67,3514.44,3526.71,5960
2024.06.12,08:00,3526.7,3531.71,3519.81,3520.2,6557
2024.06.12,09:00,3520.2,3542.6,3516.95,3538.86,9129
2024.06.12,10:00,3538.85,3563.56,3536.86,3544.15,14820
2024.06.12,11:00,3544.16,3549.43,3529.4,3531.72,7725
2024.06.12,12:00,3531.73,3642.26,3531.4,3638.4,76240
2024.06.12,13:00,3638.41,3659.01,3603.01,3615.07,41274
2024.06.12,14:00,3615.06,3642.05,3614.74,3635.27,17653
2024.06.12,15:00,3635.26,3646.7,3610.76,3618.32,18554
2024.06.12,16:00,3618.32,3623.2,3588.0,3616.41,13290
2024.06.12,17:00,3616.41,3625.7,3607.0,3623.2,7334
2024.06.12,18:00,3623.2,3623.98,3553.33,3567.15,52171
2024.06.12,19:00,3567.15,3594.97,3513.32,3529.01,32117
2024.06.12,20:00,3529.01,3562.38,3521.88,3556.05,11477
2024.06.12,21:00,3556.05,3574.39,3556.05,3566.01,5474
2024.06.12,22:00,3566.01,3572.51,3561.36,3571.5,4223
2024.06.12,23:00,3571.49,3571.5,3558.96,3560.12,3850
2024.06.13,00:00,3560.13,3561.65,3545.1,3558.56,6400
2024.06.13,01:00,3558.57,3559.82,3537.0,3539.23,5599
2024.06.13,02:00,3539.24,3544.57,3504.35,3512.36,18311
2024.06.13,03:00,3512.37,3516.0,3476.21,3503.0,34018
2024.06.13,04:00,3502.99,3517.32,3495.0,3495.19,7699
2024.06.13,05:00,3495.19,3515.54,3495.19,3510.3,6207
2024.06.13,06:00,3510.3,3511.48,3484.04,3492.76,8872
2024.06.13,07:00,3492.75,3507.73,3485.07,3507.53,7858
2024.06.13,08:00,3507.53,3511.72,3502.54,3503.69,6669
2024.06.13,09:00,3503.69,3503.69,3472.6,3490.51,11005
2024.06.13,10:00,3490.51,3511.86,3472.85,3502.98,10497
2024.06.13,11:00,3502.98,3507.63,3493.41,3497.17,7873
2024.06.13,12:00,3497.17,3539.83,3478.65,3493.84,23532
2024.06.13,13:00,3493.84,3522.42,3485.42,3500.04,15001
2024.06.13,14:00,3500.04,3527.28,3475.05,3507.8,26697
2024.06.13,15:00,3507.81,3509.48,3433.0,3441.73,42211
2024.06.13,16:00,3441.73,3470.66,3428.0,3470.55,22857
2024.06.13,17:00,3470.55,3478.02,3451.19,3470.01,8273
2024.06.13,18:00,3470.01,3479.34,3462.0,3475.48,4497
2024.06.13,19:00,3475.48,3491.55,3471.38,3481.43,5145
2024.06.13,20:00,3481.43,3491.55,3466.78,3478.27,4936
2024.06.13,21:00,3478.27,3485.93,3461.99,3485.93,6139
2024.06.13,22:00,3485.93,3485.93,3473.29,3481.79,4314
2024.06.13,23:00,3481.79,3481.79,3461.59,3469.4,5608
2024.06.14,00:00,3469.4,3479.14,3461.4,3473.47,7072
2024.06.14,01:00,3473.47,3488.6,3457.37,3487.04,8548
2024.06.14,02:00,3487.04,3509.64,3480.39,3505.61,10011
2024.06.14,03:00,3505.61,3510.53,3489.13,3490.91,8365
2024.06.14,04:00,3490.91,3500.0,3490.46,3496.8,6644
2024.06.14,05:00,3496.8,3528.6,3496.29,3522.21,13762
2024.06.14,06:00,3522.21,3532.61,3510.62,3518.21,9504
2024.06.14,07:00,3518.21,3526.01,3514.4,3516.61,10618
2024.06.14,08:00,3516.61,3530.25,3513.7,3522.51,8909
2024.06.14,09:00,3522.51,3523.5,3512.7,3513.81,7424
2024.06.14,10:00,3513.8,3517.96,3508.21,3512.59,6005
2024.06.14,11:00,3512.59,3522.0,3505.69,3515.8,6286
2024.06.14,12:00,3515.8,3525.56,3508.48,3513.24,7958
2024.06.14,13:00,3513.23,3520.51,3506.8,3507.63,6267
2024.06.14,14:00,3507.63,3510.39,3466.38,3488.99,21105
2024.06.14,15:00,3489.0,3497.55,3460.17,3462.41,10909
2024.06.14,16:00,3462.41,3467.4,3390.0,3403.21,58809
2024.06.14,17:00,3403.21,3412.37,3380.1,3389.62,16865
2024.06.14,18:00,3389.62,3394.4,3362.26,3387.6,17081
2024.06.14,19:00,3387.6,3408.5,3374.28,3406.21,10754
2024.06.14,20:00,3406.21,3426.96,3404.19,3413.32,8534
2024.06.14,21:00,3413.32,3528.93,3411.0,3504.21,37288
2024.06.14,22:00,3504.21,3505.0,3463.08,3485.02,17854
2024.06.14,23:00,3485.02,3490.14,3471.6,3481.8,5734
2024.06.15,00:00,3481.8,3500.85,3478.46,3492.56,10546
2024.06.15,01:00,3492.56,3503.03,3476.9,3477.78,5048
2024.06.15,02:00,3477.78,3489.01,3473.1,3485.0,3571
2024.06.15,03:00,3485.0,3505.01,3485.0,3504.4,7998
2024.06.15,04:00,3504.4,3516.0,3498.29,3509.0,16377
2024.06.15,05:00,3509.0,3529.7,3508.0,3526.91,16609
2024.06.15,06:00,3526.91,3557.81,3526.9,3539.58,24296
2024.06.15,07:00,3539.58,3549.62,3526.5,3529.61,13054
2024.06.15,08:00,3529.61,3540.25,3527.6,3534.5,6601
2024.06.15,09:00,3534.5,3540.8,3519.49,3532.21,10089
2024.06.15,10:00,3532.21,3538.65,3527.8,3538.45,5581
2024.06.15,11:00,3538.45,3542.3,3533.33,3539.4,7592
2024.06.15,12:00,3539.4,3565.88,3537.75,3565.02,14731
2024.06.15,13:00,3565.02,3570.79,3549.3,3569.18,13598
2024.06.15,14:00,3569.18,3569.65,3550.62,3558.03,11035
2024.06.15,15:00,3558.03,3594.39,3556.25,3565.8,26386
